install_date,platform,app_id,campaign,installs,revenue,new_user_revenue,purchase_events
2025-12-08,TikTok+SAN,6746466099,Luma_ios_wcx_aeo_1119_smart++%281849118725316657%29,0,29.99,0,1
2025-12-12,TikTok+SAN,6746466099,Luma_ios_wcx_aeo_1119_smart++%281849118725316657%29,0,34.940000000000005,0,6
2025-12-16,Facebook+Installs,6746782904,Romi+ios_wvv_260501_aeo_1+%28120243842848770517%29,0,14.99,0,1
2025-12-18,Facebook+Installs,6746782904,Expired+Attributions,0,7.98,0,2
2025-12-20,TikTok+SAN,6746466099,Luma_ios_wcx_aeo_1219_smart_1+%281851830610325618%29,3,0,0,0
2025-12-21,TikTok+SAN,6746466099,Luma_ios_wcx_aeo_1119_smart++%281849118725316657%29,0,7.98,0,2
2025-12-22,TikTok+SAN,6746466099,Luma_ios_wcx_aeo_1119_smart++%281849118725316657%29,0,1637.5000000000002,0,50
2025-12-23,TikTok+SAN,6746466099,,1,3.99,0,1
2025-12-26,Facebook+Installs,6746782904,Expired+Attributions,0,55.94,0,6
2025-12-26,Facebook+Installs,6746782904,Romi_ios_zmf_purchase_abo_1225_1+%28120237549515510549%29,0,3.99,0,1
2025-12-26,TikTok+SAN,6746466099,Luma_ios_wcx_aeo_1119_smart++%281849118725316657%29,0,39.99,0,1
2025-12-27,Facebook+Installs,6746782904,Expired+Attributions,0,9.99,0,1
2025-12-27,Facebook+Installs,6746782904,Romi_ios_zmf_purchase_abo_1219_1+%28120237342862230549%29,0,33.97,0,3
2025-12-27,TikTok+SAN,6746466099,Luma_ios_wcx_aeo_1119_smart++%281849118725316657%29,0,315.93,0,7
2025-12-28,Facebook+Installs,6746782904,Expired+Attributions,0,103.93999999999998,0,6
2025-12-28,Facebook+Installs,6746782904,Romi_ios_zmf_purchase_abo_1219_1+%28120237342862230549%29,0,19.99,0,1
2025-12-28,Facebook+Installs,6746782904,Romi_ios_zmf_purchase_abo_1225_1+%28120237549515510549%29,0,71.92,0,8
2025-12-28,Instagram+Installs,6746466099,0219_Luma_iOS_AEO_MCY+%286866373524315%29,2,0,0,0
2025-12-28,Instagram+Installs,6746782904,1226-2-Romi-ios-AEO-zm1+%286939852270968%29,0,94.78999999999998,0,21
2025-12-28,Instagram+Installs,6746782904,Expired+Attributions,0,323.64000000000016,0,36
2025-12-28,Instagram+Installs,6746782904,Romi_ios_zmf_purchase_abo_1224_2+%28120237514076170549%29,0,97.85999999999999,0,14
2025-12-28,TikTok+SAN,6746466099,Luma_ios_wcx_aeo_1119_smart++%281849118725316657%29,0,9.99,0,1
2025-12-29,Instagram+Installs,6746466099,0423-1-Luma-ios-VO-cbo-zm1+%286944142889643%29,0,13.98,0,2
2025-12-29,TikTok+SAN,6746466099,Luma_ios_wcx_aeo_1225_smart++%281852385308106114%29,0,19.950000000000003,0,5
2025-12-30,Facebook+Installs,6746782904,Expired+Attributions,0,9.99,0,1
2025-12-30,Facebook+Installs,6746782904,Romi_ios_zmf_purchase_abo_1230_1+%28120237691664590549%29,0,3.99,0,1
2025-12-31,Facebook+Installs,6746782904,Expired+Attributions,1,13.98,0,2
2025-12-31,Facebook+Installs,6746782904,Romi_ios_wcx_purchase_abo_1218+%28120237756277630517%29,0,23.97,0,3
2025-12-31,Facebook+Installs,6746782904,Romi_ios_zmf_purchase_abo_1219_1+%28120237342862230549%29,0,17.97,0,3
2025-12-31,Facebook+Installs,6746782904,Romi_ios_zmf_purchase_abo_1224_2+%28120237514076170549%29,0,23.940000000000005,0,6
2025-12-31,TikTok+SAN,6746466099,Luma_ios_wcx_aeo_1119_smart++%281849118725316657%29,0,27.930000000000007,0,7
2026-01-01,Facebook+Installs,6746782904,Romi_ios_zmf_purchase_abo_1219_1+%28120237342862230549%29,0,15.96,0,4
2026-01-01,Facebook+Installs,6746782904,Romi_ios_zmf_purchase_abo_1220_2+%28120237379165400549%29,0,9.99,0,1
2026-01-01,Instagram+Installs,6746782904,3.14+AEOc+cbo+cyl+%28120241002174210475%29,0,13.98,0,2
2026-01-01,Instagram+Installs,6746782904,Expired+Attributions,0,59.85000000000002,0,15
2026-01-01,Instagram+Installs,6746782904,Romi_ios_zmf_purchase_abo_1219_1+%28120237342862230549%29,0,11.97,0,3
2026-01-02,Facebook+Installs,6746782904,Romi_ios_wcx_purchase_abo_1218+%28120237756277630517%29,0,47.88000000000002,0,12
2026-01-02,Instagram+Installs,6746782904,Romi_ios_zmf_purchase_abo_1220_2+%28120237379165400549%29,0,29.97,0,3
2026-01-02,Instagram+Installs,6746782904,Romi_ios_zmf_purchase_abo_1224_2+%28120237514076170549%29,0,49.980000000000004,0,2
2026-01-02,Instagram+Installs,6746782904,Romi_ios_zmf_purchase_abo_1230_1+%28120237691664590549%29,0,59.959999999999994,0,4
2026-01-02,TikTok+SAN,6746466099,Luma_ios_wcx_aeo_1119_smart++%281849118725316657%29,0,119.73999999999994,0,26
2026-01-03,Facebook+Installs,6746782904,Expired+Attributions,0,193.89,0,11
2026-01-03,Facebook+Installs,6746782904,Romi_ios_zmf_purchase_abo_1224_2+%28120237514076170549%29,0,411.7700000000001,0,23
2026-01-03,Instagram+Installs,6746782904,Expired+Attributions,0,107.92999999999998,0,7
2026-01-03,Instagram+Installs,6746782904,Romi_ios_zmf_purchase_abo_1220_2+%28120237379165400549%29,0,39.98,0,2
2026-01-04,Facebook+Installs,6746782904,Expired+Attributions,0,7.98,0,2
2026-01-04,Facebook+Installs,6746782904,Romi_ios_wcx_purchase_abo_1218+%28120237756277630517%29,0,131.7899999999999,0,21
2026-01-04,TikTok+SAN,6746466099,Luma_ios_wcx_aeo_1119_smart++%281849118725316657%29,0,9.99,0,1
2026-01-05,Facebook+Installs,6746782904,1226-2-Romi-ios-AEO-zm1+%286939852270968%29,0,99.99,0,1
2026-01-05,Facebook+Installs,6746782904,Expired+Attributions,0,123.96,0,4
2026-01-05,Facebook+Installs,6746782904,Romi_ios_zmf_purchase_abo_1220_2+%28120237379165400549%29,0,69.96,0,4
2026-01-05,Instagram+Installs,6746782904,Romi_ios_zmf_purchase_abo_1219_1+%28120237342862230549%29,0,11.97,0,3
2026-01-05,TikTok+SAN,6746466099,,1,0,0,0
2026-01-05,TikTok+SAN,6746466099,Luma_ios_AEO_MCY_1224+%281852299072897122%29,0,11.97,0,3
2026-01-05,TikTok+SAN,6746466099,Luma_ios_wcx_aeo_1119_smart++%281849118725316657%29,0,125.85999999999994,0,14
2026-01-06,Facebook+Installs,6746782904,Expired+Attributions,0,69.96,0,4
2026-01-06,Facebook+Installs,6746782904,Romi_ios_wcx_purchase_abo_1218+%28120237756277630517%29,0,269.86,0,14
2026-01-06,Instagram+Installs,6746782904,Romi_ios_wcx_purchase_abo_1218+%28120237756277630517%29,0,3.99,0,1
2026-01-06,TikTok+SAN,6746466099,Luma_ios_wcx_aeo_1119_smart++%281849118725316657%29,0,63.840000000000025,0,16
2026-01-07,Instagram+Installs,6746782904,Romi_ios_zmf_purchase_abo_1219_1+%28120237342862230549%29,2,15.96,0,4
2026-01-07,TikTok+SAN,6746466099,Luma_ios_AEO_MCY_0113_s%2B+%281854195157498098%29,0,7.98,0,2
2026-01-08,Facebook+Installs,6746782904,Romi_ios_zmf_purchase_abo_1219_1+%28120237342862230549%29,0,85.82999999999998,0,17
2026-01-08,Instagram+Installs,6746782904,Romi_ios_wcx_purchase_abo_1218+%28120237756277630517%29,0,3.99,0,1
2026-01-08,TikTok+SAN,6746466099,Luma_ios_wcx_aeo_1119_smart++%281849118725316657%29,0,70.91000000000001,0,9
2026-01-09,Facebook+Installs,6746782904,1226-2-Romi-ios-AEO-zm1+%286939852270968%29,0,49.92000000000001,0,8
2026-01-09,Facebook+Installs,6746782904,Romi_ios_zmf_purchase_abo_1225_1+%28120237549515510549%29,0,19.99,0,1
2026-01-09,Instagram+Installs,6746782904,Romi_ios_wcx_purchase_abo_1218+%28120237756277630517%29,0,151.82999999999998,0,17
2026-01-10,Facebook+Installs,6746782904,Expired+Attributions,0,13.98,0,2
2026-01-10,Facebook+Installs,6746782904,Romi_ios_wcx_purchase_abo_1218+%28120237756277630517%29,0,321.87,0,13
2026-01-10,Instagram+Installs,6746782904,1226-2-Romi-ios-AEO-zm1+%286939852270968%29,1,0,0,0
2026-01-10,Instagram+Installs,6746782904,Expired+Attributions,0,18.98,0,2
2026-01-10,Instagram+Installs,6746782904,Romi_ios_wcx_purchase_abo_1218+%28120237756277630517%29,0,7.98,0,2
2026-01-11,Facebook+Installs,6746782904,1226-2-Romi-ios-AEO-zm1+%286939852270968%29,0,113.90999999999997,0,9
2026-01-11,Facebook+Installs,6746782904,Expired+Attributions,0,409.91,0,9
2026-01-11,Facebook+Installs,6746782904,Romi_ios_wcx_purchase_abo_1218+%28120237756277630517%29,0,169.9,0,10
2026-01-11,Facebook+Installs,6746782904,Romi_ios_zmf_purchase_abo_1219_1+%28120237342862230549%29,0,199.98,0,2
2026-01-11,TikTok+SAN,6746466099,Luma_ios_wcx_aeo_1225_smart++%281852385308106114%29,0,197.79000000000005,0,21
2026-01-12,Facebook+Installs,6746782904,0108-Romi-ios-AEO-zm1+%286944381583168%29,0,159.96,0,4
2026-01-12,Facebook+Installs,6746782904,1226-2-Romi-ios-AEO-zm1+%286939852270968%29,0,9.99,0,1
2026-01-12,Facebook+Installs,6746782904,Expired+Attributions,0,19.99,0,1
2026-01-12,Instagram+Installs,6746466099,Luma+iOS_cy1_260529_aeo+%28120246299865950256%29,0,67.95,0,5
2026-01-13,Facebook+Installs,6746782904,1226-2-Romi-ios-AEO-zm1+%286939852270968%29,0,14.99,0,1
2026-01-13,Facebook+Installs,6746782904,Romi_ios_zmf_purchase_abo_1220_2+%28120237379165400549%29,0,33.97,0,3
2026-01-14,Facebook+Installs,6746782904,Romi_ios_zmf_purchase_abo_1225_1+%28120237549515510549%29,0,7.98,0,2
2026-01-14,Instagram+Installs,6746782904,1226-2-Romi-ios-AEO-zm1+%286939852270968%29,0,11.97,0,3
2026-01-14,Instagram+Installs,6746782904,2.5+VOc+cbo+cyl+%28120239548238520475%29,0,39.98,0,2
2026-01-14,TikTok+SAN,6746466099,Luma_ios_wcx_aeo_1119_smart++%281849118725316657%29,0,99.97,0,3
2026-01-15,Facebook+Installs,6746782904,1226-2-Romi-ios-AEO-zm1+%286939852270968%29,0,131.91,0,9
2026-01-15,Instagram+Installs,6746782904,Romi_ios_zmf_purchase_abo_1219_1+%28120237342862230549%29,0,29.979999999999997,0,2
2026-01-15,Instagram+Installs,6746782904,Romi_ios_zmf_purchase_abo_1225_1+%28120237549515510549%29,0,51.87000000000002,0,13
2026-01-15,TikTok+SAN,6746466099,Luma_ios_wcx_aeo_1119_smart++%281849118725316657%29,0,129.85,0,15
2026-01-16,Facebook+Installs,6746782904,1226-2-Romi-ios-AEO-zm1+%286939852270968%29,0,7.98,0,2
2026-01-16,Instagram+Installs,6746782904,1226-2-Romi-ios-AEO-zm1+%286939852270968%29,0,867.5600000000003,0,44
2026-01-16,Instagram+Installs,6746782904,Romi_ios_zmf_purchase_abo_1219_1+%28120237342862230549%29,2,0,0,0
2026-01-16,Instagram+Installs,6746782904,Romi_ios_zmf_purchase_abo_1225_1+%28120237549515510549%29,0,35.91000000000001,0,9
2026-01-16,TikTok+SAN,6746466099,Luma_ios_wcx_aeo_1225_smart++%281852385308106114%29,0,61.92000000000001,0,8
2026-01-17,Facebook+Installs,6746782904,0108-Romi-ios-AEO-zm1+%286944381583168%29,0,3.99,0,1
2026-01-17,Facebook+Installs,6746782904,1226-2-Romi-ios-AEO-zm1+%286939852270968%29,0,3.99,0,1
2026-01-17,TikTok+SAN,6746466099,Luma_ios_wcx_aeo_1119_smart++%281849118725316657%29,0,3.99,0,1
2026-01-18,Facebook+Installs,6746782904,1.17+AEOccyl+%28120238855305610475%29,0,57.910000000000004,0,9
2026-01-18,Facebook+Installs,6746782904,Romi_ios_wcx_purchase_abo_1218+%28120237756277630517%29,0,47.88000000000002,0,12
2026-01-18,Instagram+Installs,6746782904,Romi_ios_wcx_purchase_abo_1218+%28120237756277630517%29,0,49.890000000000015,0,11
2026-01-18,TikTok+SAN,6746466099,Luma_ios_wcx_aeo_1225_smart++%281852385308106114%29,0,27.97,0,3
2026-01-19,Facebook+Installs,6746782904,0110-Romi-ios-AEO-zm1+%286945352791568%29,0,79.92,0,8
2026-01-19,Facebook+Installs,6746782904,1226-2-Romi-ios-AEO-zm1+%286939852270968%29,0,171.83000000000007,0,17
2026-01-19,Facebook+Installs,6746782904,Romi_ios_zmf_purchase_abo_1224_2+%28120237514076170549%29,0,529.7700000000001,0,23
2026-01-19,Instagram+Installs,6746782904,1226-2-Romi-ios-AEO-zm1+%286939852270968%29,0,23.940000000000005,0,6
2026-01-19,Instagram+Installs,6746782904,Romi+iOS_syh_260416_VO+%28120242388498510055%29,1,0,0,0
2026-01-19,TikTok+SAN,6746466099,0308-lhtt-Luma+%2F%2Fs%2B+cj+01+%281859058231308689%29,0,37.92000000000001,0,8
2026-01-19,TikTok+SAN,6746466099,Luma_ios_wcx_aeo_1225_smart++%281852385308106114%29,0,339.69000000000017,0,31
2026-01-20,Facebook+Installs,6746782904,1226-2-Romi-ios-AEO-zm1+%286939852270968%29,0,3.99,0,1
2026-01-20,Facebook+Installs,6746782904,Romi_ios_wcx_purchase_abo_1218+%28120237756277630517%29,0,11.97,0,3
2026-01-20,Facebook+Installs,6746782904,Romi_ios_zmf_purchase_abo_1219_1+%28120237342862230549%29,0,3.99,0,1
2026-01-20,Facebook+Installs,6746782904,Romi_ios_zmf_purchase_abo_1224_2+%28120237514076170549%29,0,65.91000000000001,0,9
2026-01-20,Instagram+Installs,6746782904,1226-2-Romi-ios-AEO-zm1+%286939852270968%29,0,31.92000000000001,0,8
2026-01-20,Instagram+Installs,6746782904,Romi_ios_wcx_purchase_abo_1218+%28120237756277630517%29,0,877.4600000000004,0,54
2026-01-21,Facebook+Installs,6746782904,1.17+AEOccyl+%28120238855305610475%29,0,19.950000000000003,0,5
2026-01-21,Facebook+Installs,6746782904,1226-2-Romi-ios-AEO-zm1+%286939852270968%29,0,2367.6399999999994,0,36
2026-01-21,Facebook+Installs,6746782904,Romi_ios_wcx_purchase_abo_1218+%28120237756277630517%29,0,91.82999999999998,0,17
2026-01-21,Instagram+Installs,6746782904,0110-Romi-ios-AEO-zm1+%286945352791568%29,0,19.98,0,2
2026-01-21,Instagram+Installs,6746782904,1.17+VOc+cyl+%28120238855398610475%29,0,93.92999999999999,0,7
2026-01-21,Instagram+Installs,6746782904,Romi_ios_zmf_purchase_abo_1219_1+%28120237342862230549%29,0,411.7700000000001,0,23
2026-01-21,TikTok+SAN,6746466099,Luma_ios_wcx_aeo_1119_smart++%281849118725316657%29,0,41.91000000000001,0,9
2026-01-22,Facebook+Installs,6746782904,0110-Romi-ios-AEO-zm1+%286945352791568%29,1,0,0,0
2026-01-22,Facebook+Installs,6746782904,1226-2-Romi-ios-AEO-zm1+%286939852270968%29,0,19.99,0,1
2026-01-22,Facebook+Installs,6746782904,Romi_ios_wcx_purchase_abo_1218+%28120237756277630517%29,0,7.98,0,2
2026-01-22,TikTok+SAN,6746466099,Luma_ios_AEO_MCY_0113_s%2B+%281854195157498098%29,0,53.940000000000005,0,6
2026-01-22,TikTok+SAN,6746466099,Luma_ios_wcx_aeo_0120_smart++%281854726038819057%29,0,49.959999999999994,0,4
2026-01-23,Facebook+Installs,6746782904,0108-Romi-ios-AEO-zm1+%286944381583168%29,1,0,0,0
2026-01-23,Facebook+Installs,6746782904,Romi_ios_wcx_purchase_abo_1218+%28120237756277630517%29,0,29.979999999999997,0,2
2026-01-23,Instagram+Installs,6746782904,1.17+AEOccyl+%28120238855305610475%29,0,3.99,0,1
2026-01-23,TikTok+SAN,6746466099,Luma_ios_wcx_aeo_1225_smart++%281852385308106114%29,0,131.75999999999996,0,24
2026-01-24,Facebook+Installs,6746782904,1226-2-Romi-ios-AEO-zm1+%286939852270968%29,0,15.96,0,4
2026-01-24,Facebook+Installs,6746782904,3.14+AEOc+cbo+cyl+%28120241002174210475%29,0,3.99,0,1
2026-01-24,Instagram+Installs,6746782904,1.17+VOc+cyl+%28120238855398610475%29,0,855.6300000000002,0,37
2026-01-24,Instagram+Installs,6746782904,Romi_ios_wcx_purchase_abo_0124+%28120239089996970517%29,0,45.90000000000001,0,10
2026-01-24,TikTok+SAN,6746466099,Luma_ios_AEO_MCY_0123_s%2B_1+%281855124652018722%29,0,249.86000000000004,0,14
2026-01-24,TikTok+SAN,6746466099,Luma_ios_wcx_aeo_0324_smart_1830+%281860538871390433%29,0,3.99,0,1
2026-01-24,TikTok+SAN,6746466099,Luma_ios_wcx_aeo_1119_smart++%281849118725316657%29,0,19.98,0,2
2026-01-24,TikTok+SAN,6746466099,Luma_ios_wcx_aeo_1225_smart++%281852385308106114%29,0,509.8400000000001,0,16
2026-01-25,Facebook+Installs,6746782904,0110-Romi-ios-AEO-zm1+%286945352791568%29,0,161.81,0,19
2026-01-25,Facebook+Installs,6746782904,1.17+VOc+cyl+%28120238855398610475%29,1,153.91,0,9
2026-01-25,Facebook+Installs,6746782904,1226-2-Romi-ios-AEO-zm1+%286939852270968%29,0,27.930000000000007,0,7
2026-01-25,Facebook+Installs,6746782904,Romi_ios_wcx_purchase_abo_1218+%28120237756277630517%29,0,19.98,0,2
2026-01-25,Instagram+Installs,6746782904,1.17+VOc+cyl+%28120238855398610475%29,0,369.6100000000002,0,39
2026-01-25,Instagram+Installs,6746782904,Romi_ios_wcx_purchase_abo_1218+%28120237756277630517%29,0,93.96999999999998,0,3
2026-01-25,TikTok+SAN,6746466099,Luma_ios_wcx_aeo_0120_smart++%281854726038819057%29,0,7.98,0,2
2026-01-25,TikTok+SAN,6746466099,Luma_ios_wcx_aeo_0120_smart_02+%281854728351163506%29,0,11.97,0,3
2026-01-25,TikTok+SAN,6746466099,Luma_ios_wcx_aeo_1225_smart++%281852385308106114%29,0,59.85000000000002,0,15
2026-01-26,Facebook+Installs,6746466099,Luma_ios_zmf_abo_1220_2+%286945556930012%29,1,0,0,0
2026-01-26,Facebook+Installs,6746782904,1.17+VOc+cyl+%28120238855398610475%29,1,3.99,0,1
2026-01-26,Facebook+Installs,6746782904,Romi+iOS_syh_260416_VO+%28120242388498510055%29,0,3.99,0,1
2026-01-26,Facebook+Installs,6746782904,Romi_ios_zmf_vo_cbo_0319_2+%28120243482931960228%29,0,3.99,0,1
2026-01-26,Instagram+Installs,6746782904,1.17+VOc+cyl+%28120238855398610475%29,1,7.98,0,2
2026-01-26,Instagram+Installs,6746782904,Romi_ios_wcx_purchase_abo_1218+%28120237756277630517%29,0,119.92999999999998,0,7
2026-01-26,Instagram+Installs,6746782904,Romi_ios_zmf_purchase_abo_1225_1+%28120237549515510549%29,0,29.97,0,3
2026-01-26,TikTok+SAN,6746466099,Luma_ios_AEO_MCY_0113_s%2B+%281854195157498098%29,0,19.950000000000003,0,5
2026-01-26,TikTok+SAN,6746466099,Luma_ios_wcx_aeo_0120_smart++%281854726038819057%29,0,83.82,0,18
2026-01-27,Facebook+Installs,6746782904,0124-Romi-ios-VO-zm+%286950301809168%29,0,107.84999999999998,0,15
2026-01-27,Facebook+Installs,6746782904,1.17+VOc+cyl+%28120238855398610475%29,0,7.98,0,2
2026-01-27,Facebook+Installs,6746782904,1226-2-Romi-ios-AEO-zm1+%286939852270968%29,0,3.99,0,1
2026-01-27,Instagram+Installs,6746782904,1.17+AEOccyl+%28120238855305610475%29,0,15.96,0,4
2026-01-27,Instagram+Installs,6746782904,1.17+VOc+cyl+%28120238855398610475%29,0,39.99,0,1
2026-01-27,Instagram+Installs,6746782904,Romi_ios_wcx_purchase_abo_1218+%28120237756277630517%29,0,147.91,0,9
2026-01-27,TikTok+SAN,6746466099,,1,0,0,0
2026-01-28,Facebook+Installs,6746782904,0110-Romi-ios-AEO-zm1+%286945352791568%29,0,13.98,0,2
2026-01-28,Facebook+Installs,6746782904,1.17+AEOccyl+%28120238855305610475%29,0,11.97,0,3
2026-01-28,Facebook+Installs,6746782904,1.17+VOc+cyl+%28120238855398610475%29,0,111.71999999999997,0,28
2026-01-28,Facebook+Installs,6746782904,1226-2-Romi-ios-AEO-zm1+%286939852270968%29,0,93.83999999999999,0,16
2026-01-28,Facebook+Installs,6746782904,Romi_ios_zmf_purchase_abo_1219_1+%28120237342862230549%29,0,23.940000000000005,0,6
2026-01-28,Facebook+Installs,6746782904,Romi_ios_zmf_purchase_abo_1220_2+%28120237379165400549%29,0,33.96,0,4
2026-01-28,Instagram+Installs,6746782904,1.17+VOc+cyl+%28120238855398610475%29,0,165.60000000000002,0,40
2026-01-28,Instagram+Installs,6746782904,3.14+AEOc+cbo+cyl+%28120241002174210475%29,1,0,0,0
2026-01-28,TikTok+SAN,6746466099,Luma_ios_wcx_aeo_0124_smart_01+%281855102206704673%29,0,127.67999999999995,0,32
2026-01-29,Facebook+Installs,6746782904,0108-Romi-ios-AEO-zm1+%286944381583168%29,0,39.93000000000001,0,7
2026-01-29,Facebook+Installs,6746782904,0110-Romi-ios-AEO-zm1+%286945352791568%29,0,125.81999999999996,0,18
2026-01-29,Facebook+Installs,6746782904,1.17+VOc+cyl+%28120238855398610475%29,0,225.68000000000015,0,32
2026-01-29,Facebook+Installs,6746782904,Romi_ios_wcx_purchase_abo_1218+%28120237756277630517%29,0,14.99,0,1
2026-01-29,Instagram+Installs,6746782904,Romi_ios_wcx_purchase_abo_1218+%28120237756277630517%29,0,81.87,0,13
2026-01-30,Facebook+Installs,6746782904,0124-Romi-ios-VO-zm+%286950301809168%29,0,123.68999999999996,0,31
2026-01-30,Facebook+Installs,6746782904,0513-Romi-ios-AEO-abo-zm1+%286941788247044%29,0,3.99,0,1
2026-01-30,Facebook+Installs,6746782904,Romi_ios_wcx_purchase_abo_1218+%28120237756277630517%29,0,39.97,0,3
2026-01-30,Instagram+Installs,6746782904,Romi_ios_wcx_purchase_abo_1218+%28120237756277630517%29,1,0,0,0
2026-01-30,Instagram+Installs,6746782904,Romi_ios_zmf_purchase_abo_1219_1+%28120237342862230549%29,0,27.930000000000007,0,7
2026-01-30,Off-Facebook+Installs,6746782904,Romi_ios_wcx_purchase_abo_1218+%28120237756277630517%29,0,15.96,0,4
2026-01-30,TikTok+SAN,6746466099,,0,135.65999999999997,0,34
2026-01-30,TikTok+SAN,6746466099,Luma_ios_AEO_MCY_0113_s%2B+%281854195157498098%29,0,159.96,0,4
2026-01-30,TikTok+SAN,6746466099,Luma_ios_wcx_aeo_0120_smart_02+%281854728351163506%29,0,71.82000000000002,0,18
2026-01-30,TikTok+SAN,6746466099,Luma_ios_wcx_aeo_1225_smart++%281852385308106114%29,1,0,0,0
2026-01-31,Facebook+Installs,6746782904,5.13+VOc+cyl+%28120244392044050475%29,0,7.98,0,2
2026-01-31,Facebook+Installs,6746782904,Romi_ios_wcx_purchase_abo_1218+%28120237756277630517%29,0,105.80999999999999,0,19
2026-01-31,Facebook+Installs,6746782904,Romi_ios_zmf_purchase_abo_1219_1+%28120237342862230549%29,0,15.96,0,4
2026-01-31,Facebook+Installs,6746782904,Romi_ios_zmf_vo_0129_1+%28120238944511480549%29,0,43.890000000000015,0,11
2026-01-31,TikTok+SAN,6746466099,,0,79.96,0,4
2026-01-31,TikTok+SAN,6746466099,+%281854728351163506%29,0,3.99,0,1
2026-01-31,TikTok+SAN,6746466099,Luma_ios_AEO_MCY_0113_s%2B+%281854195157498098%29,0,23.97,0,3
2026-01-31,TikTok+SAN,6746466099,Luma_ios_wcx_aeo_0120_smart_02+%281854728351163506%29,0,21.96,0,4
2026-01-31,TikTok+SAN,6746466099,Luma_ios_wcx_aeo_1119_smart++%281849118725316657%29,0,715.6200000000002,0,38
2026-02-01,Facebook+Installs,6746782904,1.17+VOc+cyl+%28120238855398610475%29,0,107.72999999999998,0,27
2026-02-01,Facebook+Installs,6746782904,1226-2-Romi-ios-AEO-zm1+%286939852270968%29,0,121.90999999999997,0,9
2026-02-01,Facebook+Installs,6746782904,Romi+iOS_syh_260416_AEO+%28120242387409150055%29,0,39.90000000000001,0,10
2026-02-01,Facebook+Installs,6746782904,Romi_ios_wcx_purchase_abo_0120+%28120238950607240517%29,0,3.99,0,1
2026-02-01,Facebook+Installs,6746782904,Romi_ios_wcx_purchase_abo_1218+%28120237756277630517%29,0,383.19000000000057,0,81
2026-02-01,Facebook+Installs,6746782904,Romi_ios_zmf_purchase_abo_1219_1+%28120237342862230549%29,0,77.85000000000001,0,15
2026-02-01,Facebook+Installs,6746782904,Romi_ios_zmf_purchase_abo_1220_2+%28120237379165400549%29,0,91.89,0,11
2026-02-01,Facebook+Installs,6746782904,Romi_ios_zmf_purchase_abo_1225_1+%28120237549515510549%29,0,3.99,0,1
2026-02-01,TikTok+SAN,6746466099,,0,131.83999999999997,0,16
2026-02-01,TikTok+SAN,6746466099,Luma_ios_wcx_aeo_0120_smart_02+%281854728351163506%29,0,7.98,0,2
2026-02-01,TikTok+SAN,6746466099,Luma_ios_wcx_aeo_1119_smart++%281849118725316657%29,0,3.99,0,1
2026-02-01,TikTok+SAN,6746466099,Luma_ios_wcx_aeo_1225_smart++%281852385308106114%29,0,35.91000000000001,0,9
2026-02-02,Facebook+Installs,6746782904,1226-2-Romi-ios-AEO-zm1+%286939852270968%29,0,15.96,0,4
2026-02-02,Facebook+Installs,6746782904,Romi_ios_wcx_purchase_abo_0124+%28120239089996970517%29,0,112.82,0,18
2026-02-02,Facebook+Installs,6746782904,Romi_ios_wcx_purchase_abo_1218+%28120237756277630517%29,0,430.92000000000064,0,108
2026-02-02,Facebook+Installs,6746782904,Romi_ios_zmf_purchase_abo_1219_1+%28120237342862230549%29,0,17.97,0,3
2026-02-02,Instagram+Installs,6746782904,0110-Romi-ios-AEO-zm1+%286945352791568%29,0,189.80000000000004,0,20
2026-02-02,TikTok+SAN,6746466099,Luma_ios_wcx_aeo_0120_smart++%281854726038819057%29,0,59.88000000000002,0,12
2026-02-02,TikTok+SAN,6746466099,Luma_ios_wcx_aeo_0120_smart_02+%281854728351163506%29,1,107.96999999999998,0,3
2026-02-02,TikTok+SAN,6746466099,Luma_ios_wcx_aeo_1119_smart++%281849118725316657%29,0,163.72000000000003,0,28
2026-02-02,TikTok+SAN,6746466099,Luma_ios_wcx_aeo_1225_smart++%281852385308106114%29,0,19.99,0,1
2026-02-02,TikTok+SAN,6746466099,Luma_ios_wcx_vo_0131_smart+%281855723359815698%29,0,461.77000000000015,0,23
2026-02-03,Facebook+Installs,6746782904,1.17+AEOccyl+%28120238855305610475%29,0,85.89,0,11
2026-02-03,Facebook+Installs,6746782904,1226-2-Romi-ios-AEO-zm1+%286939852270968%29,0,47.88000000000002,0,12
2026-02-03,Facebook+Installs,6746782904,Romi_ios_zmf_purchase_abo_1220_2+%28120237379165400549%29,0,67.94,0,6
2026-02-03,Facebook+Installs,6746782904,Romi_ios_zmf_purchase_abo_1225_1+%28120237549515510549%29,0,13.98,0,2
2026-02-03,TikTok+SAN,6746466099,,0,209.89000000000001,0,11
2026-02-03,TikTok+SAN,6746466099,Luma_ios_wcx_aeo_0120_smart_02+%281854728351163506%29,0,195.73,0,27
2026-02-03,TikTok+SAN,6746466099,Luma_ios_wcx_aeo_1119_smart++%281849118725316657%29,0,167.91000000000003,0,9
2026-02-04,Facebook+Installs,6746782904,0108-Romi-ios-AEO-zm1+%286944381583168%29,0,49.97,0,3
2026-02-04,Facebook+Installs,6746782904,1.17+AEOccyl+%28120238855305610475%29,0,47.940000000000005,0,6
2026-02-04,Facebook+Installs,6746782904,1226-2-Romi-ios-AEO-zm1+%286939852270968%29,0,39.94,0,6
2026-02-04,Facebook+Installs,6746782904,Romi_ios_wcx_purchase_abo_1218+%28120237756277630517%29,0,3.99,0,1
2026-02-04,Facebook+Installs,6746782904,Romi_ios_zmf_purchase_abo_1219_1+%28120237342862230549%29,1,15.96,0,4
2026-02-04,Facebook+Installs,6746782904,Romi_ios_zmf_purchase_abo_1220_2+%28120237379165400549%29,0,3.99,0,1
2026-02-04,Instagram+Installs,6746782904,0204-Romi-ios-VO-zm1+%286953751189968%29,0,23.97,0,3
2026-02-04,Instagram+Installs,6746782904,1.17+AEOccyl+%28120238855305610475%29,0,69.99,0,1
2026-02-04,Instagram+Installs,6746782904,1.17+VOc+cyl+%28120238855398610475%29,0,19.99,0,1
2026-02-04,TikTok+SAN,6746466099,Luma_ios_AEO_MCY_0123_s%2B_1+%281855124652018722%29,0,7.98,0,2
2026-02-04,TikTok+SAN,6746466099,Luma_ios_wcx_aeo_0120_smart_02+%281854728351163506%29,2,65.88000000000001,0,12
2026-02-04,TikTok+SAN,6746466099,Luma_ios_wcx_aeo_1119_smart++%281849118725316657%29,0,43.890000000000015,0,11
2026-02-05,Facebook+Installs,6746466099,Luma+ios_zjc_20260502_AEO_1+%28120244337810030256%29,1,0,0,0
2026-02-05,Facebook+Installs,6746782904,1226-2-Romi-ios-AEO-zm1+%286939852270968%29,0,101.88,0,12
2026-02-05,Facebook+Installs,6746782904,Romi_ios_wcx_purchase_abo_1218+%28120237756277630517%29,2,0,0,0
2026-02-05,Facebook+Installs,6746782904,Romi_ios_zmf_purchase_abo_1219_1+%28120237342862230549%29,0,39.98,0,2
2026-02-05,Facebook+Installs,6746782904,Romi_ios_zmf_purchase_abo_1225_1+%28120237549515510549%29,0,25.950000000000003,0,5
2026-02-05,TikTok+SAN,6746466099,,0,57.87000000000002,0,13
2026-02-05,TikTok+SAN,6746466099,Luma_ios_wcx_aeo_0120_smart_02+%281854728351163506%29,0,279.83000000000004,0,17
2026-02-05,TikTok+SAN,6746466099,Luma_ios_wcx_aeo_1119_smart++%281849118725316657%29,0,67.86000000000001,0,14
2026-02-05,TikTok+SAN,6746466099,Luma_ios_wcx_aeo_1225_smart++%281852385308106114%29,0,35.91000000000001,0,9
2026-02-06,Facebook+Installs,6746782904,1.17+AEOccyl+%28120238855305610475%29,0,75.81000000000002,0,19
2026-02-06,Facebook+Installs,6746782904,1226-2-Romi-ios-AEO-zm1+%286939852270968%29,0,45.90000000000001,0,10
2026-02-06,Facebook+Installs,6746782904,2.5+VOc+cbo+cyl+%28120239548238520475%29,0,3.99,0,1
2026-02-06,Facebook+Installs,6746782904,Romi_ios_zmf_purchase_abo_1219_1+%28120237342862230549%29,0,3.99,0,1
2026-02-06,Instagram+Installs,6746782904,1.17+VOc+cyl+%28120238855398610475%29,0,496.80000000000075,0,120
2026-02-06,Instagram+Installs,6746782904,2.5+VOc+cbo+cyl+%28120239548238520475%29,0,219.5700000000001,0,43
2026-02-06,TikTok+SAN,6746466099,Luma_ios_AEO_MCY_0113_s%2B+%281854195157498098%29,0,115.80999999999997,0,19
2026-02-07,Facebook+Installs,6746782904,1226-2-Romi-ios-AEO-zm1+%286939852270968%29,0,19.99,0,1
2026-02-07,Facebook+Installs,6746782904,Romi_ios_zmf_purchase_abo_1220_2+%28120237379165400549%29,0,3.99,0,1
2026-02-07,Instagram+Installs,6746782904,0108-Romi-ios-AEO-zm1+%286944381583168%29,0,123.90999999999998,0,9
2026-02-07,Instagram+Installs,6746782904,0204-Romi-ios-VO-zm1+%286953751189968%29,1,0,0,0
2026-02-07,Instagram+Installs,6746782904,1.17+AEOccyl+%28120238855305610475%29,0,299.89000000000004,0,11
2026-02-07,TikTok+SAN,6746466099,Luma_ios_AEO_MCY_0113_s%2B+%281854195157498098%29,0,1076.610000000001,0,139
2026-02-07,TikTok+SAN,6746466099,Luma_ios_wcx_aeo_0120_smart_02+%281854728351163506%29,0,3.99,0,1
2026-02-07,TikTok+SAN,6746466099,Luma_ios_wcx_aeo_1225_smart++%281852385308106114%29,0,3.99,0,1
2026-02-08,Facebook+Installs,6746782904,0110-Romi-ios-AEO-zm1+%286945352791568%29,0,3.99,0,1
2026-02-08,Facebook+Installs,6746782904,1226-2-Romi-ios-AEO-zm1+%286939852270968%29,0,73.94,0,6
2026-02-08,Facebook+Installs,6746782904,2.5+VOc+cbo+cyl+%28120239548238520475%29,0,103.97999999999999,0,2
2026-02-08,Facebook+Installs,6746782904,Romi_ios_zmf_purchase_abo_1219_1+%28120237342862230549%29,0,49.93000000000001,0,7
2026-02-08,Facebook+Installs,6746782904,Romi_ios_zmf_purchase_abo_1225_1+%28120237549515510549%29,0,41.940000000000005,0,6
2026-02-08,Instagram+Installs,6746782904,0108-Romi-ios-AEO-zm1+%286944381583168%29,0,157.9,0,10
2026-02-08,Instagram+Installs,6746782904,1.17+AEOccyl+%28120238855305610475%29,3,193.72,0,28
2026-02-08,TikTok+SAN,6746466099,,1,9.99,0,1
2026-02-08,TikTok+SAN,6746466099,Luma_ios_wcx_aeo_0120_smart++%281854726038819057%29,1,0,0,0
2026-02-08,TikTok+SAN,6746466099,Luma_ios_wcx_aeo_0120_smart_02+%281854728351163506%29,0,216.74000000000004,0,26
2026-02-08,TikTok+SAN,6746466099,Luma_ios_wcx_aeo_1119_smart++%281849118725316657%29,0,3.99,0,1
2026-02-09,Facebook+Installs,6746782904,1226-2-Romi-ios-AEO-zm1+%286939852270968%29,0,87.78,0,22
2026-02-09,Facebook+Installs,6746782904,Romi_ios_wcx_purchase_abo_1218+%28120237756277630517%29,0,63.92,0,8
2026-02-09,Facebook+Installs,6746782904,Romi_ios_zmf_purchase_abo_1225_1+%28120237549515510549%29,0,39.99,0,1
2026-02-09,Instagram+Installs,6746782904,0110-Romi-ios-AEO-zm1+%286945352791568%29,1,7.98,0,2
2026-02-09,Instagram+Installs,6746782904,1.17+VOc+cyl+%28120238855398610475%29,0,145.82999999999998,0,17
2026-02-09,TikTok+SAN,6746466099,Luma_ios_AEO_MCY_0113_s%2B+%281854195157498098%29,0,39.90000000000001,0,10
2026-02-09,TikTok+SAN,6746466099,Luma_ios_wcx_aeo_0120_smart_02+%281854728351163506%29,0,39.98,0,2
2026-02-09,TikTok+SAN,6746466099,Luma_ios_wcx_aeo_1225_smart++%281852385308106114%29,0,9.99,0,1
2026-02-10,Facebook+Installs,6746782904,1.17+AEOccyl+%28120238855305610475%29,0,89.97999999999999,0,2
2026-02-10,Facebook+Installs,6746782904,1226-2-Romi-ios-AEO-zm1+%286939852270968%29,0,397.7300000000001,0,27
2026-02-10,Facebook+Installs,6746782904,Romi_ios_wcx_purchase_abo_1218+%28120237756277630517%29,0,23.940000000000005,0,6
2026-02-10,Facebook+Installs,6746782904,Romi_ios_zmf_purchase_abo_1224_2+%28120237514076170549%29,0,79.96,0,4
2026-02-10,Instagram+Installs,6746782904,0108-Romi-ios-AEO-zm1+%286944381583168%29,0,46.940000000000005,0,6
2026-02-10,Instagram+Installs,6746782904,1.17+VOc+cyl+%28120238855398610475%29,0,285.43000000000023,0,57
2026-02-10,TikTok+SAN,6746466099,Luma_ios_AEO_MCY_0113_s%2B+%281854195157498098%29,0,151.84,0,16
2026-02-10,TikTok+SAN,6746466099,Luma_ios_AEO_MCY_0123_s%2B_1+%281855124652018722%29,0,196.81,0,19
2026-02-10,TikTok+SAN,6746466099,Luma_ios_AEO_MCY_0129_s%2B_1+%281855671836989489%29,0,80.86999999999999,0,13
2026-02-10,TikTok+SAN,6746466099,Luma_ios_wcx_aeo_0120_smart++%281854726038819057%29,0,13.98,0,2
2026-02-10,TikTok+SAN,6746466099,Luma_ios_wcx_aeo_1119_smart++%281849118725316657%29,0,29.99,0,1
2026-02-11,Facebook+Installs,6746782904,1.17+VOc+cyl+%28120238855398610475%29,0,483.76000000000016,0,24
2026-02-11,Facebook+Installs,6746782904,1226-2-Romi-ios-AEO-zm1+%286939852270968%29,0,41.91000000000001,0,9
2026-02-11,Facebook+Installs,6746782904,Romi_ios_zmf_purchase_abo_1224_2+%28120237514076170549%29,0,113.97,0,3
2026-02-11,Facebook+Installs,6746782904,Romi_ios_zmf_purchase_abo_1225_1+%28120237549515510549%29,0,23.940000000000005,0,6
2026-02-11,Instagram+Installs,6746782904,1.17+AEOccyl+%28120238855305610475%29,2,37.97,0,3
2026-02-11,Instagram+Installs,6746782904,1.17+VOc+cyl+%28120238855398610475%29,0,221.94000000000003,0,6
2026-02-11,TikTok+SAN,6746466099,Luma_ios_wcx_aeo_0120_smart_02+%281854728351163506%29,2,27.930000000000007,0,7
2026-02-11,TikTok+SAN,6746466099,Luma_ios_wcx_aeo_0324_smart_1830+%281860538871390433%29,0,113.84999999999998,0,15
2026-02-11,TikTok+SAN,6746466099,Luma_ios_wcx_aeo_1119_smart++%281849118725316657%29,0,31.96,0,4
2026-02-12,Facebook+Installs,6746782904,1.17+VOc+cyl+%28120238855398610475%29,0,609.7500000000001,0,25
2026-02-12,Facebook+Installs,6746782904,1226-2-Romi-ios-AEO-zm1+%286939852270968%29,0,527.2700000000004,0,73
2026-02-12,Facebook+Installs,6746782904,Romi_ios_zmf_purchase_abo_1224_2+%28120237514076170549%29,0,221.84000000000006,0,16
2026-02-12,Instagram+Installs,6746782904,0108-Romi-ios-AEO-zm1+%286944381583168%29,0,9.99,0,1
2026-02-12,Instagram+Installs,6746782904,1.17+AEOccyl+%28120238855305610475%29,0,114.97,0,3
2026-02-12,Instagram+Installs,6746782904,1.17+VOc+cyl+%28120238855398610475%29,0,43.95,0,5
2026-02-12,Instagram+Installs,6746782904,2.5+VOc+cbo+cyl+%28120239548238520475%29,0,77.96999999999998,0,3
2026-02-12,TikTok+SAN,6746466099,,0,635.7500000000009,0,125
2026-02-12,TikTok+SAN,6746466099,Luma_ios_AEO_MCY_0123_s%2B_1+%281855124652018722%29,0,107.91999999999999,0,8
2026-02-12,TikTok+SAN,6746466099,Luma_ios_wcx_aeo_0120_smart_02+%281854728351163506%29,0,45.90000000000001,0,10
2026-02-12,TikTok+SAN,6746466099,Luma_ios_wcx_aeo_0612_smart_3+%281867697912202466%29,1,3.99,0,1
2026-02-12,TikTok+SAN,6746466099,Luma_ios_wcx_aeo_1119_smart++%281849118725316657%29,0,38.93000000000001,0,7
2026-02-12,TikTok+SAN,6746466099,Luma_ios_wcx_aeo_1225_smart++%281852385308106114%29,1,0,0,0
2026-02-13,Facebook+Installs,6746782904,1226-2-Romi-ios-AEO-zm1+%286939852270968%29,0,99.97999999999999,0,2
2026-02-13,Facebook+Installs,6746782904,Romi_ios_zmf_purchase_abo_1225_1+%28120237549515510549%29,0,14.99,0,1
2026-02-13,Facebook+Installs,6746782904,Romi_ios_zmf_purchase_cbo_0212_1+%28120239562436750549%29,0,735.6900000000002,0,31
2026-02-13,Instagram+Installs,6746782904,0108-Romi-ios-AEO-zm1+%286944381583168%29,2,3.99,0,1
2026-02-13,Instagram+Installs,6746782904,1.17+VOc+cyl+%28120238855398610475%29,1,175.84,0,16
2026-02-13,Instagram+Installs,6746782904,2.5+VOc+cbo+cyl+%28120239548238520475%29,0,61.94,0,6
2026-02-13,TikTok+SAN,6746466099,Luma_ios_wcx_aeo_0120_smart_02+%281854728351163506%29,0,155.84,0,16
2026-02-14,Facebook+Installs,6746782904,1.17+VOc+cyl+%28120238855398610475%29,0,52.91000000000001,0,9
2026-02-14,Facebook+Installs,6746782904,1226-2-Romi-ios-AEO-zm1+%286939852270968%29,0,243.85000000000002,0,15
2026-02-14,Facebook+Installs,6746782904,Romi_ios_zmf_purchase_abo_1220_2+%28120237379165400549%29,0,7.98,0,2
2026-02-14,Facebook+Installs,6746782904,Romi_ios_zmf_purchase_abo_1224_2+%28120237514076170549%29,0,11.97,0,3
2026-02-14,Instagram+Installs,6746782904,1.17+AEOccyl+%28120238855305610475%29,0,47.91000000000001,0,9
2026-02-14,Instagram+Installs,6746782904,1.17+VOc+cyl+%28120238855398610475%29,0,25.950000000000003,0,5
2026-02-14,TikTok+SAN,6746466099,Luma_ios_wcx_aeo_1119_smart++%281849118725316657%29,0,19.950000000000003,0,5
2026-02-15,Facebook+Installs,6746782904,0110-Romi-ios-AEO-zm1+%286945352791568%29,0,39.98,0,2
2026-02-15,Facebook+Installs,6746782904,0204-Romi-ios-VO-zm1+%286953751189968%29,0,3.99,0,1
2026-02-15,Facebook+Installs,6746782904,1.17+VOc+cyl+%28120238855398610475%29,0,47.940000000000005,0,6
2026-02-15,Facebook+Installs,6746782904,1226-2-Romi-ios-AEO-zm1+%286939852270968%29,1,0,0,0
2026-02-15,Facebook+Installs,6746782904,Romi_ios_wcx_purchase_abo_1218+%28120237756277630517%29,0,359.82000000000005,0,18
2026-02-15,Facebook+Installs,6746782904,Romi_ios_zmf_purchase_abo_1220_2+%28120237379165400549%29,0,247.38000000000022,0,62
2026-02-15,Facebook+Installs,6746782904,Romi_ios_zmf_purchase_abo_1225_1+%28120237549515510549%29,0,41.940000000000005,0,6
2026-02-15,Instagram+Installs,6746782904,0204-Romi-ios-VO-zm1+%286953751189968%29,0,93.94999999999999,0,5
2026-02-15,Instagram+Installs,6746782904,1.17+VOc+cyl+%28120238855398610475%29,0,14.99,0,1
2026-02-15,Instagram+Installs,6746782904,4.18+VOc+cyl+%28120242759838130475%29,0,3.99,0,1
2026-02-15,TikTok+SAN,6746466099,Luma_ios_AEO_MCY_0113_s%2B+%281854195157498098%29,0,119.98,0,2
2026-02-15,TikTok+SAN,6746466099,Luma_ios_AEO_MCY_0121_s%2B_+%281854916335942977%29,0,19.99,0,1
2026-02-15,TikTok+SAN,6746466099,Luma_ios_AEO_MCY_0123_s%2B_1+%281855124652018722%29,0,3.99,0,1
2026-02-16,Facebook+Installs,6746782904,0204-Romi-ios-VO-zm1+%286953751189968%29,0,147.63,0,37
2026-02-16,Facebook+Installs,6746782904,1.17+VOc+cyl+%28120238855398610475%29,0,19.99,0,1
2026-02-16,Facebook+Installs,6746782904,1226-2-Romi-ios-AEO-zm1+%286939852270968%29,0,155.89000000000001,0,11
2026-02-16,Facebook+Installs,6746782904,Romi_ios_wcx_purchase_abo_0120+%28120238950607240517%29,0,979.83,0,17
2026-02-16,Instagram+Installs,6746782904,1.17+AEOccyl+%28120238855305610475%29,0,19.950000000000003,0,5
2026-02-16,Instagram+Installs,6746782904,1.17+VOc+cyl+%28120238855398610475%29,0,179.97,0,3
2026-02-16,Instagram+Installs,6746782904,Romi+iOS_syh_260416_AEO+%28120242387409150055%29,0,7.98,0,2
2026-02-16,TikTok+SAN,6746466099,Luma_ios_AEO_MCY_0113_s%2B+%281854195157498098%29,0,141.77999999999997,0,22
2026-02-17,Facebook+Installs,6746782904,0110-Romi-ios-AEO-zm1+%286945352791568%29,1,0,0,0
2026-02-17,Facebook+Installs,6746782904,1226-2-Romi-ios-AEO-zm1+%286939852270968%29,0,17.97,0,3
2026-02-17,Facebook+Installs,6746782904,2.5+VOc+cbo+cyl+%28120239548238520475%29,0,69.95,0,5
2026-02-17,Facebook+Installs,6746782904,Romi_ios_wcx_purchase_abo_1218+%28120237756277630517%29,0,199.98,0,2
2026-02-17,Facebook+Installs,6746782904,Romi_ios_zmf_purchase_abo_1225_1+%28120237549515510549%29,0,3.99,0,1
2026-02-17,Facebook+Installs,6746782904,Romi_ios_zmf_purchase_cbo_0212_1+%28120239562436750549%29,0,27.930000000000007,0,7
2026-02-17,Instagram+Installs,6746782904,1.17+AEOccyl+%28120238855305610475%29,0,87.84999999999998,0,15
2026-02-17,Instagram+Installs,6746782904,1.17+VOc+cyl+%28120238855398610475%29,0,9.99,0,1
2026-02-17,TikTok+SAN,6746466099,,0,7.98,0,2
2026-02-18,Facebook+Installs,6746466099,Luma+ios_wvv_20260429_AEO_1+%286908533021715%29,1,0,0,0
2026-02-18,Facebook+Installs,6746782904,0204-Romi-ios-VO-zm1+%286953751189968%29,0,3.99,0,1
2026-02-18,Facebook+Installs,6746782904,1.17+VOc+cyl+%28120238855398610475%29,0,79.98,0,2
2026-02-18,Facebook+Installs,6746782904,1226-2-Romi-ios-AEO-zm1+%286939852270968%29,1,95.85,0,15
2026-02-18,Facebook+Installs,6746782904,3.14+AEOc+cbo+cyl+%28120241002174210475%29,0,3.99,0,1
2026-02-18,Facebook+Installs,6746782904,Romi_ios_wcx_purchase_abo_1218+%28120237756277630517%29,0,33.97,0,3
2026-02-18,Facebook+Installs,6746782904,Romi_ios_zmf_vo_0129_1+%28120238944511480549%29,0,1089.81,0,19
2026-02-18,Facebook+Installs,6746782904,Romi_ios_zmf_vo_cbo_0319_2+%28120243482931960228%29,0,3.99,0,1
2026-02-18,Instagram+Installs,6746782904,1.17+AEOccyl+%28120238855305610475%29,0,39.96,0,4
2026-02-18,Instagram+Installs,6746782904,2.5+VOc+cbo+cyl+%28120239548238520475%29,0,23.97,0,3
2026-02-18,TikTok+SAN,6746466099,Luma_ios_wcx_aeo_0120_smart++%281854726038819057%29,0,9.99,0,1
2026-02-18,TikTok+SAN,6746466099,Luma_ios_wcx_aeo_0120_smart_02+%281854728351163506%29,0,25.950000000000003,0,5
2026-02-18,TikTok+SAN,6746466099,Luma_ios_wcx_aeo_1119_smart++%281849118725316657%29,0,141.82999999999998,0,17
2026-02-18,TikTok+SAN,6746466099,Luma_ios_wcx_aeo_1225_smart++%281852385308106114%29,0,39.93000000000001,0,7
2026-02-19,Facebook+Installs,6746782904,0110-Romi-ios-AEO-zm1+%286945352791568%29,0,319.7100000000001,0,29
2026-02-19,Facebook+Installs,6746782904,0425-Romi-ios-VO-cbo-zm1+%286929615678044%29,1,0,0,0
2026-02-19,Facebook+Installs,6746782904,1226-2-Romi-ios-AEO-zm1+%286939852270968%29,0,13.98,0,2
2026-02-19,Facebook+Installs,6746782904,Romi_ios_zmf_purchase_cbo_0212_1+%28120239562436750549%29,0,363.80000000000007,0,20
2026-02-19,Instagram+Installs,6746782904,0110-Romi-ios-AEO-zm1+%286945352791568%29,0,3.99,0,1
2026-02-19,Instagram+Installs,6746782904,2.5+VOc+cbo+cyl+%28120239548238520475%29,0,587.3100000000004,0,69
2026-02-19,TikTok+SAN,6746466099,,0,19.99,0,1
2026-02-19,TikTok+SAN,6746466099,Luma_ios_wcx_aeo_0120_smart++%281854726038819057%29,0,53.88000000000002,0,12
2026-02-19,TikTok+SAN,6746466099,Luma_ios_wcx_aeo_0120_smart_02+%281854728351163506%29,0,67.86000000000001,0,14
2026-02-19,TikTok+SAN,6746466099,Luma_ios_wcx_aeo_0120_smart_02_0211+%281856809739551841%29,0,23.979999999999997,0,2
2026-02-19,TikTok+SAN,6746466099,Luma_ios_wcx_aeo_1119_smart++%281849118725316657%29,0,149.88,0,12
2026-02-20,Facebook+Installs,6746782904,0110-Romi-ios-AEO-zm1+%286945352791568%29,0,83.79,0,21
2026-02-20,Facebook+Installs,6746782904,0204-Romi-ios-VO-zm1+%286953751189968%29,0,35.91000000000001,0,9
2026-02-20,Facebook+Installs,6746782904,1.17+AEOccyl+%28120238855305610475%29,0,63.840000000000025,0,16
2026-02-20,Facebook+Installs,6746782904,1226-2-Romi-ios-AEO-zm1+%286939852270968%29,0,69.99,0,1
2026-02-20,Facebook+Installs,6746782904,2.5+VOc+cbo+cyl+%28120239548238520475%29,0,167.58000000000004,0,42
2026-02-20,Facebook+Installs,6746782904,Romi_ios_zmf_purchase_abo_1220_2+%28120237379165400549%29,0,399.00000000000057,0,100
2026-02-20,Facebook+Installs,6746782904,Romi_ios_zmf_purchase_abo_1225_1+%28120237549515510549%29,0,31.92000000000001,0,8
2026-02-20,Instagram+Installs,6746782904,1.17+AEOccyl+%28120238855305610475%29,0,495.4500000000004,0,55
2026-02-20,TikTok+SAN,6746466099,,1,39.97,0,3
2026-02-21,Facebook+Installs,6746782904,0110-Romi-ios-AEO-zm1+%286945352791568%29,1,0,0,0
2026-02-21,Facebook+Installs,6746782904,0204-Romi-ios-VO-zm1+%286953751189968%29,0,3.99,0,1
2026-02-21,Facebook+Installs,6746782904,1.17+VOc+cyl+%28120238855398610475%29,0,29.979999999999997,0,2
2026-02-21,Facebook+Installs,6746782904,Romi_ios_wcx_purchase_abo_0212-new+%28120239834919760517%29,0,9.99,0,1
2026-02-21,Facebook+Installs,6746782904,Romi_ios_zmf_purchase_abo_1225_1+%28120237549515510549%29,0,87.89999999999999,0,10
2026-02-21,Instagram+Installs,6746782904,2.5+VOc+cbo+cyl+%28120239548238520475%29,0,14.99,0,1
2026-02-21,TikTok+SAN,6746466099,Luma_ios_AEO_MCY_0113_s%2B+%281854195157498098%29,0,23.940000000000005,0,6
2026-02-21,TikTok+SAN,6746466099,Luma_ios_wcx_aeo_0120_smart_02+%281854728351163506%29,0,15.96,0,4
2026-02-22,Facebook+Installs,6746466099,Luma+iOS_syh_260422_AEO+%28120241407442320137%29,1,0,0,0
2026-02-22,Facebook+Installs,6746782904,1.17+AEOccyl+%28120238855305610475%29,0,3.99,0,1
2026-02-22,Facebook+Installs,6746782904,1.17+VOc+cyl+%28120238855398610475%29,0,29.940000000000005,0,6
2026-02-22,Facebook+Installs,6746782904,2.5+VOc+cbo+cyl+%28120239548238520475%29,0,426.93000000000063,0,107
2026-02-22,Facebook+Installs,6746782904,Romi_ios_zmf_purchase_abo_1225_1+%28120237549515510549%29,0,155.79000000000002,0,21
2026-02-22,Instagram+Installs,6746782904,0108-Romi-ios-AEO-zm1+%286944381583168%29,0,3.99,0,1
2026-02-22,Instagram+Installs,6746782904,0110-Romi-ios-AEO-zm1+%286945352791568%29,0,27.96,0,4
2026-02-22,Instagram+Installs,6746782904,1.17+AEOccyl+%28120238855305610475%29,1,0,0,0
2026-02-22,Instagram+Installs,6746782904,2.5+VOc+cbo+cyl+%28120239548238520475%29,0,95.89999999999998,0,10
2026-02-22,Instagram+Installs,6746782904,3.14+AEOc+cbo+cyl+%28120241002174210475%29,0,3.99,0,1
2026-02-22,TikTok+SAN,6746466099,Luma_ios_AEO_MCY_0113_s%2B+%281854195157498098%29,0,7.98,0,2
2026-02-22,TikTok+SAN,6746466099,Luma_ios_wcx_aeo_0120_smart_02+%281854728351163506%29,2,3.99,0,1
2026-02-22,TikTok+SAN,6746466099,Luma_ios_wcx_aeo_1119_smart++%281849118725316657%29,0,103.92999999999998,0,7
2026-02-23,Facebook+Installs,6746782904,0110-Romi-ios-AEO-zm1+%286945352791568%29,0,29.979999999999997,0,2
2026-02-23,Facebook+Installs,6746782904,0204-Romi-ios-VO-zm1+%286953751189968%29,0,63.970000000000006,0,3
2026-02-23,Facebook+Installs,6746782904,1.17+VOc+cyl+%28120238855398610475%29,0,159.97,0,3
2026-02-23,Facebook+Installs,6746782904,1226-2-Romi-ios-AEO-zm1+%286939852270968%29,0,53.959999999999994,0,4
2026-02-23,Facebook+Installs,6746782904,2.5+VOc+cbo+cyl+%28120239548238520475%29,0,31.92000000000001,0,8
2026-02-23,Facebook+Installs,6746782904,Romi_ios_wcx_purchase_abo_0120+%28120238950607240517%29,0,247.62000000000012,0,38
2026-02-23,Facebook+Installs,6746782904,Romi_ios_wcx_purchase_abo_1218+%28120237756277630517%29,0,51.87000000000002,0,13
2026-02-23,Facebook+Installs,6746782904,Romi_ios_zmf_purchase_abo_1220_2+%28120237379165400549%29,0,23.940000000000005,0,6
2026-02-23,Facebook+Installs,6746782904,Romi_ios_zmf_purchase_abo_1225_1+%28120237549515510549%29,0,135.76999999999995,0,23
2026-02-23,Instagram+Installs,6746782904,0110-Romi-ios-AEO-zm1+%286945352791568%29,0,119.90999999999998,0,9
2026-02-23,Instagram+Installs,6746782904,2.5+VOc+cbo+cyl+%28120239548238520475%29,0,15.96,0,4
2026-02-23,Instagram+Installs,6746782904,Romi+iOS_syh_260416_VO+%28120242388498510055%29,0,3.99,0,1
2026-02-23,TikTok+SAN,6746466099,,1,0,0,0
2026-02-24,Facebook+Installs,6746782904,0204-Romi-ios-VO-zm1+%286953751189968%29,0,3.99,0,1
2026-02-24,Facebook+Installs,6746782904,1226-2-Romi-ios-AEO-zm1+%286939852270968%29,0,175.75000000000003,0,25
2026-02-24,Facebook+Installs,6746782904,Romi_ios_wcx_purchase_abo_1218+%28120237756277630517%29,0,39.93000000000001,0,7
2026-02-24,Facebook+Installs,6746782904,Romi_ios_zmf_purchase_abo_1224_2+%28120237514076170549%29,0,57.91000000000001,0,9
2026-02-24,Facebook+Installs,6746782904,Romi_ios_zmf_purchase_abo_1225_1+%28120237549515510549%29,0,109.73999999999997,0,26
2026-02-24,Instagram+Installs,6746782904,0204-Romi-ios-VO-zm1+%286953751189968%29,0,69.95,0,5
2026-02-24,Instagram+Installs,6746782904,1.17+AEOccyl+%28120238855305610475%29,0,3.99,0,1
2026-02-24,TikTok+SAN,6746466099,Luma_ios_AEO_MCY_0113_s%2B+%281854195157498098%29,0,46.95,0,5
2026-02-24,TikTok+SAN,6746466099,Luma_ios_wcx_aeo_0120_smart_02+%281854728351163506%29,0,19.98,0,2
2026-02-25,Facebook+Installs,6746782904,0110-Romi-ios-AEO-zm1+%286945352791568%29,0,21.96,0,4
2026-02-25,Facebook+Installs,6746782904,1.17+VOc+cyl+%28120238855398610475%29,0,59.980000000000004,0,2
2026-02-25,Facebook+Installs,6746782904,Romi_ios_zmf_purchase_abo_1225_1+%28120237549515510549%29,0,9.99,0,1
2026-02-25,Instagram+Installs,6746782904,0108-Romi-ios-AEO-zm1+%286944381583168%29,0,13.98,0,2
2026-02-25,Instagram+Installs,6746782904,1.17+AEOccyl+%28120238855305610475%29,0,7.98,0,2
2026-02-25,Instagram+Installs,6746782904,2.5+VOc+cbo+cyl+%28120239548238520475%29,0,33.93000000000001,0,7
2026-02-25,TikTok+SAN,6746466099,Luma_ios_AEO_MCY_0113_s%2B+%281854195157498098%29,0,11.97,0,3
2026-02-25,TikTok+SAN,6746466099,Luma_ios_AEO_MCY_0123_s%2B_1+%281855124652018722%29,0,9.99,0,1
2026-02-25,TikTok+SAN,6746466099,Luma_ios_AEO_MCY_0129_s%2B_1+%281855671836989489%29,0,9.99,0,1
2026-02-25,TikTok+SAN,6746466099,Luma_ios_wcx_aeo_1119_smart++%281849118725316657%29,1,173.58000000000007,0,42
2026-02-25,TikTok+SAN,6746466099,Luma_ios_wcx_aeo_1225_smart++%281852385308106114%29,0,330.87000000000006,0,13
2026-02-26,Facebook+Installs,6746782904,0523-Romi-ios-AEO-abo-zm1+%286949656440244%29,0,125.74999999999993,0,25
2026-02-26,Facebook+Installs,6746782904,1226-2-Romi-ios-AEO-zm1+%286939852270968%29,0,13.98,0,2
2026-02-26,Facebook+Installs,6746782904,Romi_ios_zmf_purchase_abo_1220_2+%28120237379165400549%29,1,81.91999999999999,0,8
2026-02-26,Facebook+Installs,6746782904,Romi_ios_zmf_purchase_cbo_0212_1+%28120239562436750549%29,1,0,0,0
2026-02-26,Instagram+Installs,6746782904,0108-Romi-ios-AEO-zm1+%286944381583168%29,0,3.99,0,1
2026-02-26,TikTok+SAN,6746466099,Luma_ios_AEO_MCY_0113_s%2B+%281854195157498098%29,0,139.64999999999998,0,35
2026-02-26,TikTok+SAN,6746466099,Luma_ios_wcx_aeo_0120_smart++%281854726038819057%29,0,399.91,0,9
2026-02-27,Facebook+Installs,6746782904,Romi_ios_zmf_purchase_abo_1225_1+%28120237549515510549%29,0,7.98,0,2
2026-02-27,Instagram+Installs,6746466099,0219_Luma_iOS_AEO_MCY+%286866373524315%29,1,3.99,0,1
2026-02-27,Instagram+Installs,6746782904,0108-Romi-ios-AEO-zm1+%286944381583168%29,0,17.97,0,3
2026-02-27,TikTok+SAN,6746466099,Luma_ios_AEO_MCY_0113_s%2B+%281854195157498098%29,0,119.84999999999998,0,15
2026-02-27,TikTok+SAN,6746466099,Luma_ios_wcx_aeo_0120_smart_02+%281854728351163506%29,0,11.97,0,3
2026-02-27,TikTok+SAN,6746466099,Luma_ios_wcx_aeo_1225_smart++%281852385308106114%29,0,3.99,0,1
2026-02-28,Facebook+Installs,6746782904,0204-Romi-ios-VO-zm1+%286953751189968%29,0,29.979999999999997,0,2
2026-02-28,Facebook+Installs,6746782904,1226-2-Romi-ios-AEO-zm1+%286939852270968%29,1,101.85,0,15
2026-02-28,Facebook+Installs,6746782904,3.6+VOc+cyl+%28120240683942700475%29,0,3.99,0,1
2026-02-28,Facebook+Installs,6746782904,Romi_ios_wcx_purchase_abo_0212-new+%28120239834919760517%29,0,9.99,0,1
2026-02-28,Facebook+Installs,6746782904,Romi_ios_zmf_purchase_abo_1224_2+%28120237514076170549%29,0,51.90000000000001,0,10
2026-02-28,Facebook+Installs,6746782904,Romi_ios_zmf_purchase_abo_1225_1+%28120237549515510549%29,0,11.97,0,3
2026-02-28,Instagram+Installs,6746782904,0204-Romi-ios-VO-zm1+%286953751189968%29,0,3.99,0,1
2026-03-01,Facebook+Installs,6746782904,0204-Romi-ios-VO-zm1+%286953751189968%29,0,179.92000000000002,0,8
2026-03-01,Facebook+Installs,6746782904,1226-2-Romi-ios-AEO-zm1+%286939852270968%29,0,668.690000000001,0,131
2026-03-01,Facebook+Installs,6746782904,Romi_ios_wcx_purchase_abo_0120+%28120238950607240517%29,0,187.5300000000001,0,47
2026-03-01,Facebook+Installs,6746782904,Romi_ios_zmf_purchase_abo_1220_2+%28120237379165400549%29,0,19.99,0,1
2026-03-01,Facebook+Installs,6746782904,Romi_ios_zmf_purchase_abo_1224_2+%28120237514076170549%29,0,14.99,0,1
2026-03-01,Instagram+Installs,6746782904,0108-Romi-ios-AEO-zm1+%286944381583168%29,0,9.99,0,1
2026-03-01,Instagram+Installs,6746782904,1.17+AEOccyl+%28120238855305610475%29,0,493.18000000000063,0,82
2026-03-01,Instagram+Installs,6746782904,2.5+VOc+cbo+cyl+%28120239548238520475%29,0,19.950000000000003,0,5
2026-03-01,Instagram+Installs,6746782904,3.14+AEOc+cbo+cyl+%28120241002174210475%29,0,18.98,0,2
2026-03-01,TikTok+SAN,6746466099,0308-lhtt-Luma+%2F%2Fs%2B+cj+01+%281859058231308689%29,0,14.99,0,1
2026-03-01,TikTok+SAN,6746466099,Luma_ios_wcx_aeo_0120_smart++%281854726038819057%29,1,54.97,0,3
2026-03-01,TikTok+SAN,6746466099,Luma_ios_wcx_aeo_0120_smart_02+%281854728351163506%29,0,31.950000000000003,0,5
2026-03-01,TikTok+SAN,6746466099,Luma_ios_wcx_aeo_1119_smart++%281849118725316657%29,2,11.97,0,3
2026-03-01,TikTok+SAN,6746466099,Luma_ios_wcx_aeo_1225_smart++%281852385308106114%29,0,14.99,0,1
2026-03-02,Facebook+Installs,6746782904,0204-Romi-ios-VO-zm1+%286953751189968%29,0,85.8,0,20
2026-03-02,Facebook+Installs,6746782904,1226-2-Romi-ios-AEO-zm1+%286939852270968%29,0,817.84,0,16
2026-03-02,Facebook+Installs,6746782904,2.5+VOc+cbo+cyl+%28120239548238520475%29,0,399.96,0,4
2026-03-02,Facebook+Installs,6746782904,Romi+ios_wvv_0523_vo+%28120245553663320517%29,1,0,0,0
2026-03-02,Facebook+Installs,6746782904,Romi_ios_wcx_purchase_abo_1218+%28120237756277630517%29,0,193.6000000000001,0,40
2026-03-02,Facebook+Installs,6746782904,Romi_ios_zmf_purchase_abo_1220_2+%28120237379165400549%29,0,421.32000000000045,0,68
2026-03-02,Instagram+Installs,6746782904,0110-Romi-ios-AEO-zm1+%286945352791568%29,0,413.7700000000001,0,23
2026-03-02,Instagram+Installs,6746782904,1.17+AEOccyl+%28120238855305610475%29,1,121.92,0,8
2026-03-02,Instagram+Installs,6746782904,2.5+VOc+cbo+cyl+%28120239548238520475%29,0,3.99,0,1
2026-03-02,TikTok+SAN,6746466099,0509-lhtt-Luma+25-%2F%2Fs%2B%2B+cj+%281864613296193889%29,1,0,0,0
2026-03-02,TikTok+SAN,6746466099,Luma_ios_wcx_aeo_1119_smart++%281849118725316657%29,0,23.940000000000005,0,6
2026-03-03,Facebook+Installs,6746782904,0110-Romi-ios-AEO-zm1+%286945352791568%29,1,7.98,0,2
2026-03-03,Facebook+Installs,6746782904,1226-2-Romi-ios-AEO-zm1+%286939852270968%29,0,13.98,0,2
2026-03-03,Facebook+Installs,6746782904,Romi_ios_zmf_purchase_abo_0215_1+%28120239689390540549%29,0,19.98,0,2
2026-03-03,Facebook+Installs,6746782904,Romi_ios_zmf_purchase_abo_1224_2+%28120237514076170549%29,0,39.99,0,1
2026-03-03,Facebook+Installs,6746782904,Romi_ios_zmf_purchase_abo_1225_1+%28120237549515510549%29,1,0,0,0
2026-03-03,Instagram+Installs,6746782904,0110-Romi-ios-AEO-zm1+%286945352791568%29,0,33.96,0,4
2026-03-03,TikTok+SAN,6746466099,Luma_ios_wcx_aeo_0120_smart_02+%281854728351163506%29,0,191.78,0,22
2026-03-03,TikTok+SAN,6746466099,Luma_ios_wcx_aeo_1119_smart++%281849118725316657%29,0,19.99,0,1
2026-03-03,TikTok+SAN,6746466099,Luma_ios_wcx_aeo_1225_smart++%281852385308106114%29,0,3.99,0,1
2026-03-04,Facebook+Installs,6746782904,0513-Romi-ios-AEO-abo-zm1+%286941788247044%29,0,3.99,0,1
2026-03-04,Facebook+Installs,6746782904,1226-2-Romi-ios-AEO-zm1+%286939852270968%29,1,0,0,0
2026-03-04,Facebook+Installs,6746782904,2.5+VOc+cbo+cyl+%28120239548238520475%29,0,819.91,0,9
2026-03-04,Facebook+Installs,6746782904,Romi_ios_wcx_purchase_abo_0212-new+%28120239834919760517%29,0,3.99,0,1
2026-03-04,Facebook+Installs,6746782904,Romi_ios_zmf_purchase_abo_1220_2+%28120237379165400549%29,0,13.98,0,2
2026-03-04,Facebook+Installs,6746782904,Romi_ios_zmf_purchase_abo_1225_1+%28120237549515510549%29,0,253.90000000000006,0,10
2026-03-04,Facebook+Installs,6746782904,Romi_ios_zmf_purchase_cbo_0212_1+%28120239562436750549%29,0,699.93,0,7
2026-03-04,Instagram+Installs,6746782904,2.5+VOc+cbo+cyl+%28120239548238520475%29,0,65.88000000000001,0,12
2026-03-04,Off-Facebook+Installs,6746782904,Romi_ios_wcx_purchase_abo_1218+%28120237756277630517%29,0,9.99,0,1
2026-03-04,TikTok+SAN,6746466099,Luma_ios_wcx_aeo_0120_smart_02+%281854728351163506%29,0,39.98,0,2
2026-03-04,TikTok+SAN,6746466099,Luma_ios_wcx_aeo_1225_smart++%281852385308106114%29,2,0,0,0
2026-03-05,Facebook+Installs,6746782904,1226-2-Romi-ios-AEO-zm1+%286939852270968%29,0,3.99,0,1
2026-03-05,Facebook+Installs,6746782904,Romi_ios_wcx_purchase_abo_0305+%28120240676024480517%29,0,3.99,0,1
2026-03-05,Facebook+Installs,6746782904,Romi_ios_zmf_purchase_abo_1224_2+%28120237514076170549%29,0,19.99,0,1
2026-03-05,Facebook+Installs,6746782904,Romi_ios_zmf_purchase_abo_1225_1+%28120237549515510549%29,0,11.97,0,3
2026-03-05,Instagram+Installs,6746782904,1226-2-Romi-ios-AEO-zm1+%286939852270968%29,0,319.3800000000003,0,62
2026-03-05,TikTok+SAN,6746466099,Luma_ios_wcx_aeo_0120_smart_02+%281854728351163506%29,0,7.98,0,2
2026-03-05,TikTok+SAN,6746466099,Luma_ios_wcx_aeo_1119_smart++%281849118725316657%29,1,0,0,0
2026-03-05,TikTok+SAN,6746466099,Luma_ios_wcx_aeo_1225_smart++%281852385308106114%29,0,55.92000000000001,0,8
2026-03-06,Facebook+Installs,6746466099,Luma+ios_zjc_20260502_AEO_1+%28120244337810030256%29,0,13.98,0,2
2026-03-06,Facebook+Installs,6746782904,0204-Romi-ios-VO-zm1+%286953751189968%29,0,14.99,0,1
2026-03-06,Facebook+Installs,6746782904,1226-2-Romi-ios-AEO-zm1+%286939852270968%29,0,3.99,0,1
2026-03-06,Facebook+Installs,6746782904,2.5+VOc+cbo+cyl+%28120239548238520475%29,0,19.950000000000003,0,5
2026-03-06,Facebook+Installs,6746782904,Romi_ios_wcx_purchase_abo_1218+%28120237756277630517%29,0,7.98,0,2
2026-03-06,Facebook+Installs,6746782904,Romi_ios_zmf_purchase_abo_1225_1+%28120237549515510549%29,0,15.96,0,4
2026-03-06,Facebook+Installs,6746782904,Romi_ios_zmf_purchase_cbo_0212_1+%28120239562436750549%29,0,63.90000000000001,0,10
2026-03-06,Instagram+Installs,6746782904,1226-2-Romi-ios-AEO-zm1+%286939852270968%29,0,79.96,0,4
2026-03-06,Instagram+Installs,6746782904,2.5+VOc+cbo+cyl+%28120239548238520475%29,1,329.85,0,15
2026-03-06,TikTok+SAN,6746466099,Luma_ios_wcx_aeo_1119_smart++%281849118725316657%29,0,109.81999999999996,0,18
2026-03-07,Facebook+Installs,6746782904,0110-Romi-ios-AEO-zm1+%286945352791568%29,0,175.71999999999997,0,28
2026-03-07,Facebook+Installs,6746782904,1226-2-Romi-ios-AEO-zm1+%286939852270968%29,1,471.86000000000007,0,14
2026-03-07,Facebook+Installs,6746782904,2.5+VOc+cbo+cyl+%28120239548238520475%29,0,471.76000000000016,0,24
2026-03-07,Facebook+Installs,6746782904,Romi_ios_zmf_purchase_abo_1225_1+%28120237549515510549%29,0,13.98,0,2
2026-03-07,Instagram+Installs,6746782904,0110-Romi-ios-AEO-zm1+%286945352791568%29,0,27.97,0,3
2026-03-07,Instagram+Installs,6746782904,1226-2-Romi-ios-AEO-zm1+%286939852270968%29,0,21.96,0,4
2026-03-07,Instagram+Installs,6746782904,2.5+VOc+cbo+cyl+%28120239548238520475%29,0,233.68000000000012,0,32
2026-03-07,Instagram+Installs,6746782904,3.6+VOc+cyl+%28120240683942700475%29,0,9.99,0,1
2026-03-07,TikTok+SAN,6746466099,,0,11.97,0,3
2026-03-07,TikTok+SAN,6746466099,Luma_ios_AEO_MCY_0129_s%2B_1+%281855671836989489%29,0,65.85000000000002,0,15
2026-03-07,TikTok+SAN,6746466099,Luma_ios_wcx_aeo_1119_smart++%281849118725316657%29,1,86.88,0,12
2026-03-08,Facebook+Installs,6746782904,0204-Romi-ios-VO-zm1+%286953751189968%29,0,3.99,0,1
2026-03-08,Facebook+Installs,6746782904,1226-2-Romi-ios-AEO-zm1+%286939852270968%29,0,303.7000000000001,0,30
2026-03-08,Facebook+Installs,6746782904,2.5+VOc+cbo+cyl+%28120239548238520475%29,0,239.95999999999998,0,4
2026-03-08,Facebook+Installs,6746782904,Romi_ios_wcx_purchase_abo_1218+%28120237756277630517%29,0,89.91,0,9
2026-03-08,Facebook+Installs,6746782904,Romi_ios_zmf_purchase_abo_1224_2+%28120237514076170549%29,0,139.91,0,9
2026-03-08,Instagram+Installs,6746782904,0110-Romi-ios-AEO-zm1+%286945352791568%29,0,11.97,0,3
2026-03-08,Instagram+Installs,6746782904,1226-2-Romi-ios-AEO-zm1+%286939852270968%29,0,3.99,0,1
2026-03-08,Instagram+Installs,6746782904,2.5+VOc+cbo+cyl+%28120239548238520475%29,1,177.88000000000002,0,12
2026-03-08,TikTok+SAN,6746466099,Luma_ios_wcx_aeo_1119_smart++%281849118725316657%29,0,7.98,0,2
2026-03-08,TikTok+SAN,6746466099,Luma_ios_wcx_aeo_1225_smart++%281852385308106114%29,0,15.96,0,4
2026-03-09,Facebook+Installs,6746782904,2.5+VOc+cbo+cyl+%28120239548238520475%29,0,114.94999999999999,0,5
2026-03-09,Facebook+Installs,6746782904,Romi_ios_wcx_purchase_abo_0120+%28120238950607240517%29,0,503.6300000000003,0,37
2026-03-09,Facebook+Installs,6746782904,Romi_ios_wcx_purchase_abo_0212-new+%28120239834919760517%29,1,9.99,0,1
2026-03-09,Facebook+Installs,6746782904,Romi_ios_wcx_purchase_abo_1218+%28120237756277630517%29,0,3.99,0,1
2026-03-09,Facebook+Installs,6746782904,Romi_ios_zmf_purchase_abo_1225_1+%28120237549515510549%29,0,89.92,0,8
2026-03-09,Instagram+Installs,6746782904,2.5+VOc+cbo+cyl+%28120239548238520475%29,2,19.950000000000003,0,5
2026-03-09,Instagram+Installs,6746782904,3.6+VOc+cyl+%28120240683942700475%29,0,273.86,0,14
2026-03-09,TikTok+SAN,6746466099,0308-lhtt-Luma+%2F%2Fs%2B+cj+01+%281859058231308689%29,0,3.99,0,1
2026-03-09,TikTok+SAN,6746466099,Luma_ios_wcx_aeo_0120_smart++%281854726038819057%29,1,0,0,0
2026-03-09,TikTok+SAN,6746466099,Luma_ios_wcx_aeo_1119_smart++%281849118725316657%29,0,7.98,0,2
2026-03-10,Facebook+Installs,6746782904,0110-Romi-ios-AEO-zm1+%286945352791568%29,0,473.6900000000002,0,31
2026-03-10,Facebook+Installs,6746782904,1226-2-Romi-ios-AEO-zm1+%286939852270968%29,2,92.83999999999999,0,16
2026-03-10,Facebook+Installs,6746782904,2.5+VOc+cbo+cyl+%28120239548238520475%29,0,443.7700000000001,0,23
2026-03-10,Facebook+Installs,6746782904,Romi_ios_wcx_purchase_abo_0120+%28120238950607240517%29,0,7.98,0,2
2026-03-10,Facebook+Installs,6746782904,Romi_ios_wcx_purchase_abo_1218+%28120237756277630517%29,0,7.98,0,2
2026-03-10,Facebook+Installs,6746782904,Romi_ios_zmf_purchase_abo_1224_2+%28120237514076170549%29,0,17.97,0,3
2026-03-10,Instagram+Installs,6746782904,0108-Romi-ios-AEO-zm1+%286944381583168%29,0,47.91000000000001,0,9
2026-03-10,Instagram+Installs,6746782904,2.5+VOc+cbo+cyl+%28120239548238520475%29,0,1407.67,0,33
2026-03-10,Instagram+Installs,6746782904,3.6+VOc+cyl+%28120240683942700475%29,0,49.97,0,3
2026-03-10,TikTok+SAN,6746466099,0509-lhtt-Luma+25-%2F%2Fs%2B%2B+cj+%281864613296193889%29,0,152.84999999999997,0,15
2026-03-10,TikTok+SAN,6746466099,Luma_ios_AEO_MCY_0113_s%2B+%281854195157498098%29,0,24.98,0,2
2026-03-10,TikTok+SAN,6746466099,Luma_ios_wcx_aeo_0120_smart_02+%281854728351163506%29,0,3.99,0,1
2026-03-11,Facebook+Installs,6746782904,2.5+VOc+cbo+cyl+%28120239548238520475%29,1,103.90999999999998,0,9
2026-03-11,Facebook+Installs,6746782904,3.11+VOc+cbo+%28120240864975650475%29,1,11.97,0,3
2026-03-11,Facebook+Installs,6746782904,Romi-ios-AEO-wcx_0227+%28120240428813570517%29,0,19.99,0,1
2026-03-11,Facebook+Installs,6746782904,Romi_ios_wcx_purchase_abo_1218+%28120237756277630517%29,0,129.79999999999998,0,20
2026-03-11,Facebook+Installs,6746782904,Romi_ios_zmf_purchase_abo_0215_1+%28120239689390540549%29,0,3.99,0,1
2026-03-11,Facebook+Installs,6746782904,Romi_ios_zmf_purchase_abo_1224_2+%28120237514076170549%29,1,0,0,0
2026-03-11,Instagram+Installs,6746782904,0204-Romi-ios-VO-zm1+%286953751189968%29,0,29.940000000000005,0,6
2026-03-11,Instagram+Installs,6746782904,0416-22-Romi-ios-VO-cbo-zm1+%286928215078844%29,0,32.96,0,4
2026-03-11,Instagram+Installs,6746782904,1226-2-Romi-ios-AEO-zm1+%286939852270968%29,2,0,0,0
2026-03-11,Instagram+Installs,6746782904,2.5+VOc+cbo+cyl+%28120239548238520475%29,0,130.89999999999998,0,10
2026-03-11,Instagram+Installs,6746782904,3.6+VOc+cyl+%28120240683942700475%29,0,7.98,0,2
2026-03-11,TikTok+SAN,6746466099,,0,7.98,0,2
2026-03-11,TikTok+SAN,6746466099,Luma_ios_AEO_MCY_0121_s%2B_1+%281854916343488561%29,1,9.99,0,1
2026-03-11,TikTok+SAN,6746466099,Luma_ios_AEO_MCY_0310_s%2B_1+%281859270697950289%29,0,27.97,0,3
2026-03-11,TikTok+SAN,6746466099,Luma_ios_wcx_aeo_0120_smart++%281854726038819057%29,0,17.97,0,3
2026-03-11,TikTok+SAN,6746466099,Luma_ios_wcx_aeo_0120_smart_02+%281854728351163506%29,1,0,0,0
2026-03-11,TikTok+SAN,6746466099,Luma_ios_wcx_aeo_1119_smart++%281849118725316657%29,0,13.98,0,2
2026-03-12,Facebook+Installs,6746782904,0110-Romi-ios-AEO-zm1+%286945352791568%29,0,23.979999999999997,0,2
2026-03-12,Facebook+Installs,6746782904,0204-Romi-ios-VO-zm1+%286953751189968%29,0,39.97,0,3
2026-03-12,Facebook+Installs,6746782904,1226-2-Romi-ios-AEO-zm1+%286939852270968%29,0,551.4900000000004,0,51
2026-03-12,Facebook+Installs,6746782904,2.5+VOc+cbo+cyl+%28120239548238520475%29,0,623.4600000000003,0,54
2026-03-12,Facebook+Installs,6746782904,Romi+iOS_syh_260416_VO+%28120242388498510055%29,1,0,0,0
2026-03-12,Facebook+Installs,6746782904,Romi_ios_zmf_purchase_abo_1224_2+%28120237514076170549%29,2,3.99,0,1
2026-03-12,Facebook+Installs,6746782904,Romi_ios_zmf_purchase_abo_1225_1+%28120237549515510549%29,0,109.73999999999997,0,26
2026-03-12,Instagram+Installs,6746782904,0108-Romi-ios-AEO-zm1+%286944381583168%29,1,9.99,0,1
2026-03-12,Instagram+Installs,6746782904,1226-2-Romi-ios-AEO-zm1+%286939852270968%29,0,29.979999999999997,0,2
2026-03-12,Instagram+Installs,6746782904,2.5+VOc+cbo+cyl+%28120239548238520475%29,0,29.97,0,3
2026-03-12,TikTok+SAN,6746466099,Luma_ios_AEO_MCY_0113_s%2B+%281854195157498098%29,0,55.93000000000001,0,7
2026-03-12,TikTok+SAN,6746466099,Luma_ios_wcx_aeo_0120_smart_02+%281854728351163506%29,0,262.85,0,15
2026-03-12,TikTok+SAN,6746466099,Luma_ios_wcx_aeo_1119_smart++%281849118725316657%29,1,110.86,0,14
2026-03-13,Facebook+Installs,6746782904,0110-Romi-ios-AEO-zm1+%286945352791568%29,0,51.87000000000002,0,13
2026-03-13,Facebook+Installs,6746782904,0204-Romi-ios-VO-zm1+%286953751189968%29,0,99.87999999999997,0,12
2026-03-13,Facebook+Installs,6746782904,0513-Romi-ios-AEO-abo-zm1+%286941788247044%29,0,14.99,0,1
2026-03-13,Facebook+Installs,6746782904,1226-2-Romi-ios-AEO-zm1+%286939852270968%29,0,685.4000000000011,0,160
2026-03-13,Facebook+Installs,6746782904,2.5+VOc+cbo+cyl+%28120239548238520475%29,0,1413.3800000000003,0,62
2026-03-13,Facebook+Installs,6746782904,Romi_ios_zmf_purchase_abo_1224_2+%28120237514076170549%29,0,23.940000000000005,0,6
2026-03-13,Facebook+Installs,6746782904,Romi_ios_zmf_purchase_abo_1225_1+%28120237549515510549%29,0,13.98,0,2
2026-03-13,Facebook+Installs,6746782904,Romi_ios_zmf_vo_cbo_0325_1+%28120243690432680228%29,0,203.9,0,10
2026-03-13,Instagram+Installs,6746782904,0108-Romi-ios-AEO-zm1+%286944381583168%29,0,63.96,0,4
2026-03-13,Instagram+Installs,6746782904,0110-Romi-ios-AEO-zm1+%286945352791568%29,0,19.99,0,1
2026-03-13,Instagram+Installs,6746782904,2.5+VOc+cbo+cyl+%28120239548238520475%29,2,49.97,0,3
2026-03-13,TikTok+SAN,6746466099,,0,33.97,0,3
2026-03-13,TikTok+SAN,6746466099,Luma_ios_AEO_MCY_0121_s%2B_1+%281854916343488561%29,0,3.99,0,1
2026-03-13,TikTok+SAN,6746466099,Luma_ios_wcx_aeo_0120_smart_02+%281854728351163506%29,0,3.99,0,1
2026-03-13,TikTok+SAN,6746466099,Luma_ios_wcx_aeo_1119_smart++%281849118725316657%29,0,51.90000000000001,0,10
2026-03-13,TikTok+SAN,6746466099,Luma_ios_wcx_aeo_1225_smart++%281852385308106114%29,1,11.97,0,3
2026-03-14,Facebook+Installs,6746782904,0110-Romi-ios-AEO-zm1+%286945352791568%29,1,0,0,0
2026-03-14,Facebook+Installs,6746782904,0204-Romi-ios-VO-zm1+%286953751189968%29,0,69.96,0,4
2026-03-14,Facebook+Installs,6746782904,1226-2-Romi-ios-AEO-zm1+%286939852270968%29,0,235.71000000000012,0,29
2026-03-14,Facebook+Installs,6746782904,2.5+VOc+cbo+cyl+%28120239548238520475%29,0,69.99,0,1
2026-03-14,Facebook+Installs,6746782904,Romi_ios_zmf_purchase_abo_1224_2+%28120237514076170549%29,0,79.92999999999999,0,7
2026-03-14,Facebook+Installs,6746782904,Romi_ios_zmf_purchase_abo_1225_1+%28120237549515510549%29,2,303.7000000000001,0,30
2026-03-14,Facebook+Installs,6746782904,Romi_ios_zmf_vo_0129_1+%28120238944511480549%29,0,99.96000000000001,0,4
2026-03-14,Instagram+Installs,6746782904,1226-2-Romi-ios-AEO-zm1+%286939852270968%29,0,79.97,0,3
2026-03-14,Instagram+Installs,6746782904,2.5+VOc+cbo+cyl+%28120239548238520475%29,2,364.67000000000013,0,33
2026-03-14,Instagram+Installs,6746782904,3.14+AEOc+cbo+cyl+%28120241002174210475%29,0,229.91000000000005,0,9
2026-03-14,TikTok+SAN,6746466099,0314-lhtt-Luma+%2F%2Fs%2B+aeo+%281859537457197185%29,0,111.87999999999998,0,12
2026-03-14,TikTok+SAN,6746466099,Luma_ios_AEO_MCY_0121_s%2B_1+%281854916343488561%29,0,47.91000000000001,0,9
2026-03-14,TikTok+SAN,6746466099,Luma_ios_wcx_aeo_1119_smart++%281849118725316657%29,0,61.890000000000015,0,11
2026-03-15,Facebook+Installs,6746782904,0108-Romi-ios-AEO-zm1+%286944381583168%29,0,121.83999999999999,0,16
2026-03-15,Facebook+Installs,6746782904,0204-Romi-ios-VO-zm1+%286953751189968%29,0,11.97,0,3
2026-03-15,Facebook+Installs,6746782904,1226-2-Romi-ios-AEO-zm1+%286939852270968%29,0,233.70000000000016,0,30
2026-03-15,Facebook+Installs,6746782904,Romi_ios_wcx_purchase_abo_1218+%28120237756277630517%29,2,755.4400000000004,0,56
2026-03-15,Facebook+Installs,6746782904,Romi_ios_zmf_vo_cbo_0319_2+%28120243482931960228%29,0,19.99,0,1
2026-03-15,Instagram+Installs,6746782904,0108-Romi-ios-AEO-zm1+%286944381583168%29,0,145.70999999999998,0,29
2026-03-15,Instagram+Installs,6746782904,0204-Romi-ios-VO-zm1+%286953751189968%29,0,557.6600000000002,0,34
2026-03-15,Instagram+Installs,6746782904,2.5+VOc+cbo+cyl+%28120239548238520475%29,0,173.82000000000005,0,18
2026-03-15,TikTok+SAN,6746466099,,0,9.99,0,1
2026-03-15,TikTok+SAN,6746466099,Luma_ios_wcx_aeo_1119_smart++%281849118725316657%29,0,25.950000000000003,0,5
2026-03-16,Facebook+Installs,6746782904,1226-2-Romi-ios-AEO-zm1+%286939852270968%29,0,7.98,0,2
2026-03-16,Facebook+Installs,6746782904,2.5+VOc+cbo+cyl+%28120239548238520475%29,0,69.99,0,1
2026-03-16,Facebook+Installs,6746782904,Romi_ios_wcx_purchase_abo_0120+%28120238950607240517%29,0,7.98,0,2
2026-03-16,Facebook+Installs,6746782904,Romi_ios_wcx_purchase_abo_1218+%28120237756277630517%29,0,59.940000000000005,0,6
2026-03-16,Instagram+Installs,6746782904,2.5+VOc+cbo+cyl+%28120239548238520475%29,0,283.87,0,13
2026-03-16,Instagram+Installs,6746782904,3.6+VOc+cyl+%28120240683942700475%29,0,7.98,0,2
2026-03-16,TikTok+SAN,6746466099,Luma_ios_AEO_MCY_0113_s%2B+%281854195157498098%29,0,93.83999999999999,0,16
2026-03-16,TikTok+SAN,6746466099,Luma_ios_wcx_aeo_1119_smart++%281849118725316657%29,0,213.72000000000014,0,28
2026-03-16,TikTok+SAN,6746466099,Luma_ios_wcx_aeo_1225_smart++%281852385308106114%29,0,23.940000000000005,0,6
2026-03-17,Facebook+Installs,6746782904,1226-2-Romi-ios-AEO-zm1+%286939852270968%29,0,59.91000000000001,0,9
2026-03-17,Facebook+Installs,6746782904,Romi_ios_zmf_purchase_abo_0317_3-new+%28120243374892800228%29,0,23.979999999999997,0,2
2026-03-17,Instagram+Installs,6746466099,0219_Luma_iOS_AEO_MCY+%286866373524315%29,0,3.99,0,1
2026-03-17,Instagram+Installs,6746782904,0108-Romi-ios-AEO-zm1+%286944381583168%29,0,35.940000000000005,0,6
2026-03-17,Instagram+Installs,6746782904,0110-Romi-ios-AEO-zm1+%286945352791568%29,0,3.99,0,1
2026-03-17,Instagram+Installs,6746782904,0204-Romi-ios-VO-zm1+%286953751189968%29,0,29.940000000000005,0,6
2026-03-17,Instagram+Installs,6746782904,2.5+VOc+cbo+cyl+%28120239548238520475%29,0,67.92,0,8
2026-03-17,TikTok+SAN,6746466099,,0,325.84000000000003,0,16
2026-03-17,TikTok+SAN,6746466099,0313-lhtt-Luma+%2F%2Fs%2B+cj+%281859441751272577%29,1,0,0,0
2026-03-17,TikTok+SAN,6746466099,0314-lhtt-Luma+%2F%2Fs%2B+cj+%281859532377187809%29,0,15.96,0,4
2026-03-17,TikTok+SAN,6746466099,Luma_ios_AEO_MCY_0123_s%2B_1+%281855124652018722%29,0,63.87000000000002,0,13
2026-03-17,TikTok+SAN,6746466099,Luma_ios_wcx_aeo_1119_smart++%281849118725316657%29,1,63.91000000000001,0,9
2026-03-17,TikTok+SAN,6746466099,Luma_ios_wcx_aeo_1225_smart++%281852385308106114%29,0,9.99,0,1
2026-03-18,Facebook+Installs,6746782904,1226-2-Romi-ios-AEO-zm1+%286939852270968%29,0,63.840000000000025,0,16
2026-03-18,Facebook+Installs,6746782904,2.5+VOc+cbo+cyl+%28120239548238520475%29,2,97.92999999999999,0,7
2026-03-18,Facebook+Installs,6746782904,Romi_ios_wcx_purchase_abo_1218+%28120237756277630517%29,0,7.98,0,2
2026-03-18,Instagram+Installs,6746782904,0204-Romi-ios-VO-zm1+%286953751189968%29,0,71.96000000000001,0,4
2026-03-18,Instagram+Installs,6746782904,2.5+VOc+cbo+cyl+%28120239548238520475%29,0,374.66000000000025,0,34
2026-03-18,TikTok+SAN,6746466099,,0,125.86999999999996,0,13
2026-03-18,TikTok+SAN,6746466099,Luma_ios_wcx_aeo_1119_smart++%281849118725316657%29,0,13.98,0,2
2026-03-19,Facebook+Installs,6746466099,0610-Luma-ymt%2Fff+%28120247242075840256%29,1,0,0,0
2026-03-19,Facebook+Installs,6746782904,0204-Romi-ios-VO-zm1+%286953751189968%29,0,114.90999999999997,0,9
2026-03-19,Facebook+Installs,6746782904,1226-2-Romi-ios-AEO-zm1+%286939852270968%29,0,121.94999999999997,0,5
2026-03-19,Facebook+Installs,6746782904,2.5+VOc+cbo+cyl+%28120239548238520475%29,3,191.83,0,17
2026-03-19,Facebook+Installs,6746782904,Romi_ios_wcx_purchase_abo_1218+%28120237756277630517%29,0,85.89999999999998,0,10
2026-03-19,Instagram+Installs,6746466099,Luma_ios_zmf_abo_0331_1+%286993503324612%29,0,9.99,0,1
2026-03-19,Instagram+Installs,6746782904,2.5+VOc+cbo+cyl+%28120239548238520475%29,1,321.2700000000003,0,73
2026-03-19,Instagram+Installs,6746782904,Romi+iOS_syh_260416_VO+%28120242388498510055%29,0,27.930000000000007,0,7
2026-03-19,TikTok+SAN,6746466099,0314-lhtt-Luma+%2F%2Fs%2B+aeo+%281859537457197185%29,0,165.87000000000003,0,13
2026-03-19,TikTok+SAN,6746466099,Luma_ios_AEO_MCY_0113_s%2B+%281854195157498098%29,0,15.96,0,4
2026-03-19,TikTok+SAN,6746466099,Luma_ios_wcx_aeo_1225_smart++%281852385308106114%29,1,51.90000000000001,0,10
2026-03-19,TikTok+SAN,6746466099,Luma_ios_zmf_0408_smart_purchase_01+%281861791826664593%29,0,3.99,0,1
2026-03-20,Facebook+Installs,6746782904,1226-2-Romi-ios-AEO-zm1+%286939852270968%29,0,359.83000000000004,0,17
2026-03-20,Facebook+Installs,6746782904,2.5+VOc+cbo+cyl+%28120239548238520475%29,0,151.84,0,16
2026-03-20,Facebook+Installs,6746782904,Romi_ios_wcx_purchase_abo_1218+%28120237756277630517%29,0,53.92000000000001,0,8
2026-03-20,Instagram+Installs,6746782904,2.5+VOc+cbo+cyl+%28120239548238520475%29,0,81.91999999999999,0,8
2026-03-20,Instagram+Installs,6746782904,3.14+AEOc+cbo+cyl+%28120241002174210475%29,0,19.98,0,2
2026-03-20,Instagram+Installs,6746782904,Romi_ios_zmf_vo_cbo_0319_2+%28120243482931960228%29,0,54.97,0,3
2026-03-20,TikTok+SAN,6746466099,Luma_ios_wcx_aeo_0320_smart_1+%281860086345391233%29,0,3.99,0,1
2026-03-20,TikTok+SAN,6746466099,Luma_ios_wcx_aeo_0320_smart_2_copy+%281860145345391633%29,0,353.1900000000004,0,81
2026-03-20,TikTok+SAN,6746466099,Luma_ios_wcx_aeo_1119_smart++%281849118725316657%29,0,7.98,0,2
2026-03-20,TikTok+SAN,6746466099,Luma_ios_wcx_aeo_1225_smart++%281852385308106114%29,0,537.5500000000003,0,45
2026-03-21,Facebook+Installs,6746782904,0108-Romi-ios-AEO-zm1+%286944381583168%29,0,91.89999999999999,0,10
2026-03-21,Facebook+Installs,6746782904,2.5+VOc+cbo+cyl+%28120239548238520475%29,0,509.7000000000002,0,30
2026-03-21,Facebook+Installs,6746782904,Romi_ios_wcx_purchase_abo_0320_copy+%28120241375560010517%29,1,235.90000000000006,0,10
2026-03-21,Instagram+Installs,6746782904,2.5+VOc+cbo+cyl+%28120239548238520475%29,0,421.88000000000005,0,12
2026-03-21,Instagram+Installs,6746782904,3.14+AEOc+cbo+cyl+%28120241002174210475%29,0,65.89000000000001,0,11
2026-03-21,TikTok+SAN,6746466099,,1,3.99,0,1
2026-03-21,TikTok+SAN,6746466099,Luma_ios_wcx_aeo_1225_smart++%281852385308106114%29,0,25.950000000000003,0,5
2026-03-22,Facebook+Installs,6746782904,1226-2-Romi-ios-AEO-zm1+%286939852270968%29,0,859.7600000000001,0,24
2026-03-22,Facebook+Installs,6746782904,2.5+VOc+cbo+cyl+%28120239548238520475%29,0,971.6400000000002,0,36
2026-03-22,Facebook+Installs,6746782904,3.14+AEOc+cbo+cyl+%28120241002174210475%29,0,157.83000000000007,0,17
2026-03-22,Facebook+Installs,6746782904,3.6+VOc+cyl+%28120240683942700475%29,0,613.5600000000003,0,44
2026-03-22,Facebook+Installs,6746782904,Romi+iOS_syh_260416_VO+%28120242388498510055%29,0,161.89000000000001,0,11
2026-03-22,Facebook+Installs,6746782904,Romi_ios_wcx_purchase_abo_0320_copy+%28120241375560010517%29,0,29.979999999999997,0,2
2026-03-22,Instagram+Installs,6746782904,0110-Romi-ios-AEO-zm1+%286945352791568%29,0,183.72000000000006,0,28
2026-03-22,Instagram+Installs,6746782904,2.5+VOc+cbo+cyl+%28120239548238520475%29,3,279.44000000000017,0,56
2026-03-22,Instagram+Installs,6746782904,3.6+VOc+cyl+%28120240683942700475%29,0,193.94000000000003,0,6
2026-03-22,Instagram+Installs,6746782904,Romi_ios_zmf_purchase_abo_0319_2-ding+%28120248695097570151%29,0,7.98,0,2
2026-03-22,TikTok+SAN,6746466099,,0,343.91,0,9
2026-03-22,TikTok+SAN,6746466099,0509-lhtt-Luma+25-%2F%2Fs%2B%2B+cj+%281864613296193889%29,0,7.98,0,2
2026-03-22,TikTok+SAN,6746466099,Luma_ios_AEO_MCY_0113_s%2B+%281854195157498098%29,1,0,0,0
2026-03-22,TikTok+SAN,6746466099,Luma_ios_wcx_aeo_0320_smart_r+%281860086025395250%29,0,76.92,0,8
2026-03-22,TikTok+SAN,6746466099,Luma_ios_wcx_aeo_1119_smart++%281849118725316657%29,0,95.91,0,9
2026-03-22,TikTok+SAN,6746466099,Luma_ios_wcx_aeo_1225_smart++%281852385308106114%29,0,235.78000000000006,0,22
2026-03-23,Facebook+Installs,6746782904,1226-2-Romi-ios-AEO-zm1+%286939852270968%29,1,0,0,0
2026-03-23,Facebook+Installs,6746782904,2.5+VOc+cbo+cyl+%28120239548238520475%29,0,112.88999999999997,0,11
2026-03-23,Facebook+Installs,6746782904,2.5_VO_cbo_copy+wcx+%28120241375902560517%29,0,99.85,0,15
2026-03-23,Facebook+Installs,6746782904,3.14+AEOc+cbo+cyl+%28120241002174210475%29,0,119.93999999999998,0,6
2026-03-23,Facebook+Installs,6746782904,3.6+VOc+cyl+%28120240683942700475%29,0,29.940000000000005,0,6
2026-03-23,Facebook+Installs,6746782904,Romi_ios_wcx_purchase_abo_0120+%28120238950607240517%29,0,19.99,0,1
2026-03-23,Instagram+Installs,6746782904,2.5+VOc+cbo+cyl+%28120239548238520475%29,3,77.92999999999999,0,7
2026-03-23,Instagram+Installs,6746782904,3.14+AEOc+cbo+cyl+%28120241002174210475%29,1,159.96,0,4
2026-03-23,Instagram+Installs,6746782904,3.6+VOc+cyl+%28120240683942700475%29,0,35.91000000000001,0,9
2026-03-23,Instagram+Installs,6746782904,Romi_ios_zmf_purchase_abo_0318_1+%28120248645402500151%29,0,3.99,0,1
2026-03-23,TikTok+SAN,6746466099,Luma_ios_wcx_aeo_1225_smart++%281852385308106114%29,0,18.98,0,2
2026-03-24,Facebook+Installs,6746782904,2.5+VOc+cbo+cyl+%28120239548238520475%29,0,73.89000000000001,0,11
2026-03-24,Facebook+Installs,6746782904,3.6+VOc+cyl+%28120240683942700475%29,0,99.86999999999999,0,13
2026-03-24,Instagram+Installs,6746466099,0408_Luma_iOS_AEO_MCY+%286894809601315%29,2,0,0,0
2026-03-24,Instagram+Installs,6746782904,0108-Romi-ios-AEO-zm1+%286944381583168%29,0,11.97,0,3
2026-03-24,Instagram+Installs,6746782904,2.5+VOc+cbo+cyl+%28120239548238520475%29,0,92.88000000000001,0,12
2026-03-24,Instagram+Installs,6746782904,Romi_ios_zmf_purchase_abo_0321_1+%28120248796382130151%29,0,79.92000000000002,0,8
2026-03-24,Off-Facebook+Installs,6746782904,5.13+VOc+cyl+%28120244392044050475%29,0,14.99,0,1
2026-03-24,TikTok+SAN,6746466099,Luma_ios_AEO_MCY_0228_s%2B_2+%281858365224276210%29,0,3.99,0,1
2026-03-24,TikTok+SAN,6746466099,Luma_ios_wcx_aeo_0120_smart_02+%281854728351163506%29,1,0,0,0
2026-03-24,TikTok+SAN,6746466099,Luma_ios_wcx_aeo_1119_smart++%281849118725316657%29,1,0,0,0
2026-03-25,Facebook+Installs,6746782904,0204-Romi-ios-VO-zm1+%286953751189968%29,0,34.940000000000005,0,6
2026-03-25,Facebook+Installs,6746782904,1226-2-Romi-ios-AEO-zm1+%286939852270968%29,0,891.5600000000003,0,44
2026-03-25,Facebook+Installs,6746782904,2.5+VOc+cbo+cyl+%28120239548238520475%29,1,350.36000000000024,0,64
2026-03-25,Facebook+Installs,6746782904,3.14+AEOc+cbo+cyl+%28120241002174210475%29,0,14.99,0,1
2026-03-25,Facebook+Installs,6746782904,Romi_ios_wcx_purchase_abo_1218+%28120237756277630517%29,1,31.950000000000003,0,5
2026-03-25,Facebook+Installs,6746782904,Romi_ios_zmf_purchase_abo_0321_1+%28120248796382130151%29,0,39.99,0,1
2026-03-25,Instagram+Installs,6746466099,Luma+ios_zjc_20260502_VO_ABO+%28120244401001560256%29,1,0,0,0
2026-03-25,Instagram+Installs,6746782904,2.5+VOc+cbo+cyl+%28120239548238520475%29,0,163.94000000000003,0,6
2026-03-25,Instagram+Installs,6746782904,Romi_ios_zmf_purchase_abo_0320_1+%28120248735216530151%29,0,3.99,0,1
2026-03-25,TikTok+SAN,6746466099,Luma_ios_AEO_MCY_0228_s%2B_2+%281858365224276210%29,1,0,0,0
2026-03-25,TikTok+SAN,6746466099,Luma_ios_wcx_aeo_0324_smart_1830+%281860538871390433%29,0,115.70999999999997,0,29
2026-03-25,TikTok+SAN,6746466099,Luma_ios_wcx_aeo_1225_smart++%281852385308106114%29,0,59.97,0,3
2026-03-26,Facebook+Installs,6746782904,0110-Romi-ios-AEO-zm1+%286945352791568%29,0,3.99,0,1
2026-03-26,Facebook+Installs,6746782904,0204-Romi-ios-VO-zm1+%286953751189968%29,0,39.90000000000001,0,10
2026-03-26,Facebook+Installs,6746782904,1226-2-Romi-ios-AEO-zm1+%286939852270968%29,0,158.79,0,21
2026-03-26,Facebook+Installs,6746782904,2.5+VOc+cbo+cyl+%28120239548238520475%29,0,3.99,0,1
2026-03-26,Facebook+Installs,6746782904,3.14+AEOc+cbo+cyl+%28120241002174210475%29,0,7.98,0,2
2026-03-26,Facebook+Installs,6746782904,Romi_ios_zmf_purchase_abo_0320_1+%28120248735216530151%29,0,158.89,0,11
2026-03-26,Instagram+Installs,6746782904,0416-22-Romi-ios-VO-cbo-zm1+%286928215078844%29,0,29.99,0,1
2026-03-26,Instagram+Installs,6746782904,2.5+VOc+cbo+cyl+%28120239548238520475%29,0,147.63,0,37
2026-03-26,Instagram+Installs,6746782904,3.6+VOc+cyl+%28120240683942700475%29,0,15.96,0,4
2026-03-26,Instagram+Installs,6746782904,5.13+VOc+cyl+%28120244392044050475%29,0,3.99,0,1
2026-03-26,Instagram+Installs,6746782904,Romi_ios_zmf_purchase_abo_0320_1+%28120248735216530151%29,0,46.940000000000005,0,6
2026-03-26,Instagram+Installs,6746782904,Romi_ios_zmf_vo_cbo_0319_2+%28120243482931960228%29,0,841.4900000000004,0,51
2026-03-26,Off-Facebook+Installs,6746782904,Romi_ios_wcx_purchase_abo_1218+%28120237756277630517%29,0,79.89,0,11
2026-03-26,TikTok+SAN,6746466099,Luma_ios_AEO_MCY_0228_s%2B_2+%281858365224276210%29,0,35.91000000000001,0,9
2026-03-26,TikTok+SAN,6746466099,Luma_ios_wcx_aeo_1225_smart++%281852385308106114%29,1,0,0,0
2026-03-27,Facebook+Installs,6746782904,0204-Romi-ios-VO-zm1+%286953751189968%29,0,51.940000000000005,0,6
2026-03-27,Facebook+Installs,6746782904,1226-2-Romi-ios-AEO-zm1+%286939852270968%29,0,113.88999999999999,0,11
2026-03-27,Facebook+Installs,6746782904,2.5+VOc+cbo+cyl+%28120239548238520475%29,0,213.52000000000015,0,48
2026-03-27,Facebook+Installs,6746782904,Romi_ios_wcx_purchase_abo_0120+%28120238950607240517%29,2,0,0,0
2026-03-27,Instagram+Installs,6746782904,0108-Romi-ios-AEO-zm1+%286944381583168%29,0,67.94999999999999,0,5
2026-03-27,Instagram+Installs,6746782904,2.5+VOc+cbo+cyl+%28120239548238520475%29,0,787.4900000000004,0,51
2026-03-27,TikTok+SAN,6746466099,Luma_ios_wcx_aeo_0324_smart_1830+%281860538871390433%29,1,0,0,0
2026-03-27,TikTok+SAN,6746466099,Luma_ios_wcx_aeo_1119_smart++%281849118725316657%29,1,0,0,0
2026-03-28,Facebook+Installs,6746782904,0204-Romi-ios-VO-zm1+%286953751189968%29,0,9.99,0,1
2026-03-28,Facebook+Installs,6746782904,1226-2-Romi-ios-AEO-zm1+%286939852270968%29,0,31.92000000000001,0,8
2026-03-28,Facebook+Installs,6746782904,2.5+VOc+cbo+cyl+%28120239548238520475%29,0,43.97,0,3
2026-03-28,Facebook+Installs,6746782904,3.14+AEOc+cbo+cyl+%28120241002174210475%29,0,7.98,0,2
2026-03-28,Facebook+Installs,6746782904,Romi+ios_wvv_260501_aeo_1+%28120243842848770517%29,0,25.950000000000003,0,5
2026-03-28,Facebook+web,6746782904,Romi+ios-W2A%E6%B5%8B%E8%AF%95-0328-1-zm1,0,19.950000000000003,0,5
2026-03-28,Facebook+web,6746782904,Romi+ios-W2A%E6%B5%8B%E8%AF%95-0328-2-zm1,0,63.92,0,8
2026-03-28,Instagram+Installs,6746782904,0108-Romi-ios-AEO-zm1+%286944381583168%29,0,14.99,0,1
2026-03-28,Instagram+Installs,6746782904,1226-2-Romi-ios-AEO-zm1+%286939852270968%29,1,27.96,0,4
2026-03-28,Instagram+Installs,6746782904,3.6+VOc+cyl+%28120240683942700475%29,0,473.3400000000004,0,66
2026-03-28,Instagram+Installs,6746782904,Romi+iOS_syh_260416_VO+%28120242388498510055%29,0,106.88999999999999,0,11
2026-03-28,Off-Facebook+Installs,6746782904,Romi_ios_wcx_purchase_abo_1218+%28120237756277630517%29,0,3.99,0,1
2026-03-28,TikTok+SAN,6746466099,,0,14.99,0,1
2026-03-28,TikTok+SAN,6746466099,Luma_ios_wcx_aeo_1119_smart++%281849118725316657%29,0,14.99,0,1
2026-03-28,TikTok+SAN,6746466099,Luma_ios_wcx_aeo_1225_smart++%281852385308106114%29,0,129.87999999999997,0,12
2026-03-29,Facebook+Installs,6746782904,1226-2-Romi-ios-AEO-zm1+%286939852270968%29,1,167.67000000000004,0,33
2026-03-29,Facebook+Installs,6746782904,2.5+VOc+cbo+cyl+%28120239548238520475%29,0,15.96,0,4
2026-03-29,Facebook+Installs,6746782904,Romi_ios_wcx_purchase_abo_0320_copy+%28120241375560010517%29,0,43.97,0,3
2026-03-29,Facebook+web,6746782904,Romi+ios-W2A%E6%B5%8B%E8%AF%95-0326-%E6%96%B0%E8%90%BD%E5%9C%B0%E9%A1%B5,0,27.930000000000007,0,7
2026-03-29,Instagram+Installs,6746782904,0110-Romi-ios-AEO-zm1+%286945352791568%29,0,31.950000000000003,0,5
2026-03-29,Instagram+Installs,6746782904,0204-Romi-ios-VO-zm1+%286953751189968%29,0,3.99,0,1
2026-03-29,Instagram+Installs,6746782904,1226-2-Romi-ios-AEO-zm1+%286939852270968%29,0,113.81999999999996,0,18
2026-03-29,Instagram+Installs,6746782904,2.5+VOc+cbo+cyl+%28120239548238520475%29,0,69.96,0,4
2026-03-29,Instagram+Installs,6746782904,3.6+VOc+cyl+%28120240683942700475%29,2,43.92000000000001,0,8
2026-03-29,Off-Facebook+Installs,6746782904,2.5+VOc+cbo+cyl+%28120239548238520475%29,0,259.96999999999997,0,3
2026-03-29,Off-Facebook+Installs,6746782904,3.14+AEOc+cbo+cyl+%28120241002174210475%29,0,27.930000000000007,0,7
2026-03-29,Off-Facebook+Installs,6746782904,Romi_ios_wcx_purchase_abo_1218+%28120237756277630517%29,0,47.959999999999994,0,4
2026-03-29,TikTok+SAN,6746466099,Luma_ios_AEO_MCY_0310_s%2B_1+%281859270697950289%29,0,295.3400000000003,0,66
2026-03-29,TikTok+SAN,6746466099,Luma_ios_wcx_aeo_0324_smart_1830+%281860538871390433%29,0,3.99,0,1
2026-03-29,TikTok+SAN,6746466099,Luma_ios_wcx_aeo_1119_smart++%281849118725316657%29,2,147.88000000000002,0,12
2026-03-30,Facebook+Installs,6746782904,0204-Romi-ios-VO-zm1+%286953751189968%29,0,7.98,0,2
2026-03-30,Facebook+Installs,6746782904,2.5+VOc+cbo+cyl+%28120239548238520475%29,0,1989.3700000000003,0,63
2026-03-30,Facebook+Installs,6746782904,3.6+VOc+cyl+%28120240683942700475%29,0,89.78999999999999,0,21
2026-03-30,Facebook+Installs,6746782904,Romi_ios_wcx_purchase_abo_1218+%28120237756277630517%29,0,105.88999999999997,0,11
2026-03-30,Facebook+Installs,6746782904,Romi_ios_zmf_purchase_abo_0320_1+%28120248735216530151%29,0,11.97,0,3
2026-03-30,Facebook+Installs,6746782904,Romi_ios_zmf_purchase_abo_0326_2+%28120243704198130228%29,0,235.73000000000002,0,27
2026-03-30,Facebook+Installs,6746782904,Romi_ios_zmf_vo_cbo_0319_2+%28120243482931960228%29,0,55.86000000000002,0,14
2026-03-30,Facebook+web,6746782904,Romi+ios-W2A%E6%B5%8B%E8%AF%95-0326-%E6%96%B0%E8%90%BD%E5%9C%B0%E9%A1%B5,0,73.89000000000001,0,11
2026-03-30,Instagram+Installs,6746782904,0108-Romi-ios-AEO-zm1+%286944381583168%29,0,21.96,0,4
2026-03-30,Instagram+Installs,6746782904,0110-Romi-ios-AEO-zm1+%286945352791568%29,0,43.890000000000015,0,11
2026-03-30,Instagram+Installs,6746782904,0204-Romi-ios-VO-zm1+%286953751189968%29,0,169.91,0,9
2026-03-30,Instagram+Installs,6746782904,1226-2-Romi-ios-AEO-zm1+%286939852270968%29,0,19.99,0,1
2026-03-30,Instagram+Installs,6746782904,2.5+VOc+cbo+cyl+%28120239548238520475%29,0,9.99,0,1
2026-03-30,Instagram+Installs,6746782904,5.13+VOc+cyl+%28120244392044050475%29,0,59.980000000000004,0,2
2026-03-30,Off-Facebook+Installs,6746782904,Romi_ios_wcx_purchase_abo_1218+%28120237756277630517%29,0,3.99,0,1
2026-03-30,TikTok+SAN,6746466099,Luma_ios_AEO_MCY_0113_s%2B+%281854195157498098%29,0,73.89000000000001,0,11
2026-03-30,TikTok+SAN,6746466099,Luma_ios_AEO_MCY_0228_s%2B_2+%281858365224276210%29,0,7.98,0,2
2026-03-30,TikTok+SAN,6746466099,Luma_ios_wcx_aeo_0324_smart_1830+%281860538871390433%29,1,105.80999999999997,0,19
2026-03-30,TikTok+SAN,6746466099,Luma_ios_wcx_aeo_0330_smart_r+%281861071683070273%29,0,39.98,0,2
2026-03-30,TikTok+SAN,6746466099,Luma_ios_wcx_aeo_1119_smart++%281849118725316657%29,1,17.97,0,3
2026-03-30,TikTok+SAN,6746466099,Luma_ios_wcx_aeo_1225_smart++%281852385308106114%29,1,121.80999999999996,0,19
2026-03-31,Facebook+Installs,6746466099,0408_Luma_iOS_AEO_MCY+%286894809601315%29,2,15.96,0,4
2026-03-31,Facebook+Installs,6746782904,0416-22-Romi-ios-VO-cbo-zm1+%286928215078844%29,0,3.99,0,1
2026-03-31,Facebook+Installs,6746782904,1226-2-Romi-ios-AEO-zm1+%286939852270968%29,0,56.90000000000001,0,10
2026-03-31,Facebook+Installs,6746782904,2.5+VOc+cbo+cyl+%28120239548238520475%29,0,73.83000000000001,0,17
2026-03-31,Facebook+Installs,6746782904,2.5_VO_cbo_copy+wcx+%28120241375902560517%29,0,19.99,0,1
2026-03-31,Facebook+Installs,6746782904,3.14+AEOc+cbo+cyl+%28120241002174210475%29,0,143.92,0,8
2026-03-31,Facebook+Installs,6746782904,Romi_ios_wcx_purchase_abo_1218+%28120237756277630517%29,0,27.930000000000007,0,7
2026-03-31,Facebook+Installs,6746782904,Romi_ios_zmf_purchase_abo_0320_1+%28120248735216530151%29,0,57.95,0,5
2026-03-31,Facebook+Installs,6746782904,Romi_ios_zmf_purchase_abo_0326_2+%28120243704198130228%29,1,9.99,0,1
2026-03-31,Facebook+Installs,6746782904,Romi_ios_zmf_vo_cbo_0325_1+%28120243690432680228%29,0,29.97,0,3
2026-03-31,Facebook+web,6746782904,,1,0,0,0
2026-03-31,Instagram+Installs,6746782904,2.5+VOc+cbo+cyl+%28120239548238520475%29,1,632.4300000000011,0,157
2026-03-31,Off-Facebook+Installs,6746782904,2.5+VOc+cbo+cyl+%28120239548238520475%29,0,19.950000000000003,0,5
2026-03-31,TikTok+SAN,6746466099,,0,351.80000000000007,0,20
2026-03-31,TikTok+SAN,6746466099,Luma_ios_AEO_MCY_0228_s%2B_1+%281858365270760530%29,0,63.940000000000005,0,6
2026-03-31,TikTok+SAN,6746466099,Luma_ios_wcx_aeo_1119_smart++%281849118725316657%29,1,235.7500000000001,0,25
2026-03-31,TikTok+SAN,6746466099,Luma_ios_wcx_aeo_1225_smart++%281852385308106114%29,0,226.5200000000001,0,48
2026-04-01,Facebook+Installs,6746782904,1226-2-Romi-ios-AEO-zm1+%286939852270968%29,1,891.7500000000001,0,25
2026-04-01,Facebook+Installs,6746782904,2.5_VO_cbo_copy+wcx+%28120241375902560517%29,0,183.54000000000008,0,46
2026-04-01,Facebook+web,6746782904,Romi+iOS_syh_260327_AEO,0,49.95,0,5
2026-04-01,Instagram+Installs,6746782904,0110-Romi-ios-AEO-zm1+%286945352791568%29,0,209.81000000000003,0,19
2026-04-01,Instagram+Installs,6746782904,0204-Romi-ios-VO-zm1+%286953751189968%29,0,297.80000000000007,0,20
2026-04-01,Instagram+Installs,6746782904,Romi_ios_zmf_purchase_abo_0320_1+%28120248735216530151%29,0,9.99,0,1
2026-04-01,Instagram+Installs,6746782904,Romi_ios_zmf_purchase_abo_0326_2+%28120243704198130228%29,0,15.96,0,4
2026-04-01,TikTok+SAN,6746466099,Luma_ios_wcx_aeo_1119_smart++%281849118725316657%29,0,33.97,0,3
2026-04-01,TikTok+SAN,6746466099,Luma_ios_zmf_0403_smart_purchase_01+%281861354060874786%29,0,3.99,0,1
2026-04-02,Facebook+Installs,6746782904,0110-Romi-ios-AEO-zm1+%286945352791568%29,1,0,0,0
2026-04-02,Facebook+Installs,6746782904,2.5_VO_cbo_copy+wcx+%28120241375902560517%29,0,93.83999999999999,0,16
2026-04-02,Facebook+Installs,6746782904,4.1+AEOc+cbo+Value+cyl+%28120241931190230475%29,0,59.85000000000002,0,15
2026-04-02,Facebook+Installs,6746782904,Romi_ios_wcx_purchase_abo_0320_copy+%28120241375560010517%29,0,51.90000000000001,0,10
2026-04-02,Facebook+Installs,6746782904,Romi_ios_wcx_purchase_abo_0402+%28120242153491500517%29,0,59.980000000000004,0,2
2026-04-02,Facebook+Installs,6746782904,Romi_ios_wcx_purchase_abo_0602_old+%28120242153491500517%29,0,39.99,0,1
2026-04-02,Facebook+Installs,6746782904,Romi_ios_zmf_purchase_abo_0320_1+%28120248735216530151%29,0,3.99,0,1
2026-04-02,Facebook+web,6746782904,Romi+iOS_syh_260327_AEO,0,339.87000000000006,0,13
2026-04-02,Instagram+Installs,6746782904,1226-2-Romi-ios-AEO-zm1+%286939852270968%29,0,3.99,0,1
2026-04-02,Instagram+Installs,6746782904,3.14+AEOc+cbo+cyl+%28120241002174210475%29,0,3.99,0,1
2026-04-02,Instagram+Installs,6746782904,4.1+AEOc+cbo+Value+cyl+%28120241931190230475%29,0,24.98,0,2
2026-04-02,Off-Facebook+Installs,6746782904,Romi_ios_wcx_purchase_abo_1218+%28120237756277630517%29,0,39.96,0,4
2026-04-02,TikTok+SAN,6746466099,,0,33.98,0,2
2026-04-02,TikTok+SAN,6746466099,0509-lhtt-Luma+25-%2F%2Fs%2B%2B+vo_1+%281865874720870849%29,0,3.99,0,1
2026-04-02,TikTok+SAN,6746466099,Luma_ios_AEO_MCY_0121_s%2B_+%281854916335942977%29,0,79.92999999999999,0,7
2026-04-02,TikTok+SAN,6746466099,Luma_ios_AEO_MCY_0129_s%2B_1+%281855671836989489%29,1,7.98,0,2
2026-04-02,TikTok+SAN,6746466099,Luma_ios_AEO_MCY_0310_s%2B_1+%281859270697950289%29,0,47.92000000000001,0,8
2026-04-02,TikTok+SAN,6746466099,Luma_ios_wcx_aeo_1225_smart++%281852385308106114%29,0,63.840000000000025,0,16
2026-04-03,Facebook+Installs,6746782904,0204-Romi-ios-VO-zm1+%286953751189968%29,0,23.940000000000005,0,6
2026-04-03,Facebook+Installs,6746782904,1226-2-Romi-ios-AEO-zm1+%286939852270968%29,0,17.97,0,3
2026-04-03,Facebook+Installs,6746782904,Romi_ios_wcx_purchase_abo_0320_copy+%28120241375560010517%29,0,11.97,0,3
2026-04-03,Facebook+Installs,6746782904,Romi_ios_wcx_purchase_abo_1218+%28120237756277630517%29,0,39.99,0,1
2026-04-03,Facebook+Installs,6746782904,Romi_ios_zmf_purchase_abo_0321_1+%28120248796382130151%29,0,9.99,0,1
2026-04-03,Facebook+web,6746782904,Romi+iOS_syh_260402_AEO,0,23.940000000000005,0,6
2026-04-03,Facebook+web,6746782904,Romi+ios-W2A%E6%B5%8B%E8%AF%95-0326-%E6%96%B0%E8%90%BD%E5%9C%B0%E9%A1%B5,1,269.93,0,7
2026-04-03,Instagram+Installs,6746782904,0204-Romi-ios-VO-zm1+%286953751189968%29,0,3.99,0,1
2026-04-03,Instagram+Installs,6746782904,3.14+AEOc+cbo+cyl+%28120241002174210475%29,0,127.79999999999995,0,20
2026-04-03,Instagram+Installs,6746782904,4.1+AEOc+cbo+Value+cyl+%28120241931190230475%29,0,119.93999999999998,0,6
2026-04-03,Off-Facebook+Installs,6746782904,Romi_ios_wcx_purchase_abo_0320_copy+%28120241375560010517%29,0,15.96,0,4
2026-04-03,TikTok+SAN,6746466099,,0,17.97,0,3
2026-04-03,TikTok+SAN,6746466099,Luma_ios_AEO_MCY_0121_s%2B_+%281854916335942977%29,0,3.99,0,1
2026-04-03,TikTok+SAN,6746466099,Luma_ios_wcx_aeo_0330_smart_sss+%281861074747568625%29,0,19.98,0,2
2026-04-03,TikTok+SAN,6746466099,Luma_ios_wcx_aeo_1119_smart++%281849118725316657%29,0,11.97,0,3
2026-04-03,TikTok+SAN,6746466099,Luma_ios_wcx_aeo_1225_smart++%281852385308106114%29,0,55.95,0,5
2026-04-04,Facebook+Installs,6746466099,Luma_ios_zmf_abo_1220_2+%286945556930012%29,0,3.99,0,1
2026-04-04,Facebook+Installs,6746782904,0204-Romi-ios-VO-zm1+%286953751189968%29,0,151.82000000000005,0,18
2026-04-04,Facebook+Installs,6746782904,1226-2-Romi-ios-AEO-zm1+%286939852270968%29,0,39.93000000000001,0,7
2026-04-04,Facebook+Installs,6746782904,2.5_VO_cbo_copy+wcx+%28120241375902560517%29,0,159.98,0,2
2026-04-04,Facebook+Installs,6746782904,3.14+AEOc+cbo+cyl+%28120241002174210475%29,0,79.80000000000001,0,20
2026-04-04,Facebook+Installs,6746782904,3.6+VOc+cyl+%28120240683942700475%29,0,235.59000000000015,0,41
2026-04-04,Facebook+Installs,6746782904,Romi_ios_wcx_purchase_abo_1218+%28120237756277630517%29,0,14.99,0,1
2026-04-04,Facebook+web,6746782904,Romi+iOS_syh_260327_AEO,0,19.98,0,2
2026-04-04,Instagram+Installs,6746782904,0204-Romi-ios-VO-zm1+%286953751189968%29,0,99.93999999999998,0,6
2026-04-04,Instagram+Installs,6746782904,3.14+AEOc+cbo+cyl+%28120241002174210475%29,0,11.97,0,3
2026-04-04,Instagram+Installs,6746782904,4.1+AEOc+cbo+Value+cyl+%28120241931190230475%29,0,11.97,0,3
2026-04-04,TikTok+SAN,6746466099,,0,621.5000000000003,0,50
2026-04-04,TikTok+SAN,6746466099,Luma_ios_AEO_MCY_0113_s%2B+%281854195157498098%29,0,621.6600000000002,0,34
2026-04-04,TikTok+SAN,6746466099,Luma_ios_wcx_aeo_1119_smart++%281849118725316657%29,0,41.91000000000001,0,9
2026-04-04,TikTok+SAN,6746466099,Luma_ios_wcx_aeo_1225_smart++%281852385308106114%29,0,15.96,0,4
2026-04-05,Facebook+Installs,6746782904,0110-Romi-ios-AEO-zm1+%286945352791568%29,1,51.91000000000001,0,9
2026-04-05,Facebook+Installs,6746782904,1226-2-Romi-ios-AEO-zm1+%286939852270968%29,0,9.99,0,1
2026-04-05,Facebook+Installs,6746782904,2.5_VO_cbo_copy+wcx+%28120241375902560517%29,0,31.92000000000001,0,8
2026-04-05,Facebook+Installs,6746782904,3.6+VOc+cyl+%28120240683942700475%29,0,139.92,0,8
2026-04-05,Facebook+Installs,6746782904,Romi+ios_wvv_260501_aeo_1+%28120243842848770517%29,2,0,0,0
2026-04-05,Facebook+Installs,6746782904,Romi_ios_zmf_purchase_abo_0320_1+%28120248735216530151%29,1,0,0,0
2026-04-05,Facebook+web,6746782904,Romi+iOS_syh_260402_AEO,0,85.86,0,14
2026-04-05,Instagram+Installs,6746782904,0110-Romi-ios-AEO-zm1+%286945352791568%29,0,15.96,0,4
2026-04-05,Instagram+Installs,6746782904,0204-Romi-ios-VO-zm1+%286953751189968%29,0,213.86,0,14
2026-04-05,TikTok+SAN,6746466099,,0,899.5500000000003,0,45
2026-04-05,TikTok+SAN,6746466099,Luma_ios_wcx_aeo_0330_smart_sss+%281861074747568625%29,0,35.91000000000001,0,9
2026-04-05,TikTok+SAN,6746466099,Luma_ios_wcx_aeo_1119_smart++%281849118725316657%29,1,137.74999999999997,0,25
2026-04-05,TikTok+SAN,6746466099,Luma_ios_wcx_aeo_1225_smart++%281852385308106114%29,0,251.75000000000006,0,25
2026-04-05,TikTok+SAN,6746466099,Luma_ios_zmf_0403_smart_purchase_01+%281861354060874786%29,0,139.96,0,4
2026-04-06,Facebook+Installs,6746466099,0408_Luma_iOS_AEO_MCY+%286894809601315%29,0,3.99,0,1
2026-04-06,Facebook+Installs,6746782904,0110-Romi-ios-AEO-zm1+%286945352791568%29,0,15.96,0,4
2026-04-06,Facebook+Installs,6746782904,1226-2-Romi-ios-AEO-zm1+%286939852270968%29,0,29.979999999999997,0,2
2026-04-06,Facebook+Installs,6746782904,2.5_VO_cbo_copy+wcx+%28120241375902560517%29,0,69.88000000000001,0,12
2026-04-06,Facebook+Installs,6746782904,3.14+AEOc+cbo+cyl+%28120241002174210475%29,0,23.940000000000005,0,6
2026-04-06,Facebook+Installs,6746782904,3.6+VOc+cyl+%28120240683942700475%29,0,73.89000000000001,0,11
2026-04-06,Facebook+Installs,6746782904,4.1+AEOc+cbo+Value+cyl+%28120241931190230475%29,1,473.70000000000016,0,30
2026-04-06,Facebook+Installs,6746782904,Romi_ios_wcx_purchase_abo_0602_old+%28120242153491500517%29,0,3.99,0,1
2026-04-06,Facebook+Installs,6746782904,Romi_ios_wcx_purchase_abo_1218+%28120237756277630517%29,0,75.9,0,10
2026-04-06,Facebook+Installs,6746782904,Romi_ios_zmf_vo_cbo_0319_2+%28120243482931960228%29,0,111.74999999999996,0,25
2026-04-06,Facebook+web,6746782904,Romi+iOS_syh_260327_AEO,0,112.75999999999999,0,24
2026-04-06,Facebook+web,6746782904,Romi+ios-W2A%E6%B5%8B%E8%AF%95-0326-%E6%96%B0%E8%90%BD%E5%9C%B0%E9%A1%B5,0,44.96,0,4
2026-04-06,Instagram+Installs,6746782904,0108-Romi-ios-AEO-zm1+%286944381583168%29,0,3.99,0,1
2026-04-06,Instagram+Installs,6746782904,3.6+VOc+cyl+%28120240683942700475%29,0,9.99,0,1
2026-04-06,Instagram+Installs,6746782904,4.18+VOc+cyl+%28120242759838130475%29,0,15.96,0,4
2026-04-06,TikTok+SAN,6746466099,Luma_ios_AEO_MCY_0310_s%2B_1+%281859270697950289%29,0,64.96,0,4
2026-04-06,TikTok+SAN,6746466099,Luma_ios_wcx_aeo_0330_smart_aaaa+%281861075811376338%29,0,11.97,0,3
2026-04-06,TikTok+SAN,6746466099,Luma_ios_wcx_aeo_0330_smart_sss+%281861074747568625%29,0,15.96,0,4
2026-04-06,TikTok+SAN,6746466099,Luma_ios_wcx_aeo_1119_smart++%281849118725316657%29,0,133.82999999999998,0,17
2026-04-06,TikTok+SAN,6746466099,Luma_ios_wcx_aeo_1225_smart++%281852385308106114%29,1,325.33000000000027,0,67
2026-04-07,Facebook+Installs,6746782904,0108-Romi-ios-AEO-zm1+%286944381583168%29,0,43.92000000000001,0,8
2026-04-07,Facebook+Installs,6746782904,1226-2-Romi-ios-AEO-zm1+%286939852270968%29,1,149.67,0,33
2026-04-07,Facebook+Installs,6746782904,3.6+VOc+cyl+%28120240683942700475%29,1,237.42000000000021,0,58
2026-04-07,Facebook+Installs,6746782904,4.1+AEOc+cbo+Value+cyl+%28120241931190230475%29,0,399.90000000000003,0,10
2026-04-07,Facebook+Installs,6746782904,Romi_ios_wcx_purchase_abo_0402+%28120242153491500517%29,0,63.90000000000001,0,10
2026-04-07,Instagram+Installs,6746782904,0204-Romi-ios-VO-zm1+%286953751189968%29,0,177.85000000000002,0,15
2026-04-07,Instagram+Installs,6746782904,1226-2-Romi-ios-AEO-zm1+%286939852270968%29,0,277.8400000000001,0,16
2026-04-07,Instagram+Installs,6746782904,3.6+VOc+cyl+%28120240683942700475%29,0,403.81000000000006,0,19
2026-04-07,Instagram+Installs,6746782904,4.1+AEOc+cbo+Value+cyl+%28120241931190230475%29,0,19.950000000000003,0,5
2026-04-07,Instagram+Installs,6746782904,Romi_ios_zmf_purchase_abo_0326_2+%28120243704198130228%29,0,589.87,0,13
2026-04-07,TikTok+SAN,6746466099,,0,11.97,0,3
2026-04-07,TikTok+SAN,6746466099,Luma_ios_wcx_aeo_0330_smart_sss+%281861074747568625%29,1,33.97,0,3
2026-04-07,TikTok+SAN,6746466099,Luma_ios_wcx_aeo_1119_smart++%281849118725316657%29,0,31.92000000000001,0,8
2026-04-07,TikTok+SAN,6746466099,Luma_ios_wcx_aeo_1225_smart++%281852385308106114%29,1,39.98,0,2
2026-04-08,Facebook+Installs,6746782904,0416-22-Romi-ios-VO-cbo-zm1+%286928215078844%29,0,18.98,0,2
2026-04-08,Facebook+Installs,6746782904,1226-2-Romi-ios-AEO-zm1+%286939852270968%29,2,17.97,0,3
2026-04-08,Facebook+Installs,6746782904,2.5_VO_cbo_copy+wcx+%28120241375902560517%29,0,183.89000000000004,0,11
2026-04-08,Facebook+Installs,6746782904,3.14+AEOc+cbo+cyl+%28120241002174210475%29,1,0,0,0
2026-04-08,Facebook+Installs,6746782904,3.6+VOc+cyl+%28120240683942700475%29,0,119.94999999999997,0,5
2026-04-08,Facebook+Installs,6746782904,4.1+AEOc+cbo+Value+cyl+%28120241931190230475%29,1,543.8000000000001,0,20
2026-04-08,Instagram+Installs,6746782904,0204-Romi-ios-VO-zm1+%286953751189968%29,0,43.96,0,4
2026-04-08,Instagram+Installs,6746782904,3.6+VOc+cyl+%28120240683942700475%29,1,0,0,0
2026-04-08,Instagram+Installs,6746782904,Romi_ios_zmf_vo_cbo_0325_1+%28120243690432680228%29,0,39.98,0,2
2026-04-08,TikTok+SAN,6746466099,Luma_ios_wcx_aeo_0330_smart_aaaa+%281861075811376338%29,0,7.98,0,2
2026-04-08,TikTok+SAN,6746466099,Luma_ios_wcx_aeo_0330_smart_sss+%281861074747568625%29,1,0,0,0
2026-04-08,TikTok+SAN,6746466099,Luma_ios_wcx_aeo_1119_smart++%281849118725316657%29,1,123.74999999999994,0,25
2026-04-09,Facebook+Installs,6746782904,0108-Romi-ios-AEO-zm1+%286944381583168%29,0,19.950000000000003,0,5
2026-04-09,Facebook+Installs,6746782904,0204-Romi-ios-VO-zm1+%286953751189968%29,0,14.99,0,1
2026-04-09,Facebook+Installs,6746782904,0408-liuh-Romi+ios-%2F%2Faeo+%28120245045401280730%29,0,3.99,0,1
2026-04-09,Facebook+Installs,6746782904,1226-2-Romi-ios-AEO-zm1+%286939852270968%29,0,137.81,0,19
2026-04-09,Facebook+Installs,6746782904,2.5_VO_cbo_copy+wcx+%28120241375902560517%29,0,27.930000000000007,0,7
2026-04-09,Facebook+Installs,6746782904,3.6+VOc+cyl+%28120240683942700475%29,0,163.71,0,29
2026-04-09,Facebook+Installs,6746782904,4.1+AEOc+cbo+Value+cyl+%28120241931190230475%29,0,389.5100000000002,0,49
2026-04-09,Facebook+Installs,6746782904,Romi_ios_wcx_purchase_abo_0404_copy+%28120242278057760517%29,0,3.99,0,1
2026-04-09,Facebook+web,6746782904,0408-liuh-Romi+ios-%2F%2Faeo,0,463.1700000000006,0,83
2026-04-09,Facebook+web,6746782904,Romi+iOS_syh_260327_AEO,0,119.97,0,3
2026-04-09,Facebook+web,6746782904,Romi+iOS_syh_260402_AEO,0,59.97,0,3
2026-04-09,Instagram+Installs,6746782904,1226-2-Romi-ios-AEO-zm1+%286939852270968%29,0,59.89000000000001,0,11
2026-04-09,Instagram+Installs,6746782904,4.1+AEOc+cbo+Value+cyl+%28120241931190230475%29,0,589.7000000000002,0,30
2026-04-09,Luma+ios+FB+W2A,6746466099,0408-liuh-Luma+ios-%2F%2Faeo,0,39.90000000000001,0,10
2026-04-09,TikTok+SAN,6746466099,,0,109.96000000000001,0,4
2026-04-09,TikTok+SAN,6746466099,Luma_ios_wcx_aeo_0120_smart_02+%281854728351163506%29,1,0,0,0
2026-04-09,TikTok+SAN,6746466099,Luma_ios_wcx_aeo_0330_smart_aaaa+%281861075811376338%29,0,286.46000000000026,0,54
2026-04-09,TikTok+SAN,6746466099,Luma_ios_wcx_aeo_0330_smart_sss+%281861074747568625%29,0,33.97,0,3
2026-04-09,TikTok+SAN,6746466099,Luma_ios_wcx_aeo_1119_smart++%281849118725316657%29,1,41.95,0,5
2026-04-09,TikTok+SAN,6746466099,Luma_ios_wcx_aeo_1225_smart++%281852385308106114%29,1,9.99,0,1
2026-04-09,TikTok+SAN,6746466099,Luma_ios_zmf_0403_smart_purchase_01+%281861354060874786%29,1,0,0,0
2026-04-10,Facebook+Installs,6746782904,0108-Romi-ios-AEO-zm1+%286944381583168%29,0,9.99,0,1
2026-04-10,Facebook+Installs,6746782904,1226-2-Romi-ios-AEO-zm1+%286939852270968%29,0,183.80000000000004,0,20
2026-04-10,Facebook+Installs,6746782904,3.6+VOc+cyl+%28120240683942700475%29,0,373.92,0,8
2026-04-10,Facebook+Installs,6746782904,4.1+AEOc+cbo+Value+cyl+%28120241931190230475%29,0,115.94999999999999,0,5
2026-04-10,Facebook+Installs,6746782904,Romi+iOS_syh_260416_VO+%28120242388498510055%29,1,400.49000000000024,0,51
2026-04-10,Facebook+Installs,6746782904,Romi_ios_zmf_vo_cbo_0319_2+%28120243482931960228%29,0,14.99,0,1
2026-04-10,Facebook+Installs,6746782904,Romi_ios_zmf_vo_cbo_0325_1+%28120243690432680228%29,0,3.99,0,1
2026-04-10,Facebook+web,6746782904,0408-liuh-Romi+ios-%2F%2Fvo,0,13.98,0,2
2026-04-10,Facebook+web,6746782904,Romi+iOS_syh_260327_AEO,0,233.47000000000017,0,53
2026-04-10,Facebook+web,6746782904,Romi+iOS_syh_260402_AEO,0,89.89999999999998,0,10
2026-04-10,Instagram+Installs,6746782904,4.1+AEOc+cbo+Value+cyl+%28120241931190230475%29,0,911.6700000000002,0,33
2026-04-10,TikTok+SAN,6746466099,,0,11.97,0,3
2026-04-10,TikTok+SAN,6746466099,Luma_ios_AEO_MCY_0228_s%2B_1+%281858365270760530%29,0,299.74000000000007,0,26
2026-04-10,TikTok+SAN,6746466099,Luma_ios_wcx_aeo_0120_smart_02+%281854728351163506%29,0,192.69000000000005,0,31
2026-04-10,TikTok+SAN,6746466099,Luma_ios_wcx_aeo_0330_smart_sss+%281861074747568625%29,0,9.99,0,1
2026-04-10,TikTok+SAN,6746466099,Luma_ios_wcx_aeo_1119_smart++%281849118725316657%29,0,55.93000000000001,0,7
2026-04-10,TikTok+SAN,6746466099,Luma_ios_wcx_aeo_1225_smart++%281852385308106114%29,4,100.92999999999999,0,7
2026-04-10,TikTok+SAN,6746466099,Luma_ios_zmf_0408_smart_purchase_01+%281861791826664593%29,0,302.81000000000006,0,19
2026-04-11,Facebook+Installs,6746466099,Luma_ios_zmf_abo_0326_1+%286989138592412%29,1,0,0,0
2026-04-11,Facebook+Installs,6746782904,0204-Romi-ios-VO-zm1+%286953751189968%29,0,163.65,0,35
2026-04-11,Facebook+Installs,6746782904,1226-2-Romi-ios-AEO-zm1+%286939852270968%29,1,15.96,0,4
2026-04-11,Facebook+Installs,6746782904,3.14+AEOc+cbo+cyl+%28120241002174210475%29,0,131.92999999999998,0,7
2026-04-11,Facebook+Installs,6746782904,3.6+VOc+cyl+%28120240683942700475%29,0,51.96,0,4
2026-04-11,Facebook+Installs,6746782904,4.1+AEOc+cbo+Value+cyl+%28120241931190230475%29,0,33.98,0,2
2026-04-11,Facebook+Installs,6746782904,Romi_ios_zmf_purchase_abo_0320_1+%28120248735216530151%29,0,307.81000000000006,0,19
2026-04-11,Facebook+Installs,6746782904,Romi_ios_zmf_vo_abo_0411_1+%28120249834385690151%29,0,129.92,0,8
2026-04-11,Facebook+Installs,6746782904,Romi_ios_zmf_vo_cbo_0325_1+%28120243690432680228%29,0,97.86,0,14
2026-04-11,Facebook+web,6746782904,0408-liuh-Romi+ios-%2F%2Fvo,0,43.92000000000001,0,8
2026-04-11,Facebook+web,6746782904,Romi+iOS_syh_260327_AEO,0,383.41000000000025,0,59
2026-04-11,Instagram+Installs,6746466099,Luma+iOS_cy1_260529_aeo+%28120246299865950256%29,0,18.98,0,2
2026-04-11,Instagram+Installs,6746782904,1226-2-Romi-ios-AEO-zm1+%286939852270968%29,0,3.99,0,1
2026-04-11,Instagram+Installs,6746782904,3.14+AEOc+cbo+cyl+%28120241002174210475%29,1,3.99,0,1
2026-04-11,Instagram+Installs,6746782904,3.6+VOc+cyl+%28120240683942700475%29,0,293.7500000000001,0,25
2026-04-11,Instagram+Installs,6746782904,4.1+AEOc+cbo+Value+cyl+%28120241931190230475%29,0,53.959999999999994,0,4
2026-04-11,Instagram+Installs,6746782904,Romi_ios_zmf_purchase_abo_0320_1+%28120248735216530151%29,0,7.98,0,2
2026-04-11,Instagram+Installs,6746782904,Romi_ios_zmf_vo_cbo_0319_2+%28120243482931960228%29,0,19.950000000000003,0,5
2026-04-11,Luma+ios+FB+W2A,6746466099,Luma+ios_wvv_260411_aeo-w2a_1,0,163.9,0,10
2026-04-11,Off-Facebook+Installs,6746782904,3.14+AEOc+cbo+cyl+%28120241002174210475%29,0,109.85999999999997,0,14
2026-04-11,TikTok+SAN,6746466099,,0,26.96,0,4
2026-04-11,TikTok+SAN,6746466099,Luma_ios_AEO_MCY_0113_s%2B+%281854195157498098%29,0,92.87,0,13
2026-04-11,TikTok+SAN,6746466099,Luma_ios_wcx_aeo_1119_smart++%281849118725316657%29,0,257.76000000000005,0,24
2026-04-11,TikTok+SAN,6746466099,Luma_ios_wcx_aeo_1225_smart++%281852385308106114%29,0,7.98,0,2
2026-04-12,Facebook+Installs,6746466099,Luma+ios_zjc_20260502_VO_ABO+%28120244401001560256%29,1,0,0,0
2026-04-12,Facebook+Installs,6746782904,0108-Romi-ios-AEO-zm1+%286944381583168%29,0,3.99,0,1
2026-04-12,Facebook+Installs,6746782904,0204-Romi-ios-VO-zm1+%286953751189968%29,0,134.75999999999996,0,24
2026-04-12,Facebook+Installs,6746782904,1226-2-Romi-ios-AEO-zm1+%286939852270968%29,0,31.92000000000001,0,8
2026-04-12,Facebook+Installs,6746782904,3.14+AEOc+cbo+cyl+%28120241002174210475%29,0,19.950000000000003,0,5
2026-04-12,Facebook+Installs,6746782904,3.6+VOc+cyl+%28120240683942700475%29,2,993.5000000000003,0,50
2026-04-12,Facebook+Installs,6746782904,4.1+AEOc+cbo+Value+cyl+%28120241931190230475%29,1,707.0400000000006,0,96
2026-04-12,Facebook+Installs,6746782904,Romi_ios_wcx_purchase_abo_1218+%28120237756277630517%29,0,7.98,0,2
2026-04-12,Facebook+Installs,6746782904,Romi_ios_zmf_purchase_abo_0321_1+%28120248796382130151%29,1,7.98,0,2
2026-04-12,Facebook+Installs,6746782904,Romi_ios_zmf_vo_cbo_0319_2+%28120243482931960228%29,0,23.979999999999997,0,2
2026-04-12,Facebook+web,6746782904,0408-liuh-Romi+ios-%2F%2Faeo,0,81.81,0,19
2026-04-12,Facebook+web,6746782904,0408-liuh-Romi+ios-%2F%2Fvo,1,95.87999999999998,0,12
2026-04-12,Facebook+web,6746782904,Romi+iOS_syh_260327_AEO,0,99.81999999999998,0,18
2026-04-12,Facebook+web,6746782904,Romi+ios_zjc_20260409_VO_W2A,0,263.73,0,27
2026-04-12,Instagram+Installs,6746782904,0204-Romi-ios-VO-zm1+%286953751189968%29,0,7.98,0,2
2026-04-12,Instagram+Installs,6746782904,0408-liuh-Romi+ios-%2F%2Fvo+%28120245046611670730%29,0,24.98,0,2
2026-04-12,Instagram+Installs,6746782904,1226-2-Romi-ios-AEO-zm1+%286939852270968%29,0,3.99,0,1
2026-04-12,Instagram+Installs,6746782904,3.6+VOc+cyl+%28120240683942700475%29,0,73.96000000000001,0,4
2026-04-12,Instagram+Installs,6746782904,4.1+AEOc+cbo+Value+cyl+%28120241931190230475%29,0,205.87,0,13
2026-04-12,Instagram+Installs,6746782904,Romi_ios_zmf_purchase_abo_0320_1+%28120248735216530151%29,0,35.91000000000001,0,9
2026-04-12,Instagram+Installs,6746782904,Romi_ios_zmf_purchase_abo_0321_1+%28120248796382130151%29,0,15.96,0,4
2026-04-12,Instagram+Installs,6746782904,Romi_ios_zmf_purchase_abo_0326_2+%28120243704198130228%29,0,19.950000000000003,0,5
2026-04-12,Instagram+Installs,6746782904,Romi_ios_zmf_vo_cbo_0325_1+%28120243690432680228%29,0,7.98,0,2
2026-04-12,Luma+ios+FB+W2A,6746466099,Luma+ios-W2A-0409-MCY,0,159.94000000000003,0,6
2026-04-12,TikTok+SAN,6746466099,Luma_ios_AEO_MCY_0408_s%2B_1+%281861896974456513%29,0,24.98,0,2
2026-04-12,TikTok+SAN,6746466099,Luma_ios_wcx_aeo_1119_smart++%281849118725316657%29,0,251.43000000000023,0,57
2026-04-12,TikTok+SAN,6746466099,Luma_ios_wcx_aeo_1225_smart++%281852385308106114%29,0,13.98,0,2
2026-04-13,Facebook+Installs,6746782904,0108-Romi-ios-AEO-zm1+%286944381583168%29,0,33.93000000000001,0,7
2026-04-13,Facebook+Installs,6746782904,0513-Romi-ios-AEO-abo-zm1+%286941788247044%29,0,157.62,0,38
2026-04-13,Facebook+Installs,6746782904,1226-2-Romi-ios-AEO-zm1+%286939852270968%29,2,83.82000000000001,0,18
2026-04-13,Facebook+Installs,6746782904,3.14+AEOc+cbo+cyl+%28120241002174210475%29,0,7.98,0,2
2026-04-13,Facebook+Installs,6746782904,3.6+VOc+cyl+%28120240683942700475%29,0,1045.550000000001,0,145
2026-04-13,Facebook+Installs,6746782904,4.1+AEOc+cbo+Value+cyl+%28120241931190230475%29,0,245.7200000000001,0,28
2026-04-13,Facebook+Installs,6746782904,Romi_ios_zmf_purchase_abo_0320_1+%28120248735216530151%29,0,101.92999999999999,0,7
2026-04-13,Facebook+Installs,6746782904,Romi_ios_zmf_purchase_abo_0321_1+%28120248796382130151%29,0,31.92000000000001,0,8
2026-04-13,Facebook+Installs,6746782904,Romi_ios_zmf_vo_abo_0411_1+%28120249834385690151%29,0,47.88000000000002,0,12
2026-04-13,Facebook+Installs,6746782904,Romi_ios_zmf_vo_cbo_0319_2+%28120243482931960228%29,0,19.99,0,1
2026-04-13,Facebook+Installs,6746782904,Romi_ios_zmf_vo_cbo_0325_1+%28120243690432680228%29,0,301.35000000000025,0,65
2026-04-13,Facebook+web,6746782904,0408-liuh-Romi+ios-%2F%2Fvo,0,21.96,0,4
2026-04-13,Facebook+web,6746782904,Romi+iOS_syh_260402_AEO,0,119.93999999999998,0,6
2026-04-13,Instagram+Installs,6746782904,0408-liuh-Romi+ios-%2F%2Faeo+%28120245045401280730%29,0,59.97,0,3
2026-04-13,Instagram+Installs,6746782904,3.6+VOc+cyl+%28120240683942700475%29,0,217.47000000000014,0,53
2026-04-13,Instagram+Installs,6746782904,Romi_ios_zmf_purchase_abo_0321_1+%28120248796382130151%29,0,69.91999999999999,0,8
2026-04-13,Instagram+Installs,6746782904,Romi_ios_zmf_vo_cbo_0325_1+%28120243690432680228%29,0,3.99,0,1
2026-04-13,TikTok+SAN,6746466099,,0,3.99,0,1
2026-04-13,TikTok+SAN,6746466099,Luma_ios_wcx_aeo_1119_smart++%281849118725316657%29,1,168.69000000000003,0,31
2026-04-13,TikTok+SAN,6746466099,Luma_ios_wcx_aeo_1225_smart++%281852385308106114%29,0,104.87999999999998,0,12
2026-04-14,Facebook+Installs,6746782904,0204-Romi-ios-VO-zm1+%286953751189968%29,0,115.94999999999999,0,5
2026-04-14,Facebook+Installs,6746782904,0408-liuh-Romi+ios-%2F%2Faeo+%28120245045401280730%29,0,13.98,0,2
2026-04-14,Facebook+Installs,6746782904,0408-liuh-Romi+ios-%2F%2Fvo+%28120245046611670730%29,0,49.890000000000015,0,11
2026-04-14,Facebook+Installs,6746782904,1226-2-Romi-ios-AEO-zm1+%286939852270968%29,1,0,0,0
2026-04-14,Facebook+Installs,6746782904,3.14+AEOc+cbo+cyl+%28120241002174210475%29,0,18.98,0,2
2026-04-14,Facebook+Installs,6746782904,4.1+AEOc+cbo+Value+cyl+%28120241931190230475%29,1,1081.1700000000005,0,83
2026-04-14,Facebook+Installs,6746782904,Romi_ios_zmf_purchase_abo_0320_1+%28120248735216530151%29,0,101.78999999999996,0,21
2026-04-14,Facebook+web,6746782904,%7B%7Bcampaign.name%7D%7D,0,21.96,0,4
2026-04-14,Facebook+web,6746782904,Romi+iOS_syh_260402_AEO,0,3.99,0,1
2026-04-14,Instagram+Installs,6746782904,0204-Romi-ios-VO-zm1+%286953751189968%29,2,9.99,0,1
2026-04-14,Instagram+Installs,6746782904,0408-liuh-Romi+ios-%2F%2Fvo+%28120245046611670730%29,2,7.98,0,2
2026-04-14,Instagram+Installs,6746782904,1226-2-Romi-ios-AEO-zm1+%286939852270968%29,0,29.940000000000005,0,6
2026-04-14,Instagram+Installs,6746782904,3.6+VOc+cyl+%28120240683942700475%29,0,23.979999999999997,0,2
2026-04-14,Instagram+Installs,6746782904,4.1+AEOc+cbo+Value+cyl+%28120241931190230475%29,0,3.99,0,1
2026-04-14,Instagram+Installs,6746782904,Romi_ios_zmf_vo_abo_0411_1+%28120249834385690151%29,0,15.96,0,4
2026-04-14,Off-Facebook+Installs,6746782904,Romi_ios_zmf_vo_cbo_0325_1+%28120243690432680228%29,0,257.4000000000002,0,60
2026-04-14,TikTok+SAN,6746466099,,0,97.89999999999998,0,10
2026-04-14,TikTok+SAN,6746466099,Luma_ios_wcx_aeo_0330_smart_sss+%281861074747568625%29,0,11.97,0,3
2026-04-14,TikTok+SAN,6746466099,Luma_ios_wcx_aeo_0414_smart+%281862352519146641%29,0,53.92000000000001,0,8
2026-04-14,TikTok+SAN,6746466099,Luma_ios_wcx_aeo_1119_smart++%281849118725316657%29,0,45.90000000000001,0,10
2026-04-14,TikTok+SAN,6746466099,Luma_ios_wcx_aeo_1225_smart++%281852385308106114%29,0,3.99,0,1
2026-04-14,TikTok+SAN,6746466099,Luma_ios_zmf_0414_smart_purchase_02+%281862347977637202%29,0,317.6700000000002,0,33
2026-04-15,Facebook+Installs,6746782904,0110-Romi-ios-AEO-zm1+%286945352791568%29,0,295.83000000000004,0,17
2026-04-15,Facebook+Installs,6746782904,4.1+AEOc+cbo+Value+cyl+%28120241931190230475%29,0,656.690000000001,0,131
2026-04-15,Facebook+Installs,6746782904,Romi_ios_zmf_purchase_abo_0320_1+%28120248735216530151%29,0,7.98,0,2
2026-04-15,Facebook+Installs,6746782904,Romi_ios_zmf_purchase_abo_0321_1+%28120248796382130151%29,1,3.99,0,1
2026-04-15,Facebook+Installs,6746782904,Romi_ios_zmf_vo_cbo_0319_2+%28120243482931960228%29,0,18.98,0,2
2026-04-15,Facebook+Installs,6746782904,Romi_ios_zmf_vo_cbo_0325_1+%28120243690432680228%29,0,117.81999999999998,0,18
2026-04-15,Instagram+Installs,6746466099,Luma+iOS_syh_260422_AEO+%28120241407442320137%29,0,7.98,0,2
2026-04-15,Instagram+Installs,6746782904,1226-2-Romi-ios-AEO-zm1+%286939852270968%29,0,3.99,0,1
2026-04-15,Instagram+Installs,6746782904,3.6+VOc+cyl+%28120240683942700475%29,0,152.75,0,25
2026-04-15,Instagram+Installs,6746782904,4.1+AEOc+cbo+Value+cyl+%28120241931190230475%29,0,59.97,0,3
2026-04-15,TikTok+SAN,6746466099,,0,63.94,0,6
2026-04-15,TikTok+SAN,6746466099,Luma+ios_wvv_aeo_0415_s%2B+%281862433757030434%29,0,79.97,0,3
2026-04-15,TikTok+SAN,6746466099,Luma_ios_wcx_aeo_0330_smart_aaaa+%281861075811376338%29,0,7.98,0,2
2026-04-15,TikTok+SAN,6746466099,Luma_ios_wcx_aeo_0330_smart_sss+%281861074747568625%29,0,26.96,0,4
2026-04-15,TikTok+SAN,6746466099,Luma_ios_wcx_aeo_1119_smart++%281849118725316657%29,0,65.88000000000001,0,12
2026-04-15,TikTok+SAN,6746466099,Luma_ios_wcx_aeo_1225_smart++%281852385308106114%29,0,67.95,0,5
2026-04-16,Facebook+Installs,6746466099,Luma_ios_zmf_abo_0331_1+%286993503324612%29,0,401.04000000000053,0,96
2026-04-16,Facebook+Installs,6746782904,0110-Romi-ios-AEO-zm1+%286945352791568%29,0,199.7400000000001,0,26
2026-04-16,Facebook+Installs,6746782904,0204-Romi-ios-VO-zm1+%286953751189968%29,0,9.99,0,1
2026-04-16,Facebook+Installs,6746782904,1226-2-Romi-ios-AEO-zm1+%286939852270968%29,0,11.97,0,3
2026-04-16,Facebook+Installs,6746782904,3.6+VOc+cyl+%28120240683942700475%29,0,525.7100000000002,0,29
2026-04-16,Facebook+Installs,6746782904,4.1+AEOc+cbo+Value+cyl+%28120241931190230475%29,0,31.92000000000001,0,8
2026-04-16,Facebook+Installs,6746782904,Romi_ios_zmf_purchase_abo_0320_1+%28120248735216530151%29,1,0,0,0
2026-04-16,Facebook+Installs,6746782904,Romi_ios_zmf_vo_cbo_0319_2+%28120243482931960228%29,0,3.99,0,1
2026-04-16,Facebook+web,6746782904,Romi+iOS_syh_260327_AEO,0,11.97,0,3
2026-04-16,Instagram+Installs,6746782904,3.14+AEOc+cbo+cyl+%28120241002174210475%29,0,204.68000000000004,0,32
2026-04-16,Instagram+Installs,6746782904,3.6+VOc+cyl+%28120240683942700475%29,0,37.92000000000001,0,8
2026-04-16,Instagram+Installs,6746782904,4.1+AEOc+cbo+Value+cyl+%28120241931190230475%29,0,317.6900000000002,0,31
2026-04-16,Instagram+Installs,6746782904,Romi_ios_zmf_vo_abo_0411_1+%28120249834385690151%29,0,23.940000000000005,0,6
2026-04-16,TikTok+SAN,6746466099,,1,31.92000000000001,0,8
2026-04-16,TikTok+SAN,6746466099,0415-lhtt-Luma+25-%2F%2Fs%2B+vo_1+%281862528938360418%29,0,538.7100000000002,0,29
2026-04-16,TikTok+SAN,6746466099,Luma_ios_wcx_aeo_0330_smart_aaaa+%281861075811376338%29,0,29.99,0,1
2026-04-16,TikTok+SAN,6746466099,Luma_ios_wcx_aeo_1119_smart++%281849118725316657%29,0,77.82000000000001,0,18
2026-04-16,TikTok+SAN,6746466099,Luma_ios_wcx_aeo_1225_smart++%281852385308106114%29,1,19.950000000000003,0,5
2026-04-16,TikTok+SAN,6746466099,Luma_ios_zmf_0408_smart_purchase_01+%281861791826664593%29,0,17.97,0,3
2026-04-17,Facebook+Installs,6746782904,0204-Romi-ios-VO-zm1+%286953751189968%29,0,195.77000000000004,0,23
2026-04-17,Facebook+Installs,6746782904,0416-22-Romi-ios-VO-cbo-zm1+%286928215078844%29,2,0,0,0
2026-04-17,Facebook+Installs,6746782904,1226-2-Romi-ios-AEO-zm1+%286939852270968%29,0,489.6600000000001,0,34
2026-04-17,Facebook+Installs,6746782904,3.14+AEOc+cbo+cyl+%28120241002174210475%29,0,31.92000000000001,0,8
2026-04-17,Facebook+Installs,6746782904,4.1+AEOc+cbo+Value+cyl+%28120241931190230475%29,0,1015.7900000000001,0,21
2026-04-17,Facebook+Installs,6746782904,Romi+ios_wvv_260501_vo_1+%28120243842848770517%29,1,0,0,0
2026-04-17,Facebook+Installs,6746782904,Romi_ios_zmf_purchase_abo_0320_1+%28120248735216530151%29,0,43.92000000000001,0,8
2026-04-17,Facebook+web,6746782904,Romi+iOS_syh_260402_AEO,0,1450.3000000000013,0,170
2026-04-17,Instagram+Installs,6746782904,0110-Romi-ios-AEO-zm1+%286945352791568%29,2,0,0,0
2026-04-17,Instagram+Installs,6746782904,0408-liuh-Romi+ios-%2F%2Fvo+%28120245046611670730%29,0,239.95000000000002,0,5
2026-04-17,Instagram+Installs,6746782904,0416-Romi-ios-VO-cbo-zm1+%286990478271568%29,0,11.97,0,3
2026-04-17,Instagram+Installs,6746782904,3.14+AEOc+cbo+cyl+%28120241002174210475%29,0,89.91,0,9
2026-04-17,Instagram+Installs,6746782904,3.6+VOc+cyl+%28120240683942700475%29,0,11.97,0,3
2026-04-17,Instagram+Installs,6746782904,4.1+AEOc+cbo+Value+cyl+%28120241931190230475%29,0,159.81,0,19
2026-04-17,Instagram+Installs,6746782904,Romi_ios_zmf_vo_cbo_0325_1+%28120243690432680228%29,0,19.98,0,2
2026-04-17,TikTok+SAN,6746466099,,1,45.95,0,5
2026-04-17,TikTok+SAN,6746466099,+0416-lhtt-Luma+25-%2F%2Fs%2B%2B+cj+%281862609482651154%29,0,99.97,0,3
2026-04-17,TikTok+SAN,6746466099,Luma_ios_wcx_aeo_0120_smart_02+%281854728351163506%29,0,14.99,0,1
2026-04-17,TikTok+SAN,6746466099,Luma_ios_wcx_aeo_0330_smart_aaaa+%281861075811376338%29,0,302.83000000000004,0,17
2026-04-17,TikTok+SAN,6746466099,Luma_ios_wcx_aeo_0414_smart+%281862352519146641%29,0,39.90000000000001,0,10
2026-04-17,TikTok+SAN,6746466099,Luma_ios_wcx_aeo_1119_smart++%281849118725316657%29,2,656.5600000000002,0,44
2026-04-17,TikTok+SAN,6746466099,Luma_ios_wcx_aeo_1225_smart++%281852385308106114%29,1,53.93000000000001,0,7
2026-04-18,Facebook+Installs,6746466099,Luma_ios_zmf_abo_1220_2+%286945556930012%29,2,0,0,0
2026-04-18,Facebook+Installs,6746782904,0204-Romi-ios-VO-zm1+%286953751189968%29,0,591.5600000000003,0,44
2026-04-18,Facebook+Installs,6746782904,1226-2-Romi-ios-AEO-zm1+%286939852270968%29,0,11.97,0,3
2026-04-18,Facebook+Installs,6746782904,3.6+VOc+cyl+%28120240683942700475%29,0,1268.2800000000013,0,172
2026-04-18,Facebook+Installs,6746782904,4.18+VOc+cyl+%28120242759838130475%29,0,47.96,0,4
2026-04-18,Facebook+Installs,6746782904,Romi+iOS_syh_260416_AEO+%28120242387409150055%29,0,14.99,0,1
2026-04-18,Facebook+Installs,6746782904,Romi+iOS_syh_260416_VO+%28120242388498510055%29,0,29.97,0,3
2026-04-18,Facebook+Installs,6746782904,Romi_ios_zmf_purchase_abo_0611_1+%28120254040817130151%29,1,0,0,0
2026-04-18,Facebook+Installs,6746782904,Romi_ios_zmf_vo_cbo_0325_1+%28120243690432680228%29,2,47.940000000000005,0,6
2026-04-18,Facebook+web,6746782904,Romi+iOS_syh_260402_AEO,0,119.75999999999996,0,24
2026-04-18,Instagram+Installs,6746782904,0417-liuh-Romi+ios-%2F%2Faeo+%28120245518832640730%29,0,9.99,0,1
2026-04-18,Instagram+Installs,6746782904,1226-2-Romi-ios-AEO-zm1+%286939852270968%29,0,47.95,0,5
2026-04-18,Instagram+Installs,6746782904,3.14+AEOc+cbo+cyl+%28120241002174210475%29,0,11.97,0,3
2026-04-18,Instagram+Installs,6746782904,3.6+VOc+cyl+%28120240683942700475%29,0,69.84000000000002,0,16
2026-04-18,Instagram+Installs,6746782904,Romi_ios_zmf_vo_abo_0411_1+%28120249834385690151%29,0,3.99,0,1
2026-04-18,Instagram+Installs,6746782904,Romi_ios_zmf_vo_cbo_0325_1+%28120243690432680228%29,0,63.97,0,3
2026-04-18,Luma+ios+FB+W2A,6746466099,Luma_ios_W2A_zmf_aeo_abo_0418_1,0,105.74999999999997,0,25
2026-04-18,Off-Facebook+Installs,6746782904,Romi_ios_zmf_vo_cbo_0325_1+%28120243690432680228%29,0,323.83000000000004,0,17
2026-04-18,TikTok+SAN,6746466099,,0,155.85,0,15
2026-04-18,TikTok+SAN,6746466099,+0416-lhtt-Luma+25-%2F%2Fs%2B%2B+cj+%281862609482651154%29,0,681.7300000000009,0,127
2026-04-18,TikTok+SAN,6746466099,0415-lhtt-Luma+25-%2F%2Fs%2B+vo_1+%281862528938360418%29,0,9.99,0,1
2026-04-18,TikTok+SAN,6746466099,Luma_ios_AEO_MCY_0127_s%2B_2+%281855466155544610%29,0,81.91,0,9
2026-04-18,TikTok+SAN,6746466099,Luma_ios_wcx_aeo_0120_smart_02+%281854728351163506%29,0,27.930000000000007,0,7
2026-04-18,TikTok+SAN,6746466099,Luma_ios_wcx_aeo_0330_smart_sss+%281861074747568625%29,0,13.98,0,2
2026-04-18,TikTok+SAN,6746466099,Luma_ios_wcx_aeo_0418+%281862706398488721%29,0,13.98,0,2
2026-04-18,TikTok+SAN,6746466099,Luma_ios_wcx_aeo_0418_3+%281862707645590897%29,0,11.97,0,3
2026-04-18,TikTok+SAN,6746466099,Luma_ios_wcx_aeo_1119_smart++%281849118725316657%29,1,140.82999999999998,0,17
2026-04-18,TikTok+SAN,6746466099,Luma_ios_wcx_aeo_1225_smart++%281852385308106114%29,0,426.5000000000003,0,50
2026-04-19,Facebook+Installs,6746782904,0110-Romi-ios-AEO-zm1+%286945352791568%29,0,668.8400000000008,0,116
2026-04-19,Facebook+Installs,6746782904,0416-Romi-ios-VO-cbo-zm1+%286990478271568%29,0,689.7400000000001,0,26
2026-04-19,Facebook+Installs,6746782904,1226-2-Romi-ios-AEO-zm1+%286939852270968%29,1,52.91000000000001,0,9
2026-04-19,Facebook+Installs,6746782904,Romi+iOS_syh_260416_VO+%28120242388498510055%29,0,3.99,0,1
2026-04-19,Facebook+Installs,6746782904,Romi_ios_zmf_purchase_abo_0320_1+%28120248735216530151%29,0,11.97,0,3
2026-04-19,Facebook+Installs,6746782904,Romi_ios_zmf_vo_cbo_0325_1+%28120243690432680228%29,0,79.96,0,4
2026-04-19,Facebook+web,6746782904,0417-liuh-Romi+ios-%2F%2Faeo,0,19.99,0,1
2026-04-19,Instagram+Installs,6746782904,0416-Romi-ios-VO-cbo-zm1+%286990478271568%29,2,0,0,0
2026-04-19,Instagram+Installs,6746782904,1226-2-Romi-ios-AEO-zm1+%286939852270968%29,0,99.99,0,1
2026-04-19,Instagram+Installs,6746782904,Romi+iOS_syh_260416_AEO+%28120242387409150055%29,0,19.950000000000003,0,5
2026-04-19,Instagram+Installs,6746782904,Romi+iOS_syh_260416_VO+%28120242388498510055%29,0,115.85,0,15
2026-04-19,Instagram+Installs,6746782904,Romi_ios_zmf_vo_cbo_0319_2+%28120243482931960228%29,0,3.99,0,1
2026-04-19,Luma+ios+FB+W2A,6746466099,Luma_ios_W2A_zmf_aeo_abo_0418_1,1,29.979999999999997,0,2
2026-04-19,Off-Facebook+Installs,6746782904,3.6+VOc+cyl+%28120240683942700475%29,0,129.9,0,10
2026-04-19,TikTok+SAN,6746466099,0415-lhtt-Luma+25-%2F%2Fs%2B+vo_1+%281862528938360418%29,0,3.99,0,1
2026-04-19,TikTok+SAN,6746466099,Luma_ios_wcx_aeo_0120_smart_02+%281854728351163506%29,0,51.87000000000002,0,13
2026-04-19,TikTok+SAN,6746466099,Luma_ios_wcx_aeo_0330_smart_sss+%281861074747568625%29,0,15.96,0,4
2026-04-19,TikTok+SAN,6746466099,Luma_ios_wcx_aeo_1119_smart++%281849118725316657%29,2,117.91,0,9
2026-04-19,TikTok+SAN,6746466099,Luma_ios_wcx_aeo_1225_smart++%281852385308106114%29,1,217.71000000000012,0,29
2026-04-20,Facebook+Installs,6746782904,0110-Romi-ios-AEO-zm1+%286945352791568%29,0,15.96,0,4
2026-04-20,Facebook+Installs,6746782904,0204-Romi-ios-VO-zm1+%286953751189968%29,0,15.96,0,4
2026-04-20,Facebook+Installs,6746782904,0416-Romi-ios-VO-cbo-zm1+%286990478271568%29,0,23.940000000000005,0,6
2026-04-20,Facebook+Installs,6746782904,0417-liuh-Romi+ios-%2F%2Faeo+%28120245518832640730%29,0,7.98,0,2
2026-04-20,Facebook+Installs,6746782904,3.14+AEOc+cbo+cyl+%28120241002174210475%29,0,7.98,0,2
2026-04-20,Facebook+Installs,6746782904,3.6+VOc+cyl+%28120240683942700475%29,0,827.9500000000008,0,105
2026-04-20,Facebook+Installs,6746782904,Romi+iOS_syh_260416_VO+%28120242388498510055%29,0,3.99,0,1
2026-04-20,Facebook+Installs,6746782904,Romi_ios_zmf_vo_cbo_0319_2+%28120243482931960228%29,0,59.93000000000001,0,7
2026-04-20,Facebook+Installs,6746782904,Romi_ios_zmf_vo_cbo_0325_1+%28120243690432680228%29,0,243.7200000000001,0,28
2026-04-20,Instagram+Installs,6746466099,Luma+ios_zjc_20260502_VO_ABO+%28120244401001560256%29,0,28.97,0,3
2026-04-20,Instagram+Installs,6746782904,0110-Romi-ios-AEO-zm1+%286945352791568%29,0,35.91000000000001,0,9
2026-04-20,Instagram+Installs,6746782904,3.14+AEOc+cbo+cyl+%28120241002174210475%29,0,99.92999999999999,0,7
2026-04-20,Instagram+Installs,6746782904,3.6+VOc+cyl+%28120240683942700475%29,0,539.8100000000001,0,19
2026-04-20,Instagram+Installs,6746782904,4.18+VOc+cyl+%28120242759838130475%29,0,27.930000000000007,0,7
2026-04-20,Instagram+Installs,6746782904,Romi+iOS_syh_260416_VO+%28120242388498510055%29,0,27.96,0,4
2026-04-20,Instagram+Installs,6746782904,Romi_ios_zmf_purchase_abo_0320_1+%28120248735216530151%29,0,101.78999999999998,0,21
2026-04-20,Instagram+Installs,6746782904,Romi_ios_zmf_vo_cbo_0325_1+%28120243690432680228%29,0,13.98,0,2
2026-04-20,Off-Facebook+Installs,6746782904,Romi_ios_zmf_vo_cbo_0319_2+%28120243482931960228%29,0,29.979999999999997,0,2
2026-04-20,TikTok+SAN,6746466099,,2,153.89000000000001,0,11
2026-04-20,TikTok+SAN,6746466099,+0416-lhtt-Luma+26-%2F%2Fs%2B%2B+cj+%281862610134538306%29,0,3.99,0,1
2026-04-20,TikTok+SAN,6746466099,0415-lhtt-Luma+25-%2F%2Fs%2B+vo_1+%281862528938360418%29,0,9.99,0,1
2026-04-20,TikTok+SAN,6746466099,Luma_ios_wcx_aeo_0120_smart_02+%281854728351163506%29,2,100.89999999999999,0,10
2026-04-20,TikTok+SAN,6746466099,Luma_ios_wcx_aeo_0330_smart_aaaa+%281861075811376338%29,0,29.940000000000005,0,6
2026-04-20,TikTok+SAN,6746466099,Luma_ios_wcx_aeo_0330_smart_sss+%281861074747568625%29,2,406.61000000000024,0,39
2026-04-20,TikTok+SAN,6746466099,Luma_ios_wcx_aeo_1119_smart++%281849118725316657%29,0,497.7600000000001,0,24
2026-04-20,TikTok+SAN,6746466099,Luma_ios_zmf_0414_smart_purchase_02+%281862347977637202%29,0,31.92000000000001,0,8
2026-04-21,Facebook+Installs,6746782904,0110-Romi-ios-AEO-zm1+%286945352791568%29,0,139.96,0,4
2026-04-21,Facebook+Installs,6746782904,0416-Romi-ios-VO-cbo-zm1+%286990478271568%29,0,107.72999999999998,0,27
2026-04-21,Facebook+Installs,6746782904,1226-2-Romi-ios-AEO-zm1+%286939852270968%29,0,278.93,0,7
2026-04-21,Facebook+Installs,6746782904,3.14+AEOc+cbo+cyl+%28120241002174210475%29,0,103.89999999999998,0,10
2026-04-21,Facebook+Installs,6746782904,3.6+VOc+cyl+%28120240683942700475%29,0,443.69000000000017,0,31
2026-04-21,Facebook+Installs,6746782904,Romi+iOS_syh_260416_VO+%28120242388498510055%29,0,9.99,0,1
2026-04-21,Facebook+Installs,6746782904,Romi+ios_wvv_2026%2F04%2F21_aeo_1+%28120243117387310517%29,0,3.99,0,1
2026-04-21,Facebook+Installs,6746782904,Romi_ios_zmf_purchase_abo_0320_1+%28120248735216530151%29,0,73.9,0,10
2026-04-21,Instagram+Installs,6746782904,0110-Romi-ios-AEO-zm1+%286945352791568%29,1,0,0,0
2026-04-21,Instagram+Installs,6746782904,0204-Romi-ios-VO-zm1+%286953751189968%29,0,330.86000000000007,0,14
2026-04-21,Instagram+Installs,6746782904,3.14+AEOc+cbo+cyl+%28120241002174210475%29,0,124.76999999999992,0,23
2026-04-21,Instagram+Installs,6746782904,3.6+VOc+cyl+%28120240683942700475%29,0,133.88999999999996,0,11
2026-04-21,Instagram+Installs,6746782904,Romi_ios_zmf_vo_abo_0411_1+%28120249834385690151%29,0,95.75999999999999,0,24
2026-04-21,Instagram+Installs,6746782904,Romi_ios_zmf_vo_cbo_0319_2+%28120243482931960228%29,0,19.98,0,2
2026-04-21,Instagram+Installs,6746782904,Romi_ios_zmf_vo_cbo_0325_1+%28120243690432680228%29,0,7.98,0,2
2026-04-21,TikTok+SAN,6746466099,,0,31.950000000000003,0,5
2026-04-21,TikTok+SAN,6746466099,Luma_ios_AEO_MCY_0127_s%2B_+%281855466150963265%29,0,3.99,0,1
2026-04-21,TikTok+SAN,6746466099,Luma_ios_wcx_aeo_0120_smart_02+%281854728351163506%29,0,29.979999999999997,0,2
2026-04-21,TikTok+SAN,6746466099,Luma_ios_wcx_aeo_0330_smart_aaaa+%281861075811376338%29,0,43.890000000000015,0,11
2026-04-21,TikTok+SAN,6746466099,Luma_ios_wcx_aeo_1119_smart++%281849118725316657%29,1,70.88000000000001,0,12
2026-04-21,TikTok+SAN,6746466099,Luma_ios_wcx_aeo_1225_smart++%281852385308106114%29,0,564.82,0,18
2026-04-21,TikTok+SAN,6746466099,Luma_ios_zmf_0418_smart_purchase_02_copy+%281862713087445073%29,0,9.99,0,1
2026-04-22,Facebook+Installs,6746782904,0110-Romi-ios-AEO-zm1+%286945352791568%29,1,0,0,0
2026-04-22,Facebook+Installs,6746782904,1226-2-Romi-ios-AEO-zm1+%286939852270968%29,0,67.95,0,5
2026-04-22,Facebook+Installs,6746782904,3.14+AEOc+cbo+cyl+%28120241002174210475%29,0,135.72999999999996,0,27
2026-04-22,Facebook+Installs,6746782904,4.18+VOc+cyl+%28120242759838130475%29,0,37.95,0,5
2026-04-22,Facebook+Installs,6746782904,Romi+ios_wvv_260421_aeo_2+%28120243192590800517%29,0,321.85,0,15
2026-04-22,Facebook+Installs,6746782904,Romi_ios_zmf_purchase_abo_0320_1+%28120248735216530151%29,0,43.96,0,4
2026-04-22,Facebook+Installs,6746782904,Romi_ios_zmf_vo_cbo_0325_1+%28120243690432680228%29,0,94.91,0,9
2026-04-22,Facebook+web,6746782904,0417-liuh-Romi+ios-%2F%2Faeo,0,27.930000000000007,0,7
2026-04-22,Instagram+Installs,6746466099,Luma+ios_zjc_20260419_AEO_ABO+%28120243422501600256%29,0,15.96,0,4
2026-04-22,Instagram+Installs,6746782904,1226-2-Romi-ios-AEO-zm1+%286939852270968%29,0,19.98,0,2
2026-04-22,Instagram+Installs,6746782904,3.6+VOc+cyl+%28120240683942700475%29,0,287.60000000000025,0,40
2026-04-22,Instagram+Installs,6746782904,4.18+VOc+cyl+%28120242759838130475%29,1,87.91999999999999,0,8
2026-04-22,Instagram+Installs,6746782904,Romi+iOS_syh_260416_VO+%28120242388498510055%29,0,99.94999999999999,0,5
2026-04-22,Luma+ios+FB+W2A,6746466099,0422-liuh-Luma+ios-%2F%2Faeo,0,171.69000000000005,0,31
2026-04-22,TikTok+SAN,6746466099,,2,35.91000000000001,0,9
2026-04-22,TikTok+SAN,6746466099,Luma_ios_AEO_MCY_0408_s%2B_1+%281861896974456513%29,0,19.99,0,1
2026-04-22,TikTok+SAN,6746466099,Luma_ios_wcx_aeo_1119_smart++%281849118725316657%29,2,348.5700000000002,0,43
2026-04-22,TikTok+SAN,6746466099,Luma_ios_wcx_aeo_1225_smart++%281852385308106114%29,1,99.74999999999999,0,25
2026-04-23,Facebook+Installs,6746466099,0423-1-Luma-ios-VO-cbo-zm1+%286944142889643%29,0,91.77,0,23
2026-04-23,Facebook+Installs,6746466099,Luma+ios_cy1_0419_aeo+%28120243309592160256%29,0,61.86000000000002,0,14
2026-04-23,Facebook+Installs,6746466099,Luma+ios_zjc_20260419_AEO_ABO+%28120243422501600256%29,2,11.97,0,3
2026-04-23,Facebook+Installs,6746466099,Luma_ios_zmf_abo_1220_2+%286945556930012%29,0,79.96,0,4
2026-04-23,Facebook+Installs,6746782904,3.6+VOc+cyl+%28120240683942700475%29,1,743.2600000000004,0,74
2026-04-23,Facebook+Installs,6746782904,4.18+VOc+cyl+%28120242759838130475%29,0,49.95,0,5
2026-04-23,Facebook+Installs,6746782904,Romi+ios_wvv_260421_aeo_2+%28120243192590800517%29,0,37.95,0,5
2026-04-23,Facebook+Installs,6746782904,Romi_ios_zmf_purchase_abo_0320_1+%28120248735216530151%29,2,19.99,0,1
2026-04-23,Facebook+Installs,6746782904,Romi_ios_zmf_vo_cbo_0325_1+%28120243690432680228%29,0,73.92999999999999,0,7
2026-04-23,Facebook+web,6746782904,0421-liuh-Romi+ios-%2F%2Faeo,0,199.81000000000003,0,19
2026-04-23,Instagram+Installs,6746466099,0423-1-Luma-ios-VO-cbo-zm1+%286944142889643%29,0,3.99,0,1
2026-04-23,Instagram+Installs,6746466099,Luma+ios_zjc_20260419_AEO_ABO+%28120243422501600256%29,0,109.91999999999997,0,8
2026-04-23,Instagram+Installs,6746466099,Luma_ios_zmf_abo_0331_1+%286993503324612%29,0,17.97,0,3
2026-04-23,Instagram+Installs,6746466099,Luma_ios_zmf_abo_1220_2+%286945556930012%29,0,3.99,0,1
2026-04-23,Instagram+Installs,6746782904,0416-22-Romi-ios-VO-cbo-zm1+%286928215078844%29,0,49.98,0,2
2026-04-23,Instagram+Installs,6746782904,0417-liuh-Romi+ios-%2F%2Faeo+%28120245518832640730%29,0,11.97,0,3
2026-04-23,Instagram+Installs,6746782904,0422-1226-2-Romi-ios-AEO-zm1+%286928200804844%29,0,9.99,0,1
2026-04-23,Instagram+Installs,6746782904,3.6+VOc+cyl+%28120240683942700475%29,1,101.89000000000001,0,11
2026-04-23,Instagram+Installs,6746782904,4.18+VOc+cyl+%28120242759838130475%29,0,25.950000000000003,0,5
2026-04-23,Instagram+Installs,6746782904,Romi+iOS_syh_260416_AEO+%28120242387409150055%29,1,22.97,0,3
2026-04-23,Instagram+Installs,6746782904,Romi+iOS_syh_260416_VO+%28120242388498510055%29,0,19.99,0,1
2026-04-23,Instagram+Installs,6746782904,Romi_ios_zmf_vo_abo_0411_1+%28120249834385690151%29,0,73.89999999999999,0,10
2026-04-23,Instagram+Installs,6746782904,Romi_ios_zmf_vo_cbo_0319_2+%28120243482931960228%29,0,184.89000000000001,0,11
2026-04-23,Instagram+Installs,6746782904,Romi_ios_zmf_vo_cbo_0325_1+%28120243690432680228%29,0,35.91000000000001,0,9
2026-04-23,Luma+ios+FB+W2A,6746466099,Luma_ios_W2A_zmf_aeo_abo_0421_1,0,44.96,0,4
2026-04-23,TikTok+SAN,6746466099,,0,995.7600000000001,0,24
2026-04-23,TikTok+SAN,6746466099,0415-lhtt-Luma+25-%2F%2Fs%2B+vo_1+%281862528938360418%29,0,179.84,0,16
2026-04-23,TikTok+SAN,6746466099,Luma_ios_AEO_MCY_0408_s%2B_1+%281861896974456513%29,0,257.84000000000003,0,16
2026-04-23,TikTok+SAN,6746466099,Luma_ios_wcx_aeo_0120_smart_02+%281854728351163506%29,1,17.97,0,3
2026-04-23,TikTok+SAN,6746466099,Luma_ios_wcx_aeo_0330_smart_aaaa+%281861075811376338%29,0,3.99,0,1
2026-04-23,TikTok+SAN,6746466099,Luma_ios_wcx_aeo_0330_smart_sss+%281861074747568625%29,1,17.97,0,3
2026-04-23,TikTok+SAN,6746466099,Luma_ios_wcx_aeo_1119_smart++%281849118725316657%29,0,17.97,0,3
2026-04-23,TikTok+SAN,6746466099,Luma_ios_wcx_aeo_1225_smart++%281852385308106114%29,1,79.83000000000001,0,17
2026-04-23,TikTok+SAN,6746466099,Luma_ios_zmf_0414_smart_purchase_02+%281862347977637202%29,0,3.99,0,1
2026-04-24,Facebook+Installs,6746466099,0219_Luma_iOS_AEO_MCY+%286866373524315%29,0,71.93999999999998,0,6
2026-04-24,Facebook+Installs,6746466099,0417-2-Luma-ios-VO-cbo-zm1+%286939989053243%29,0,11.97,0,3
2026-04-24,Facebook+Installs,6746466099,0423-1-Luma-ios-VO-cbo-zm1+%286944142889643%29,0,211.80000000000004,0,20
2026-04-24,Facebook+Installs,6746466099,Luma+iOS_syh_260422_AEO+%28120241407442320137%29,0,37.959999999999994,0,4
2026-04-24,Facebook+Installs,6746466099,Luma+ios_cy1_0420_aeo+%28120243487861700256%29,0,21.96,0,4
2026-04-24,Facebook+Installs,6746466099,Luma+ios_dsk_0420_aeo+%28120243487861700256%29,0,3.99,0,1
2026-04-24,Facebook+Installs,6746466099,Luma+ios_zjc_20260419_AEO_ABO+%28120243422501600256%29,0,185.75000000000003,0,25
2026-04-24,Facebook+Installs,6746466099,Luma_ios_zmf_abo_0331_1+%286993503324612%29,1,83.79,0,21
2026-04-24,Facebook+Installs,6746466099,Luma_ios_zmf_abo_1220_2+%286945556930012%29,0,15.96,0,4
2026-04-24,Facebook+Installs,6746782904,0422-1226-2-Romi-ios-AEO-zm1+%286928200804844%29,0,17.97,0,3
2026-04-24,Facebook+Installs,6746782904,3.14+AEOc+cbo+cyl+%28120241002174210475%29,1,41.940000000000005,0,6
2026-04-24,Facebook+Installs,6746782904,3.6+VOc+cyl+%28120240683942700475%29,0,683.4400000000004,0,56
2026-04-24,Facebook+Installs,6746782904,Romi+iOS_syh_260416_VO+%28120242388498510055%29,0,27.96,0,4
2026-04-24,Facebook+Installs,6746782904,Romi+ios_wvv_260421_aeo_2+%28120243192590800517%29,1,0,0,0
2026-04-24,Facebook+Installs,6746782904,Romi_ios_zmf_vo_cbo_0319_2+%28120243482931960228%29,2,0,0,0
2026-04-24,Facebook+Installs,6746782904,Romi_ios_zmf_vo_cbo_0325_1+%28120243690432680228%29,0,7.98,0,2
2026-04-24,Facebook+web,6746782904,0417-liuh-Romi+ios-%2F%2Faeo,0,79.96,0,4
2026-04-24,Instagram+Installs,6746466099,0423-1-Luma-ios-VO-cbo-zm1+%286944142889643%29,0,71.89999999999999,0,10
2026-04-24,Instagram+Installs,6746466099,1230_Luma_iOS_AEO_MCY+%286848133765315%29,0,114.92999999999998,0,7
2026-04-24,Instagram+Installs,6746466099,Luma+iOS_syh_260422_AEO+%28120241407442320137%29,0,55.93000000000001,0,7
2026-04-24,Instagram+Installs,6746466099,Luma+ios_ZJC_20260423_AEO_1_COPY+%28120243683580430256%29,1,0,0,0
2026-04-24,Instagram+Installs,6746466099,Luma+ios_wvv_20260421_AEO_1+%286903634491915%29,0,91.77,0,23
2026-04-24,Instagram+Installs,6746466099,Luma+ios_zjc_20260419_AEO_ABO+%28120243422501600256%29,0,45.90000000000001,0,10
2026-04-24,Instagram+Installs,6746466099,Luma_ios_zmf_abo_1220_2+%286945556930012%29,0,47.91000000000001,0,9
2026-04-24,Instagram+Installs,6746782904,0417-liuh-Romi+ios-%2F%2Faeo+%28120245518832640730%29,0,15.96,0,4
2026-04-24,Instagram+Installs,6746782904,3.14+AEOc+cbo+cyl+%28120241002174210475%29,0,37.92000000000001,0,8
2026-04-24,Instagram+Installs,6746782904,3.6+VOc+cyl+%28120240683942700475%29,0,189.7000000000001,0,30
2026-04-24,Instagram+Installs,6746782904,4.18+VOc+cyl+%28120242759838130475%29,0,81.93,0,7
2026-04-24,Instagram+Installs,6746782904,5.13+VOc+cyl+%28120244392044050475%29,1,0,0,0
2026-04-24,Instagram+Installs,6746782904,Romi+iOS_syh_260416_AEO+%28120242387409150055%29,0,149.92,0,8
2026-04-24,Luma+ios+FB+W2A,6746466099,0422-liuh-Luma+ios-%2F%2Faeo,0,45.93000000000001,0,7
2026-04-24,Off-Facebook+Installs,6746782904,Romi+iOS_syh_260416_AEO+%28120242387409150055%29,0,33.97,0,3
2026-04-24,TikTok+SAN,6746466099,,0,26.96,0,4
2026-04-24,TikTok+SAN,6746466099,+0416-lhtt-Luma+25-%2F%2Fs%2B%2B+cj+%281862609482651154%29,0,39.98,0,2
2026-04-24,TikTok+SAN,6746466099,Luma_ios_AEO_MCY_0228_s%2B_2+%281858365224276210%29,0,29.99,0,1
2026-04-24,TikTok+SAN,6746466099,Luma_ios_wcx_aeo_0120_smart_02+%281854728351163506%29,4,19.99,0,1
2026-04-24,TikTok+SAN,6746466099,Luma_ios_wcx_aeo_0330_smart_aaaa+%281861075811376338%29,3,203.90000000000003,0,10
2026-04-24,TikTok+SAN,6746466099,Luma_ios_wcx_aeo_0424_smart+%281863252508849634%29,0,37.92000000000001,0,8
2026-04-24,TikTok+SAN,6746466099,Luma_ios_wcx_aeo_1119_smart++%281849118725316657%29,0,67.86000000000001,0,14
2026-04-24,TikTok+SAN,6746466099,Luma_ios_wcx_aeo_1225_smart++%281852385308106114%29,1,313.4400000000003,0,56
2026-04-24,TikTok+SAN,6746466099,Luma_ios_zmf_0408_smart_purchase_01+%281861791826664593%29,0,159.97,0,3
2026-04-25,Facebook+Installs,6746466099,0407_Luma_iOS_AEO_MCY+%286894235051515%29,0,123.89999999999999,0,10
2026-04-25,Facebook+Installs,6746466099,0408_Luma_iOS_AEO_MCY+%286894809601315%29,3,9.99,0,1
2026-04-25,Facebook+Installs,6746466099,1230_Luma_iOS_AEO_MCY+%286848133765315%29,1,0,0,0
2026-04-25,Facebook+Installs,6746466099,Luma+iOS_syh_260422_AEO+%28120241407442320137%29,0,27.930000000000007,0,7
2026-04-25,Facebook+Installs,6746466099,Luma+ios_cy1_0420_aeo+%28120243487861700256%29,1,0,0,0
2026-04-25,Facebook+Installs,6746466099,Luma+ios_wvv_20260421_AEO_1+%286903634491915%29,0,3.99,0,1
2026-04-25,Facebook+Installs,6746466099,Luma+ios_zjc_20260419_AEO_ABO+%28120243422501600256%29,0,367.4100000000003,0,59
2026-04-25,Facebook+Installs,6746466099,Luma_ios_zmf_abo_0331_1+%286993503324612%29,0,7.98,0,2
2026-04-25,Facebook+Installs,6746466099,Luma_ios_zmf_abo_1220_2+%286945556930012%29,0,11.97,0,3
2026-04-25,Facebook+Installs,6746782904,3.14+AEOc+cbo+cyl+%28120241002174210475%29,1,7.98,0,2
2026-04-25,Facebook+Installs,6746782904,3.6+VOc+cyl+%28120240683942700475%29,1,295.34000000000026,0,66
2026-04-25,Facebook+Installs,6746782904,Romi+ios_wvv_260421_aeo_2+%28120243192590800517%29,0,3.99,0,1
2026-04-25,Facebook+Installs,6746782904,Romi+ios_wvv_260518_aeo_1+%28120245282422360517%29,1,0,0,0
2026-04-25,Facebook+Installs,6746782904,Romi_ios_zmf_purchase_abo_0320_1+%28120248735216530151%29,0,125.82999999999996,0,17
2026-04-25,Facebook+Installs,6746782904,Romi_ios_zmf_vo_cbo_0319_2+%28120243482931960228%29,0,27.930000000000007,0,7
2026-04-25,Facebook+web,6746782904,0421-liuh-Romi+ios-%2F%2Faeo,0,723.7100000000002,0,29
2026-04-25,Instagram+Installs,6746466099,0407_Luma_iOS_AEO_MCY+%286894235051515%29,0,202.85000000000002,0,15
2026-04-25,Instagram+Installs,6746466099,0408_Luma_iOS_AEO_MCY+%286894809601315%29,0,73.83000000000001,0,17
2026-04-25,Instagram+Installs,6746466099,0417-2-Luma-ios-VO-cbo-zm1+%286939989053243%29,0,27.96,0,4
2026-04-25,Instagram+Installs,6746466099,0423-1-Luma-ios-VO-cbo-zm1+%286944142889643%29,1,0,0,0
2026-04-25,Instagram+Installs,6746466099,Luma+ios_wvv_20260421_AEO_1+%286903634491915%29,0,19.98,0,2
2026-04-25,Instagram+Installs,6746466099,Luma+ios_zjc_20260419_AEO_ABO+%28120243422501600256%29,1,241.81000000000006,0,19
2026-04-25,Instagram+Installs,6746466099,Luma_ios_zmf_abo_1220_2+%286945556930012%29,0,14.99,0,1
2026-04-25,Instagram+Installs,6746782904,0425-Romi-ios-VO-cbo-zm1+%286929615678044%29,0,97.92999999999999,0,7
2026-04-25,Instagram+Installs,6746782904,3.6+VOc+cyl+%28120240683942700475%29,0,85.82999999999998,0,17
2026-04-25,Instagram+Installs,6746782904,4.18+VOc+cyl+%28120242759838130475%29,0,67.92999999999999,0,7
2026-04-25,Luma+ios+FB+W2A,6746466099,Luma_ios_W2A_zmf_aeo_abo_0421_1,0,91.92999999999999,0,7
2026-04-25,Luma+ios+FB+W2A,6746466099,Luma_ios_W2A_zmf_aeo_abo_0424_1,0,39.90000000000001,0,10
2026-04-25,TikTok+SAN,6746466099,,0,7.98,0,2
2026-04-25,TikTok+SAN,6746466099,Luma_ios_AEO_MCY_0123_s%2B_1+%281855124652018722%29,0,65.93,0,7
2026-04-25,TikTok+SAN,6746466099,Luma_ios_wcx_aeo_0120_smart_02+%281854728351163506%29,2,15.96,0,4
2026-04-25,TikTok+SAN,6746466099,Luma_ios_wcx_aeo_0330_smart_aaaa+%281861075811376338%29,0,21.96,0,4
2026-04-25,TikTok+SAN,6746466099,Luma_ios_wcx_aeo_0330_smart_sss+%281861074747568625%29,0,15.96,0,4
2026-04-25,TikTok+SAN,6746466099,Luma_ios_wcx_aeo_1119_smart++%281849118725316657%29,3,2284.329999999993,0,167
2026-04-25,TikTok+SAN,6746466099,Luma_ios_wcx_aeo_1225_smart++%281852385308106114%29,0,65.89000000000001,0,11
2026-04-25,TikTok+SAN,6746466099,Luma_ios_zmf_0414_smart_purchase_02+%281862347977637202%29,0,3.99,0,1
2026-04-26,Facebook+Installs,6746466099,0219_Luma_iOS_AEO_MCY+%286866373524315%29,0,111.71999999999997,0,28
2026-04-26,Facebook+Installs,6746466099,0423-1-Luma-ios-VO-cbo-zm1+%286944142889643%29,0,777.6000000000003,0,40
2026-04-26,Facebook+Installs,6746466099,1230_Luma_iOS_AEO_MCY+%286848133765315%29,2,79.97,0,3
2026-04-26,Facebook+Installs,6746466099,Luma+iOS_syh_260422_AEO+%28120241407442320137%29,0,19.98,0,2
2026-04-26,Facebook+Installs,6746466099,Luma+iOS_syh_260423_AEO+%28120241488861200137%29,1,0,0,0
2026-04-26,Facebook+Installs,6746466099,Luma+ios_cy1_0419_aeo+%28120243309592160256%29,0,114.90999999999998,0,9
2026-04-26,Facebook+Installs,6746466099,Luma_ios_zmf_abo_1220_2+%286945556930012%29,1,182.74,0,26
2026-04-26,Facebook+Installs,6746782904,0204-0422-Romi-ios-VO-cbo-zm1+%286928215077244%29,0,23.97,0,3
2026-04-26,Facebook+Installs,6746782904,0422-1226-2-Romi-ios-AEO-zm1+%286928200804844%29,0,86.84,0,16
2026-04-26,Facebook+Installs,6746782904,3.14+AEOc+cbo+cyl+%28120241002174210475%29,0,19.99,0,1
2026-04-26,Facebook+Installs,6746782904,3.6+VOc+cyl+%28120240683942700475%29,0,335.66000000000014,0,34
2026-04-26,Facebook+Installs,6746782904,Romi+iOS_syh_260416_VO+%28120242388498510055%29,1,181.63000000000005,0,37
2026-04-26,Facebook+Installs,6746782904,Romi_ios_zmf_purchase_abo_0320_1+%28120248735216530151%29,0,19.98,0,2
2026-04-26,Facebook+Installs,6746782904,Romi_ios_zmf_vo_cbo_0319_2+%28120243482931960228%29,0,19.99,0,1
2026-04-26,Facebook+Installs,6746782904,Romi_ios_zmf_vo_cbo_0325_1+%28120243690432680228%29,0,41.91000000000001,0,9
2026-04-26,Instagram+Installs,6746466099,Luma+iOS_syh_260422_AEO+%28120241407442320137%29,0,311.82000000000005,0,18
2026-04-26,Instagram+Installs,6746466099,Luma+ios_cy1_0420_aeo+%28120243487861700256%29,1,0,0,0
2026-04-26,Instagram+Installs,6746466099,Luma+ios_dsk_0419_aeo+%28120243309592160256%29,0,7.98,0,2
2026-04-26,Instagram+Installs,6746466099,Luma+ios_zjc_20260419_AEO_ABO+%28120243422501600256%29,0,179.55000000000007,0,45
2026-04-26,Instagram+Installs,6746782904,0416-22-Romi-ios-VO-cbo-zm1+%286928215078844%29,0,7.98,0,2
2026-04-26,Instagram+Installs,6746782904,0425-Romi-ios-VO-cbo-zm1+%286929615678044%29,0,13.98,0,2
2026-04-26,Instagram+Installs,6746782904,3.6+VOc+cyl+%28120240683942700475%29,0,81.87,0,13
2026-04-26,Instagram+Installs,6746782904,Romi+iOS_syh_260416_AEO+%28120242387409150055%29,0,39.93000000000001,0,7
2026-04-26,Instagram+Installs,6746782904,Romi_ios_zmf_vo_abo_0411_1+%28120249834385690151%29,0,9.99,0,1
2026-04-26,Off-Facebook+Installs,6746782904,3.6+VOc+cyl+%28120240683942700475%29,0,9.99,0,1
2026-04-26,TikTok+SAN,6746466099,,2,58.959999999999994,0,4
2026-04-26,TikTok+SAN,6746466099,Luma_ios_wcx_aeo_0330_smart_sss+%281861074747568625%29,0,95.9,0,10
2026-04-26,TikTok+SAN,6746466099,Luma_ios_wcx_aeo_1119_smart++%281849118725316657%29,3,310.52000000000015,0,48
2026-04-26,TikTok+SAN,6746466099,Luma_ios_wcx_aeo_1225_smart++%281852385308106114%29,0,254.6000000000001,0,40
2026-04-26,TikTok+SAN,6746466099,Luma_ios_zmf_0408_smart_purchase_01+%281861791826664593%29,0,13.98,0,2
2026-04-26,TikTok+SAN,6746466099,Luma_ios_zmf_0414_smart_purchase_02+%281862347977637202%29,0,15.96,0,4
2026-04-27,Dora+ios+FB+W2A,6746109957,Dora+ios+w2a%E6%B5%8B%E8%AF%95+0423,0,1323.67,0,33
2026-04-27,Facebook+Installs,6746466099,0219_Luma_iOS_AEO_MCY+%286866373524315%29,0,211.5000000000001,0,50
2026-04-27,Facebook+Installs,6746466099,0408_Luma_iOS_AEO_MCY+%286894809601315%29,0,3.99,0,1
2026-04-27,Facebook+Installs,6746466099,0417-2-Luma-ios-VO-cbo-zm1+%286939989053243%29,0,39.99,0,1
2026-04-27,Facebook+Installs,6746466099,0423-1-Luma-ios-VO-cbo-zm1+%286944142889643%29,0,293.37000000000023,0,63
2026-04-27,Facebook+Installs,6746466099,Luma+iOS_syh_260422_AEO+%28120241407442320137%29,0,21.96,0,4
2026-04-27,Facebook+Installs,6746466099,Luma+iOS_syh_260423_AEO+%28120241488861200137%29,0,9.99,0,1
2026-04-27,Facebook+Installs,6746466099,Luma+ios_cy1_0419_aeo+%28120243309592160256%29,1,0,0,0
2026-04-27,Facebook+Installs,6746466099,Luma+ios_cy1_0420_aeo+%28120243487861700256%29,0,3.99,0,1
2026-04-27,Facebook+Installs,6746466099,Luma+ios_dsk_0420_aeo+%28120243487861700256%29,0,3.99,0,1
2026-04-27,Facebook+Installs,6746466099,Luma+ios_wvv_20260421_AEO_1+%286903634491915%29,0,3.99,0,1
2026-04-27,Facebook+Installs,6746466099,Luma+ios_zjc_20260419_AEO_ABO+%28120243422501600256%29,1,15.96,0,4
2026-04-27,Facebook+Installs,6746466099,Luma_ios_zmf_abo_1220_2+%286945556930012%29,1,23.97,0,3
2026-04-27,Facebook+Installs,6746782904,3.14+AEOc+cbo+cyl+%28120241002174210475%29,0,115.70999999999997,0,29
2026-04-27,Facebook+Installs,6746782904,3.6+VOc+cyl+%28120240683942700475%29,0,103.93999999999998,0,6
2026-04-27,Facebook+Installs,6746782904,4.18+VOc+cyl+%28120242759838130475%29,0,3.99,0,1
2026-04-27,Facebook+Installs,6746782904,Romi+iOS_syh_260416_VO+%28120242388498510055%29,0,183.54000000000008,0,46
2026-04-27,Facebook+Installs,6746782904,Romi+ios_wvv_260421_aeo_2+%28120243192590800517%29,1,7.98,0,2
2026-04-27,Facebook+Installs,6746782904,Romi_ios_zmf_vo_cbo_0319_2+%28120243482931960228%29,0,7.98,0,2
2026-04-27,Facebook+Installs,6746782904,Romi_ios_zmf_vo_cbo_0325_1+%28120243690432680228%29,0,13.98,0,2
2026-04-27,Instagram+Installs,6746466099,0423-1-Luma-ios-VO-cbo-zm1+%286944142889643%29,0,9.99,0,1
2026-04-27,Instagram+Installs,6746466099,Luma+iOS_syh_260422_AEO+%28120241407442320137%29,0,3.99,0,1
2026-04-27,Instagram+Installs,6746466099,Luma+ios_cy1_0419_aeo+%28120243309592160256%29,0,29.940000000000005,0,6
2026-04-27,Instagram+Installs,6746466099,Luma+ios_cy1_0420_aeo+%28120243487861700256%29,1,0,0,0
2026-04-27,Instagram+Installs,6746466099,Luma+ios_dsk_0419_aeo+%28120243309592160256%29,0,13.98,0,2
2026-04-27,Instagram+Installs,6746466099,Luma+ios_zjc_20260419_AEO_ABO+%28120243422501600256%29,0,109.73999999999997,0,26
2026-04-27,Instagram+Installs,6746466099,Luma+ios_zjc_20260425_AEO_CBO+%28120243904106130256%29,0,324.60000000000014,0,40
2026-04-27,Instagram+Installs,6746466099,Luma_ios_zmf_abo_1220_2+%286945556930012%29,0,3.99,0,1
2026-04-27,Instagram+Installs,6746782904,0422-1226-2-Romi-ios-AEO-zm1+%286928200804844%29,0,3.99,0,1
2026-04-27,Instagram+Installs,6746782904,3.14+AEOc+cbo+cyl+%28120241002174210475%29,0,3.99,0,1
2026-04-27,Instagram+Installs,6746782904,Romi+iOS_syh_260416_VO+%28120242388498510055%29,0,85.91999999999999,0,8
2026-04-27,Instagram+Installs,6746782904,Romi_ios_zmf_vo_abo_0411_1+%28120249834385690151%29,0,135.68999999999997,0,31
2026-04-27,Instagram+Installs,6746782904,Romi_ios_zmf_vo_cbo_0319_2+%28120243482931960228%29,0,39.99,0,1
2026-04-27,Instagram+Installs,6746782904,Romi_ios_zmf_vo_cbo_0325_1+%28120243690432680228%29,0,131.79999999999998,0,20
2026-04-27,Luma+ios+FB+W2A,6746466099,0422-liuh-Luma+ios-%2F%2Faeo,0,129.93,0,7
2026-04-27,Luma+ios+FB+W2A,6746466099,Luma_ios_W2A_zmf_aeo_abo_0424_1,0,15.96,0,4
2026-04-27,TikTok+SAN,6746466099,,0,113.72999999999996,0,27
2026-04-27,TikTok+SAN,6746466099,Luma_ios_AEO_MCY_0127_s%2B_+%281855466150963265%29,1,171.81,0,19
2026-04-27,TikTok+SAN,6746466099,Luma_ios_AEO_MCY_0129_s%2B_1+%281855671836989489%29,0,11.97,0,3
2026-04-27,TikTok+SAN,6746466099,Luma_ios_wcx_aeo_0120_smart_02+%281854728351163506%29,0,23.940000000000005,0,6
2026-04-27,TikTok+SAN,6746466099,Luma_ios_wcx_aeo_0330_smart_aaaa+%281861075811376338%29,1,0,0,0
2026-04-27,TikTok+SAN,6746466099,Luma_ios_wcx_aeo_1119_smart++%281849118725316657%29,1,291.8000000000001,0,20
2026-04-27,TikTok+SAN,6746466099,Luma_ios_wcx_aeo_1225_smart++%281852385308106114%29,0,241.5700000000001,0,43
2026-04-27,TikTok+SAN,6746466099,Luma_ios_zmf_0414_smart_purchase_02+%281862347977637202%29,0,9.99,0,1
2026-04-28,Facebook+Installs,6746466099,0408_Luma_iOS_AEO_MCY+%286894809601315%29,1,0,0,0
2026-04-28,Facebook+Installs,6746466099,0417-2-Luma-ios-VO-cbo-zm1+%286939989053243%29,0,163.86,0,14
2026-04-28,Facebook+Installs,6746466099,0423-1-Luma-ios-VO-cbo-zm1+%286944142889643%29,2,21.96,0,4
2026-04-28,Facebook+Installs,6746466099,Luma+iOS_syh_260422_AEO+%28120241407442320137%29,0,15.96,0,4
2026-04-28,Facebook+Installs,6746466099,Luma+iOS_syh_260423_AEO+%28120241488861200137%29,0,386.83000000000004,0,17
2026-04-28,Facebook+Installs,6746466099,Luma+ios_cy1_0420_aeo+%28120243487861700256%29,0,13.98,0,2
2026-04-28,Facebook+Installs,6746466099,Luma+ios_wvv_20260428_aeo_1+%286907841863515%29,1,0,0,0
2026-04-28,Facebook+Installs,6746466099,Luma+ios_zjc_20260427_AEO_ABO+%28120244021653290256%29,0,35.95,0,5
2026-04-28,Facebook+Installs,6746466099,Luma_ios_zmf_abo_0331_1+%286993503324612%29,0,93.94999999999999,0,5
2026-04-28,Facebook+Installs,6746466099,Luma_ios_zmf_abo_1220_2+%286945556930012%29,0,121.70999999999997,0,29
2026-04-28,Facebook+Installs,6746782904,3.6+VOc+cyl+%28120240683942700475%29,0,123.90999999999995,0,9
2026-04-28,Facebook+Installs,6746782904,Romi_ios_zmf_purchase_abo_0320_1+%28120248735216530151%29,0,21.96,0,4
2026-04-28,Facebook+Installs,6746782904,Romi_ios_zmf_vo_cbo_0325_1+%28120243690432680228%29,0,143.91,0,9
2026-04-28,Instagram+Installs,6746466099,0423-1-Luma-ios-VO-cbo-zm1+%286944142889643%29,0,303.85,0,15
2026-04-28,Instagram+Installs,6746466099,1230_Luma_iOS_AEO_MCY+%286848133765315%29,1,0,0,0
2026-04-28,Instagram+Installs,6746466099,Luma+iOS_syh_260423_AEO+%28120241488861200137%29,0,101.89999999999999,0,10
2026-04-28,Instagram+Installs,6746466099,Luma+ios_cy1_0420_aeo+%28120243487861700256%29,0,7.98,0,2
2026-04-28,Instagram+Installs,6746466099,Luma+ios_zjc_20260427_AEO_ABO+%28120244021653290256%29,0,7.98,0,2
2026-04-28,Instagram+Installs,6746466099,Luma_ios_zmf_abo_0331_1+%286993503324612%29,0,53.88000000000002,0,12
2026-04-28,Instagram+Installs,6746782904,0422-1226-2-Romi-ios-AEO-zm1+%286928200804844%29,0,15.96,0,4
2026-04-28,Instagram+Installs,6746782904,3.14+AEOc+cbo+cyl+%28120241002174210475%29,0,15.96,0,4
2026-04-28,Instagram+Installs,6746782904,Romi+iOS_syh_260416_VO+%28120242388498510055%29,0,49.980000000000004,0,2
2026-04-28,TikTok+SAN,6746466099,,1,35.91000000000001,0,9
2026-04-28,TikTok+SAN,6746466099,Luma_ios_wcx_aeo_0120_smart_02+%281854728351163506%29,1,39.90000000000001,0,10
2026-04-28,TikTok+SAN,6746466099,Luma_ios_wcx_aeo_0330_smart_aaaa+%281861075811376338%29,1,0,0,0
2026-04-28,TikTok+SAN,6746466099,Luma_ios_wcx_aeo_0330_smart_sss+%281861074747568625%29,0,7.98,0,2
2026-04-28,TikTok+SAN,6746466099,Luma_ios_wcx_aeo_1119_smart++%281849118725316657%29,2,253.89000000000004,0,11
2026-04-28,TikTok+SAN,6746466099,Luma_ios_wcx_aeo_1225_smart++%281852385308106114%29,0,45.940000000000005,0,6
2026-04-29,Facebook+Installs,6746466099,0219_Luma_iOS_AEO_MCY+%286866373524315%29,0,247.38000000000022,0,62
2026-04-29,Facebook+Installs,6746466099,0407_Luma_iOS_AEO_MCY+%286894235051515%29,0,83.91,0,9
2026-04-29,Facebook+Installs,6746466099,0423-1-Luma-ios-VO-cbo-zm1+%286944142889643%29,0,21.96,0,4
2026-04-29,Facebook+Installs,6746466099,1230_Luma_iOS_AEO_MCY+%286848133765315%29,0,742.2200000000013,0,178
2026-04-29,Facebook+Installs,6746466099,Luma+iOS_syh_260422_AEO+%28120241407442320137%29,1,0,0,0
2026-04-29,Facebook+Installs,6746466099,Luma+ios_cy1_0419_aeo+%28120243309592160256%29,1,0,0,0
2026-04-29,Facebook+Installs,6746466099,Luma+ios_wvv_20260429_AEO_1+%286908533021715%29,0,7.98,0,2
2026-04-29,Facebook+Installs,6746466099,Luma_ios_zmf_abo_0331_1+%286993503324612%29,1,0,0,0
2026-04-29,Facebook+Installs,6746466099,Luma_ios_zmf_abo_1220_2+%286945556930012%29,1,0,0,0
2026-04-29,Facebook+Installs,6746782904,0204-0422-Romi-ios-VO-cbo-zm1+%286928215077244%29,0,39.98,0,2
2026-04-29,Facebook+Installs,6746782904,3.14+AEOc+cbo+cyl+%28120241002174210475%29,0,802.6200000000002,0,38
2026-04-29,Facebook+Installs,6746782904,3.6+VOc+cyl+%28120240683942700475%29,2,336.6300000000001,0,37
2026-04-29,Facebook+Installs,6746782904,Romi+iOS_syh_260416_VO+%28120242388498510055%29,0,23.979999999999997,0,2
2026-04-29,Facebook+Installs,6746782904,Romi_ios_zmf_purchase_abo_0320_1+%28120248735216530151%29,0,31.92000000000001,0,8
2026-04-29,Facebook+Installs,6746782904,Romi_ios_zmf_vo_cbo_0319_2+%28120243482931960228%29,0,67.9,0,10
2026-04-29,Facebook+web,6746782904,0417-liuh-Romi+ios-%2F%2Faeo,0,18.98,0,2
2026-04-29,Instagram+Installs,6746466099,0219_Luma_iOS_AEO_MCY+%286866373524315%29,2,0,0,0
2026-04-29,Instagram+Installs,6746466099,0408_Luma_iOS_AEO_MCY+%286894809601315%29,0,3.99,0,1
2026-04-29,Instagram+Installs,6746466099,Luma+ios_cy1_0419_aeo+%28120243309592160256%29,0,3.99,0,1
2026-04-29,Instagram+Installs,6746466099,Luma+ios_wvv_20260429_AEO_1+%286908533021715%29,0,107.89999999999998,0,10
2026-04-29,Instagram+Installs,6746466099,Luma+ios_zjc_20260427_AEO_ABO+%28120244021653290256%29,0,116.91999999999999,0,8
2026-04-29,Instagram+Installs,6746782904,0422-1226-2-Romi-ios-AEO-zm1+%286928200804844%29,0,69.93,0,7
2026-04-29,Instagram+Installs,6746782904,0425-Romi-ios-VO-cbo-zm1+%286929615678044%29,0,11.97,0,3
2026-04-29,Instagram+Installs,6746782904,3.14+AEOc+cbo+cyl+%28120241002174210475%29,0,39.96,0,4
2026-04-29,Instagram+Installs,6746782904,4.18+VOc+cyl+%28120242759838130475%29,0,13.98,0,2
2026-04-29,Instagram+Installs,6746782904,Romi_ios_zmf_vo_cbo_0319_2+%28120243482931960228%29,0,7.98,0,2
2026-04-29,Luma+ios+FB+W2A,6746466099,0422-liuh-Luma+ios-%2F%2Faeo,1,49.97,0,3
2026-04-29,Luma+ios+FB+W2A,6746466099,Luma_ios_W2A_zmf_aeo_abo_0421_1,0,89.92999999999999,0,7
2026-04-29,TikTok+SAN,6746466099,,0,65.93,0,7
2026-04-29,TikTok+SAN,6746466099,Luma_ios_wcx_aeo_0120_smart_02+%281854728351163506%29,1,441.8200000000001,0,18
2026-04-29,TikTok+SAN,6746466099,Luma_ios_wcx_aeo_0330_smart_aaaa+%281861075811376338%29,0,39.940000000000005,0,6
2026-04-29,TikTok+SAN,6746466099,Luma_ios_wcx_aeo_0330_smart_sss+%281861074747568625%29,0,142.85000000000002,0,15
2026-04-29,TikTok+SAN,6746466099,Luma_ios_wcx_aeo_1119_smart++%281849118725316657%29,1,49.93000000000001,0,7
2026-04-29,TikTok+SAN,6746466099,Luma_ios_wcx_aeo_1225_smart++%281852385308106114%29,1,215.55000000000013,0,45
2026-04-30,Facebook+Installs,6746466099,0219_Luma_iOS_AEO_MCY+%286866373524315%29,0,3.99,0,1
2026-04-30,Facebook+Installs,6746466099,0423-1-Luma-ios-VO-cbo-zm1+%286944142889643%29,0,186.9,0,10
2026-04-30,Facebook+Installs,6746466099,Luma+iOS_syh_260423_AEO+%28120241488861200137%29,0,31.950000000000003,0,5
2026-04-30,Facebook+Installs,6746466099,Luma+ios_wvv_20260429_AEO_1+%286908533021715%29,0,129.83999999999997,0,16
2026-04-30,Facebook+Installs,6746782904,0416-22-Romi-ios-VO-cbo-zm1+%286928215078844%29,0,85.86,0,14
2026-04-30,Facebook+Installs,6746782904,0425-Romi-ios-VO-cbo-zm1+%286929615678044%29,0,235.77000000000012,0,23
2026-04-30,Facebook+Installs,6746782904,3.6+VOc+cyl+%28120240683942700475%29,0,435.80000000000007,0,20
2026-04-30,Facebook+Installs,6746782904,4.18+VOc+cyl+%28120242759838130475%29,0,3.99,0,1
2026-04-30,Facebook+Installs,6746782904,Romi+iOS_syh_260416_VO+%28120242388498510055%29,2,0,0,0
2026-04-30,Facebook+Installs,6746782904,Romi_ios_zmf_purchase_abo_0320_1+%28120248735216530151%29,0,45.90000000000001,0,10
2026-04-30,Facebook+Installs,6746782904,Romi_ios_zmf_vo_cbo_0319_2+%28120243482931960228%29,0,1743.77,0,23
2026-04-30,Facebook+Installs,6746782904,Romi_ios_zmf_vo_cbo_0325_1+%28120243690432680228%29,0,193.66000000000003,0,34
2026-04-30,Instagram+Installs,6746466099,Luma+ios_cy1_0420_aeo+%28120243487861700256%29,0,3.99,0,1
2026-04-30,Instagram+Installs,6746466099,Luma+ios_dsk_0420_aeo+%28120243487861700256%29,0,19.99,0,1
2026-04-30,Instagram+Installs,6746466099,Luma_ios_zmf_abo_1220_2+%286945556930012%29,1,3.99,0,1
2026-04-30,Instagram+Installs,6746782904,0204-0422-Romi-ios-VO-cbo-zm1+%286928215077244%29,0,3.99,0,1
2026-04-30,Instagram+Installs,6746782904,0422-1226-2-Romi-ios-AEO-zm1+%286928200804844%29,0,15.96,0,4
2026-04-30,Instagram+Installs,6746782904,3.14+AEOc+cbo+cyl+%28120241002174210475%29,0,31.950000000000003,0,5
2026-04-30,Luma+ios+FB+W2A,6746466099,0422-liuh-Luma+ios-%2F%2Faeo,1,17.97,0,3
2026-04-30,TikTok+SAN,6746466099,,0,27.96,0,4
2026-04-30,TikTok+SAN,6746466099,Luma_ios_wcx_aeo_0120_smart_02+%281854728351163506%29,0,31.950000000000003,0,5
2026-04-30,TikTok+SAN,6746466099,Luma_ios_wcx_aeo_0330_smart_aaaa+%281861075811376338%29,0,29.97,0,3
2026-04-30,TikTok+SAN,6746466099,Luma_ios_wcx_aeo_1225_smart++%281852385308106114%29,3,329.5500000000003,0,45
2026-05-01,Facebook+Installs,6746466099,0407_Luma_iOS_AEO_MCY+%286894235051515%29,0,9.99,0,1
2026-05-01,Facebook+Installs,6746466099,0417-2-Luma-ios-VO-cbo-zm1+%286939989053243%29,2,0,0,0
2026-05-01,Facebook+Installs,6746466099,Luma+iOS_syh_260422_AEO+%28120241407442320137%29,0,3.99,0,1
2026-05-01,Facebook+Installs,6746466099,Luma+ios_wvv_20260429_AEO_1+%286908533021715%29,0,11.97,0,3
2026-05-01,Facebook+Installs,6746782904,0204-0422-Romi-ios-VO-cbo-zm1+%286928215077244%29,0,33.98,0,2
2026-05-01,Facebook+Installs,6746782904,0416-22-Romi-ios-VO-cbo-zm1+%286928215078844%29,0,287.7600000000001,0,24
2026-05-01,Facebook+Installs,6746782904,0422-1226-2-Romi-ios-AEO-zm1+%286928200804844%29,0,59.91000000000001,0,9
2026-05-01,Facebook+Installs,6746782904,3.14+AEOc+cbo+cyl+%28120241002174210475%29,1,0,0,0
2026-05-01,Facebook+Installs,6746782904,3.6+VOc+cyl+%28120240683942700475%29,1,159.96,0,4
2026-05-01,Facebook+Installs,6746782904,Romi_ios_zmf_vo_abo_0411_1+%28120249834385690151%29,0,23.940000000000005,0,6
2026-05-01,Facebook+Installs,6746782904,Romi_ios_zmf_vo_cbo_0319_2+%28120243482931960228%29,0,3.99,0,1
2026-05-01,Facebook+Installs,6746782904,Romi_ios_zmf_vo_cbo_0325_1+%28120243690432680228%29,0,200.54000000000013,0,46
2026-05-01,Instagram+Installs,6746466099,0407_Luma_iOS_AEO_MCY+%286894235051515%29,0,17.97,0,3
2026-05-01,Instagram+Installs,6746466099,0423-1-Luma-ios-VO-cbo-zm1+%286944142889643%29,0,1110.6200000000001,0,38
2026-05-01,Instagram+Installs,6746466099,Luma+iOS_syh_260422_AEO+%28120241407442320137%29,0,167.85000000000002,0,15
2026-05-01,Instagram+Installs,6746466099,Luma+iOS_syh_260423_AEO+%28120241488861200137%29,0,15.96,0,4
2026-05-01,Instagram+Installs,6746466099,Luma+ios_zjc_20260502_AEO_1+%28120244337810030256%29,1,0,0,0
2026-05-01,Instagram+Installs,6746466099,Luma_ios_zmf_abo_1220_2+%286945556930012%29,0,77.86,0,14
2026-05-01,Instagram+Installs,6746782904,0204-0422-Romi-ios-VO-cbo-zm1+%286928215077244%29,0,135.65999999999997,0,34
2026-05-01,Instagram+Installs,6746782904,0416-22-Romi-ios-VO-cbo-zm1+%286928215078844%29,1,15.96,0,4
2026-05-01,Instagram+Installs,6746782904,0425-Romi-ios-VO-cbo-zm1+%286929615678044%29,0,179.92000000000002,0,8
2026-05-01,Instagram+Installs,6746782904,3.14+AEOc+cbo+cyl+%28120241002174210475%29,0,21.96,0,4
2026-05-01,Instagram+Installs,6746782904,4.18+VOc+cyl+%28120242759838130475%29,0,15.96,0,4
2026-05-01,Luma+ios+FB+W2A,6746466099,0422-liuh-Luma+ios-%2F%2Faeo,0,1497.3100000000004,0,69
2026-05-01,Luma+ios+FB+W2A,6746466099,Luma_ios_W2A_zmf_aeo_abo_0424_1,0,61.890000000000015,0,11
2026-05-01,TikTok+SAN,6746466099,,0,3.99,0,1
2026-05-01,TikTok+SAN,6746466099,Luma_ios_AEO_MCY_0228_s%2B_1+%281858365270760530%29,0,27.930000000000007,0,7
2026-05-01,TikTok+SAN,6746466099,Luma_ios_wcx_aeo_0120_smart_02+%281854728351163506%29,0,53.97,0,3
2026-05-01,TikTok+SAN,6746466099,Luma_ios_wcx_aeo_0330_smart_aaaa+%281861075811376338%29,0,14.99,0,1
2026-05-01,TikTok+SAN,6746466099,Luma_ios_wcx_aeo_1119_smart++%281849118725316657%29,1,207.82000000000005,0,18
2026-05-01,TikTok+SAN,6746466099,Luma_ios_wcx_aeo_1225_smart++%281852385308106114%29,1,177.85000000000005,0,15
2026-05-01,TikTok+SAN,6746466099,Luma_ios_zmf_0408_smart_purchase_01+%281861791826664593%29,0,141.65999999999997,0,34
2026-05-01,TikTok+SAN,6746466099,Luma_ios_zmf_0501_smart_purchase_01_copy+%281863879708705969%29,1,21.96,0,4
2026-05-02,Facebook+Installs,6746466099,0407_Luma_iOS_AEO_MCY+%286894235051515%29,0,300.7300000000001,0,27
2026-05-02,Facebook+Installs,6746466099,0423-1-Luma-ios-VO-cbo-zm1+%286944142889643%29,0,49.97,0,3
2026-05-02,Facebook+Installs,6746466099,1230_Luma_iOS_AEO_MCY+%286848133765315%29,0,693.4500000000003,0,55
2026-05-02,Facebook+Installs,6746466099,Luma+iOS_syh_260422_AEO+%28120241407442320137%29,0,9.99,0,1
2026-05-02,Facebook+Installs,6746466099,Luma+ios_wvv_20260429_AEO_1+%286908533021715%29,0,119.85999999999996,0,14
2026-05-02,Facebook+Installs,6746466099,Luma_ios_zmf_abo_0331_1+%286993503324612%29,0,7.98,0,2
2026-05-02,Facebook+Installs,6746782904,0416-22-Romi-ios-VO-cbo-zm1+%286928215078844%29,1,41.940000000000005,0,6
2026-05-02,Facebook+Installs,6746782904,0422-1226-2-Romi-ios-AEO-zm1+%286928200804844%29,0,89.78999999999999,0,21
2026-05-02,Facebook+Installs,6746782904,0425-Romi-ios-VO-cbo-zm1+%286929615678044%29,0,253.87000000000003,0,13
2026-05-02,Facebook+Installs,6746782904,3.14+AEOc+cbo+cyl+%28120241002174210475%29,0,26.96,0,4
2026-05-02,Facebook+Installs,6746782904,3.6+VOc+cyl+%28120240683942700475%29,0,343.2900000000003,0,71
2026-05-02,Facebook+Installs,6746782904,4.18+VOc+cyl+%28120242759838130475%29,0,19.98,0,2
2026-05-02,Facebook+Installs,6746782904,Romi+ios_wvv_260501_aeo_1+%28120243842848770517%29,1,1599.5700000000002,0,43
2026-05-02,Facebook+Installs,6746782904,Romi+ios_wvv_260501_vo_1+%28120243842848770517%29,0,959.7600000000001,0,24
2026-05-02,Facebook+Installs,6746782904,Romi_ios_zmf_vo_cbo_0319_2+%28120243482931960228%29,0,1899.75,0,25
2026-05-02,Facebook+Installs,6746782904,Romi_ios_zmf_vo_cbo_0325_1+%28120243690432680228%29,0,143.88000000000002,0,12
2026-05-02,Facebook+web,6746782904,0501-liuh-Romi+ios-%2F%2Faaa+aeo1,0,3.99,0,1
2026-05-02,Instagram+Installs,6746466099,0423-1-Luma-ios-VO-cbo-zm1+%286944142889643%29,0,7.98,0,2
2026-05-02,Instagram+Installs,6746466099,Luma+iOS_syh_260422_AEO+%28120241407442320137%29,0,9.99,0,1
2026-05-02,Instagram+Installs,6746466099,Luma_ios_zmf_abo_0331_1+%286993503324612%29,0,3.99,0,1
2026-05-02,Instagram+Installs,6746466099,Luma_ios_zmf_abo_1220_2+%286945556930012%29,1,35.940000000000005,0,6
2026-05-02,Instagram+Installs,6746782904,0416-22-Romi-ios-VO-cbo-zm1+%286928215078844%29,0,57.87000000000002,0,13
2026-05-02,Instagram+Installs,6746782904,3.14+AEOc+cbo+cyl+%28120241002174210475%29,0,19.99,0,1
2026-05-02,Instagram+Installs,6746782904,3.6+VOc+cyl+%28120240683942700475%29,0,9.99,0,1
2026-05-02,Instagram+Installs,6746782904,Romi_ios_zmf_vo_abo_0411_1+%28120249834385690151%29,0,19.99,0,1
2026-05-02,Instagram+Installs,6746782904,Romi_ios_zmf_vo_cbo_0325_1+%28120243690432680228%29,0,199.94000000000003,0,6
2026-05-02,Luma+ios+FB+W2A,6746466099,0422-liuh-Luma+ios-%2F%2Faeo,0,106.78999999999996,0,21
2026-05-02,Luma+ios+FB+W2A,6746466099,Luma_ios_W2A_zmf_aeo_abo_0421_1,0,23.97,0,3
2026-05-02,Luma+ios+FB+W2A,6746466099,Luma_ios_W2A_zmf_aeo_abo_0424_1,0,819.5900000000003,0,41
2026-05-02,TikTok+SAN,6746466099,,2,278.48000000000025,0,52
2026-05-02,TikTok+SAN,6746466099,Luma_ios_wcx_aeo_0120_smart_02+%281854728351163506%29,1,97.85,0,15
2026-05-02,TikTok+SAN,6746466099,Luma_ios_wcx_aeo_0330_smart_aaaa+%281861075811376338%29,0,39.98,0,2
2026-05-02,TikTok+SAN,6746466099,Luma_ios_wcx_aeo_0330_smart_sss+%281861074747568625%29,0,218.80000000000007,0,20
2026-05-02,TikTok+SAN,6746466099,Luma_ios_wcx_aeo_1119_smart++%281849118725316657%29,1,488.01000000000056,0,99
2026-05-02,TikTok+SAN,6746466099,Luma_ios_wcx_aeo_1225_smart++%281852385308106114%29,0,105.88999999999999,0,11
2026-05-02,TikTok+SAN,6746466099,Luma_ios_zmf_0408_smart_purchase_01+%281861791826664593%29,0,357.12000000000046,0,88
2026-05-03,Facebook+Installs,6746466099,0423-1-Luma-ios-VO-cbo-zm1+%286944142889643%29,0,128.78999999999994,0,21
2026-05-03,Facebook+Installs,6746466099,0502-Luma-ios-AEO-abo-zm1+%286951604475643%29,0,3.99,0,1
2026-05-03,Facebook+Installs,6746466099,1230_Luma_iOS_AEO_MCY+%286848133765315%29,0,672.3800000000011,0,162
2026-05-03,Facebook+Installs,6746466099,Luma+iOS_syh_260422_AEO+%28120241407442320137%29,0,75.89999999999999,0,10
2026-05-03,Facebook+Installs,6746466099,Luma+ios_dsk_0419_aeo+%28120243309592160256%29,0,3.99,0,1
2026-05-03,Facebook+Installs,6746466099,Luma+ios_dsk_0420_aeo+%28120243487861700256%29,1,0,0,0
2026-05-03,Facebook+Installs,6746466099,Luma+ios_wvv_20260421_AEO_1+%286903634491915%29,0,125.72999999999995,0,27
2026-05-03,Facebook+Installs,6746466099,Luma+ios_zjc_20260502_AEO_1+%28120244337810030256%29,1,0,0,0
2026-05-03,Facebook+Installs,6746782904,0416-22-Romi-ios-VO-cbo-zm1+%286928215078844%29,0,11.97,0,3
2026-05-03,Facebook+Installs,6746782904,0422-1226-2-Romi-ios-AEO-zm1+%286928200804844%29,0,624.5200000000003,0,48
2026-05-03,Facebook+Installs,6746782904,0425-Romi-ios-VO-cbo-zm1+%286929615678044%29,0,51.95,0,5
2026-05-03,Facebook+Installs,6746782904,3.14+AEOc+cbo+cyl+%28120241002174210475%29,0,63.840000000000025,0,16
2026-05-03,Facebook+Installs,6746782904,3.6+VOc+cyl+%28120240683942700475%29,1,736.9100000000009,0,109
2026-05-03,Facebook+Installs,6746782904,4.18+VOc+cyl+%28120242759838130475%29,0,47.88000000000002,0,12
2026-05-03,Facebook+Installs,6746782904,Romi+iOS_syh_260416_AEO+%28120242387409150055%29,0,371.0700000000005,0,93
2026-05-03,Facebook+Installs,6746782904,Romi+ios_wvv_260501_aeo_1+%28120243842848770517%29,0,451.4600000000003,0,54
2026-05-03,Facebook+Installs,6746782904,Romi+ios_wvv_260501_vo_1+%28120243842848770517%29,0,14.99,0,1
2026-05-03,Facebook+Installs,6746782904,Romi_ios_zmf_vo_cbo_0319_2+%28120243482931960228%29,0,111.96,0,4
2026-05-03,Facebook+Installs,6746782904,Romi_ios_zmf_vo_cbo_0325_1+%28120243690432680228%29,0,75.91999999999999,0,8
2026-05-03,Instagram+Installs,6746466099,0423-1-Luma-ios-VO-cbo-zm1+%286944142889643%29,0,39.99,0,1
2026-05-03,Instagram+Installs,6746466099,0502-Luma-ios-AEO-abo-zm1+%286951604475643%29,0,58.970000000000006,0,3
2026-05-03,Instagram+Installs,6746466099,Luma+iOS_syh_260422_AEO+%28120241407442320137%29,0,57.910000000000004,0,9
2026-05-03,Instagram+Installs,6746466099,Luma+ios_wvv_20260421_AEO_1+%286903634491915%29,0,11.97,0,3
2026-05-03,Instagram+Installs,6746466099,Luma+ios_wvv_260516_vo_1+%286921126794915%29,0,47.88000000000002,0,12
2026-05-03,Instagram+Installs,6746466099,Luma+ios_zjc_20260502_AEO_1+%28120244337810030256%29,0,83.96,0,4
2026-05-03,Instagram+Installs,6746466099,Luma_ios_zmf_abo_1220_2+%286945556930012%29,1,7.98,0,2
2026-05-03,Instagram+Installs,6746782904,0416-22-Romi-ios-VO-cbo-zm1+%286928215078844%29,0,15.96,0,4
2026-05-03,Instagram+Installs,6746782904,3.14+AEOc+cbo+cyl+%28120241002174210475%29,1,39.94,0,6
2026-05-03,Instagram+Installs,6746782904,3.6+VOc+cyl+%28120240683942700475%29,0,7.98,0,2
2026-05-03,Instagram+Installs,6746782904,4.18+VOc+cyl+%28120242759838130475%29,0,23.97,0,3
2026-05-03,Instagram+Installs,6746782904,Romi_ios_zmf_purchase_abo_0320_1+%28120248735216530151%29,1,3.99,0,1
2026-05-03,Luma+ios+FB+W2A,6746466099,0422-liuh-Luma+ios-%2F%2Faeo,1,217.86000000000004,0,14
2026-05-03,TikTok+SAN,6746466099,,0,23.979999999999997,0,2
2026-05-03,TikTok+SAN,6746466099,Luma_ios_wcx_aeo_0120_smart_02+%281854728351163506%29,0,29.940000000000005,0,6
2026-05-03,TikTok+SAN,6746466099,Luma_ios_wcx_aeo_0330_smart_aaaa+%281861075811376338%29,0,29.98,0,2
2026-05-03,TikTok+SAN,6746466099,Luma_ios_wcx_aeo_1119_smart++%281849118725316657%29,0,270.50000000000017,0,50
2026-05-03,TikTok+SAN,6746466099,Luma_ios_wcx_aeo_1225_smart++%281852385308106114%29,1,134.75999999999993,0,24
2026-05-04,Facebook+Installs,6746466099,0219_Luma_iOS_AEO_MCY+%286866373524315%29,0,96.82999999999998,0,17
2026-05-04,Facebook+Installs,6746466099,0408_Luma_iOS_AEO_MCY+%286894809601315%29,0,307.23000000000036,0,77
2026-05-04,Facebook+Installs,6746466099,0423-1-Luma-ios-VO-cbo-zm1+%286944142889643%29,0,220.77000000000007,0,23
2026-05-04,Facebook+Installs,6746466099,1230_Luma_iOS_AEO_MCY+%286848133765315%29,0,7.98,0,2
2026-05-04,Facebook+Installs,6746466099,Luma+iOS_syh_260422_AEO+%28120241407442320137%29,2,51.87000000000002,0,13
2026-05-04,Facebook+Installs,6746466099,Luma+ios_wvv_20260429_AEO_1+%286908533021715%29,0,79.88999999999999,0,11
2026-05-04,Facebook+Installs,6746466099,Luma+ios_zjc_20260502_AEO_1+%28120244337810030256%29,0,133.95999999999998,0,4
2026-05-04,Facebook+Installs,6746466099,Luma+ios_zjc_20260502_VO_ABO+%28120244401001560256%29,0,9.99,0,1
2026-05-04,Facebook+Installs,6746466099,Luma_ios_zmf_abo_0331_1+%286993503324612%29,1,55.86000000000002,0,14
2026-05-04,Facebook+Installs,6746466099,Luma_ios_zmf_abo_1220_2+%286945556930012%29,0,25.950000000000003,0,5
2026-05-04,Facebook+Installs,6746782904,0204-0422-Romi-ios-VO-cbo-zm1+%286928215077244%29,0,7.98,0,2
2026-05-04,Facebook+Installs,6746782904,0422-1226-2-Romi-ios-AEO-zm1+%286928200804844%29,1,157.85000000000008,0,15
2026-05-04,Facebook+Installs,6746782904,0425-Romi-ios-VO-cbo-zm1+%286929615678044%29,0,159.97,0,3
2026-05-04,Facebook+Installs,6746782904,3.14+AEOc+cbo+cyl+%28120241002174210475%29,0,259.81,0,19
2026-05-04,Facebook+Installs,6746782904,3.6+VOc+cyl+%28120240683942700475%29,0,723.6200000000001,0,38
2026-05-04,Facebook+Installs,6746782904,4.18+VOc+cyl+%28120242759838130475%29,0,117.91999999999999,0,8
2026-05-04,Facebook+Installs,6746782904,Romi+iOS_syh_260416_VO+%28120242388498510055%29,0,39.99,0,1
2026-05-04,Facebook+Installs,6746782904,Romi+ios_wvv_260501_aeo_1+%28120243842848770517%29,0,99.99,0,1
2026-05-04,Facebook+Installs,6746782904,Romi_ios_zmf_purchase_abo_0320_1+%28120248735216530151%29,0,449.91,0,9
2026-05-04,Facebook+Installs,6746782904,Romi_ios_zmf_vo_abo_0411_1+%28120249834385690151%29,0,18.98,0,2
2026-05-04,Facebook+Installs,6746782904,Romi_ios_zmf_vo_cbo_0319_2+%28120243482931960228%29,0,77.93999999999998,0,6
2026-05-04,Facebook+Installs,6746782904,Romi_ios_zmf_vo_cbo_0325_1+%28120243690432680228%29,0,149.79999999999995,0,20
2026-05-04,Instagram+Installs,6746466099,0219_Luma_iOS_AEO_MCY+%286866373524315%29,2,3.99,0,1
2026-05-04,Instagram+Installs,6746466099,1230_Luma_iOS_AEO_MCY+%286848133765315%29,0,57.93000000000001,0,7
2026-05-04,Instagram+Installs,6746466099,Luma+iOS_syh_260422_AEO+%28120241407442320137%29,1,0,0,0
2026-05-04,Instagram+Installs,6746466099,Luma+ios_cy1_0419_aeo+%28120243309592160256%29,0,23.940000000000005,0,6
2026-05-04,Instagram+Installs,6746466099,Luma+ios_dsk_0419_aeo+%28120243309592160256%29,0,31.92000000000001,0,8
2026-05-04,Instagram+Installs,6746466099,Luma+ios_zjc_20260502_VO_ABO+%28120244401001560256%29,0,69.9,0,10
2026-05-04,Instagram+Installs,6746466099,Luma_ios_zmf_abo_1220_2+%286945556930012%29,0,42.92000000000001,0,8
2026-05-04,Instagram+Installs,6746782904,0416-22-Romi-ios-VO-cbo-zm1+%286928215078844%29,0,123.74999999999997,0,25
2026-05-04,Instagram+Installs,6746782904,0422-1226-2-Romi-ios-AEO-zm1+%286928200804844%29,0,18.98,0,2
2026-05-04,Instagram+Installs,6746782904,0425-Romi-ios-VO-cbo-zm1+%286929615678044%29,0,162.94000000000003,0,6
2026-05-04,Instagram+Installs,6746782904,3.14+AEOc+cbo+cyl+%28120241002174210475%29,0,47.88000000000002,0,12
2026-05-04,Instagram+Installs,6746782904,3.6+VOc+cyl+%28120240683942700475%29,0,49.890000000000015,0,11
2026-05-04,Instagram+Installs,6746782904,4.18+VOc+cyl+%28120242759838130475%29,0,191.7500000000001,0,25
2026-05-04,Instagram+Installs,6746782904,Romi+iOS_syh_260416_AEO+%28120242387409150055%29,2,3.99,0,1
2026-05-04,Instagram+Installs,6746782904,Romi_ios_zmf_vo_cbo_0325_1+%28120243690432680228%29,0,9.99,0,1
2026-05-04,Luma+ios+FB+W2A,6746466099,%7B%7Bcampaign.name%7D%7D,0,415.35000000000036,0,65
2026-05-04,Luma+ios+FB+W2A,6746466099,0422-liuh-Luma+ios-%2F%2Faeo,0,176.88,0,12
2026-05-04,Luma+ios+FB+W2A,6746466099,Luma_ios_W2A_zmf_aeo_abo_0424_1,0,319.84000000000003,0,16
2026-05-04,TikTok+SAN,6746466099,,0,417.7600000000001,0,24
2026-05-04,TikTok+SAN,6746466099,+0416-lhtt-Luma+26-%2F%2Fs%2B%2B+cj+%281862610134538306%29,0,14.99,0,1
2026-05-04,TikTok+SAN,6746466099,Luma_ios_wcx_aeo_0120_smart_02+%281854728351163506%29,1,31.92000000000001,0,8
2026-05-04,TikTok+SAN,6746466099,Luma_ios_wcx_aeo_0330_smart_aaaa+%281861075811376338%29,0,3.99,0,1
2026-05-04,TikTok+SAN,6746466099,Luma_ios_wcx_aeo_0330_smart_sss+%281861074747568625%29,0,358.53000000000026,0,47
2026-05-04,TikTok+SAN,6746466099,Luma_ios_wcx_aeo_1119_smart++%281849118725316657%29,0,896.8700000000008,0,113
2026-05-04,TikTok+SAN,6746466099,Luma_ios_wcx_aeo_1225_smart++%281852385308106114%29,0,457.7400000000001,0,26
2026-05-04,TikTok+SAN,6746466099,Luma_ios_zmf_0501_smart_purchase_02+%281863889893745842%29,0,155.91000000000003,0,9
2026-05-05,Facebook+Installs,6746466099,0219_Luma_iOS_AEO_MCY+%286866373524315%29,0,11.97,0,3
2026-05-05,Facebook+Installs,6746466099,0423-1-Luma-ios-VO-cbo-zm1+%286944142889643%29,0,37.97,0,3
2026-05-05,Facebook+Installs,6746466099,0502-Luma-ios-AEO-abo-zm1+%286951604475643%29,1,0,0,0
2026-05-05,Facebook+Installs,6746466099,Luma+iOS_syh_260422_AEO+%28120241407442320137%29,0,117.82999999999996,0,17
2026-05-05,Facebook+Installs,6746466099,Luma+iOS_syh_260423_AEO+%28120241488861200137%29,0,37.95,0,5
2026-05-05,Facebook+Installs,6746466099,Luma+ios_cy1_0420_aeo+%28120243487861700256%29,2,23.940000000000005,0,6
2026-05-05,Facebook+Installs,6746466099,Luma+ios_wvv_20260421_AEO_1+%286903634491915%29,2,7.98,0,2
2026-05-05,Facebook+Installs,6746466099,Luma+ios_wvv_20260429_AEO_1+%286908533021715%29,0,35.91000000000001,0,9
2026-05-05,Facebook+Installs,6746466099,Luma+ios_zjc_20260502_AEO_1+%28120244337810030256%29,0,43.890000000000015,0,11
2026-05-05,Facebook+Installs,6746466099,Luma_ios_zmf_abo_1220_2+%286945556930012%29,0,7.98,0,2
2026-05-05,Facebook+Installs,6746782904,0204-0422-Romi-ios-VO-cbo-zm1+%286928215077244%29,0,71.95,0,5
2026-05-05,Facebook+Installs,6746782904,0416-22-Romi-ios-VO-cbo-zm1+%286928215078844%29,0,7.98,0,2
2026-05-05,Facebook+Installs,6746782904,0422-1226-2-Romi-ios-AEO-zm1+%286928200804844%29,0,31.96,0,4
2026-05-05,Facebook+Installs,6746782904,3.14+AEOc+cbo+cyl+%28120241002174210475%29,3,91.82999999999998,0,17
2026-05-05,Facebook+Installs,6746782904,3.6+VOc+cyl+%28120240683942700475%29,0,89.85,0,15
2026-05-05,Facebook+Installs,6746782904,Romi+iOS_ZJC_2600522_VO+%28120244855947250055%29,0,275.59000000000003,0,41
2026-05-05,Facebook+Installs,6746782904,Romi+ios_wvv_260501_vo_1+%28120243842848770517%29,0,3.99,0,1
2026-05-05,Facebook+Installs,6746782904,Romi_ios_wcx_purchase_vo_0605+%28120242152656890517%29,2,44.96,0,4
2026-05-05,Facebook+Installs,6746782904,Romi_ios_zmf_vo_abo_0411_1+%28120249834385690151%29,0,23.940000000000005,0,6
2026-05-05,Facebook+Installs,6746782904,Romi_ios_zmf_vo_cbo_0325_1+%28120243690432680228%29,0,17.97,0,3
2026-05-05,Instagram+Installs,6746466099,0219_Luma_iOS_AEO_MCY+%286866373524315%29,0,13.98,0,2
2026-05-05,Instagram+Installs,6746466099,0423-1-Luma-ios-VO-cbo-zm1+%286944142889643%29,2,3.99,0,1
2026-05-05,Instagram+Installs,6746466099,Luma+iOS_syh_260422_AEO+%28120241407442320137%29,0,33.93000000000001,0,7
2026-05-05,Instagram+Installs,6746466099,Luma+ios_wvv_20260421_AEO_1+%286903634491915%29,0,523.4800000000004,0,52
2026-05-05,Instagram+Installs,6746466099,Luma+ios_zjc_20260502_AEO_1+%28120244337810030256%29,0,3.99,0,1
2026-05-05,Instagram+Installs,6746466099,Luma_ios_zmf_abo_1220_2+%286945556930012%29,0,3.99,0,1
2026-05-05,Instagram+Installs,6746782904,0422-1226-2-Romi-ios-AEO-zm1+%286928200804844%29,0,9.99,0,1
2026-05-05,Instagram+Installs,6746782904,0425-Romi-ios-VO-cbo-zm1+%286929615678044%29,2,37.92000000000001,0,8
2026-05-05,Instagram+Installs,6746782904,3.14+AEOc+cbo+cyl+%28120241002174210475%29,0,55.86000000000002,0,14
2026-05-05,Instagram+Installs,6746782904,4.18+VOc+cyl+%28120242759838130475%29,0,197.80000000000004,0,20
2026-05-05,Instagram+Installs,6746782904,Romi+iOS_syh_260416_AEO+%28120242387409150055%29,0,93.78,0,22
2026-05-05,Instagram+Installs,6746782904,Romi_ios_zmf_purchase_abo_0320_1+%28120248735216530151%29,0,129.68999999999997,0,31
2026-05-05,Luma+ios+FB+W2A,6746466099,Luma_ios_W2A_zmf_aeo_abo_0424_1,0,69.94,0,6
2026-05-05,TikTok+SAN,6746466099,,0,124.84999999999998,0,15
2026-05-05,TikTok+SAN,6746466099,+0416-lhtt-Luma+26-%2F%2Fs%2B%2B+cj+%281862610134538306%29,0,18.98,0,2
2026-05-05,TikTok+SAN,6746466099,Luma_ios_wcx_aeo_0120_smart_02+%281854728351163506%29,0,45.90000000000001,0,10
2026-05-05,TikTok+SAN,6746466099,Luma_ios_wcx_aeo_0330_smart_sss+%281861074747568625%29,0,17.97,0,3
2026-05-05,TikTok+SAN,6746466099,Luma_ios_wcx_aeo_1119_smart++%281849118725316657%29,1,261.77000000000004,0,23
2026-05-05,TikTok+SAN,6746466099,Luma_ios_wcx_aeo_1225_smart++%281852385308106114%29,0,157.76999999999998,0,23
2026-05-05,TikTok+SAN,6746466099,Luma_ios_zmf_0501_smart_purchase_02+%281863889893745842%29,0,433.7800000000001,0,22
2026-05-06,Facebook+Installs,6746466099,0407_Luma_iOS_AEO_MCY+%286894235051515%29,0,15.96,0,4
2026-05-06,Facebook+Installs,6746466099,0423-1-Luma-ios-VO-cbo-zm1+%286944142889643%29,2,298.70000000000016,0,30
2026-05-06,Facebook+Installs,6746466099,0502-Luma-ios-AEO-abo-zm1+%286951604475643%29,0,60.940000000000005,0,6
2026-05-06,Facebook+Installs,6746466099,Luma+iOS_syh_260422_AEO+%28120241407442320137%29,2,374.52000000000027,0,48
2026-05-06,Facebook+Installs,6746466099,Luma+ios_cy1_0419_aeo+%28120243309592160256%29,0,31.950000000000003,0,5
2026-05-06,Facebook+Installs,6746466099,Luma+ios_dsk_0419_aeo+%28120243309592160256%29,0,9.99,0,1
2026-05-06,Facebook+Installs,6746466099,Luma+ios_wvv_20260421_AEO_1+%286903634491915%29,0,127.76999999999995,0,23
2026-05-06,Facebook+Installs,6746466099,Luma+ios_zjc_20260502_AEO_1+%28120244337810030256%29,0,523.3800000000003,0,62
2026-05-06,Facebook+Installs,6746466099,Luma_ios_zmf_abo_0331_1+%286993503324612%29,0,485.5100000000003,0,49
2026-05-06,Facebook+Installs,6746466099,Luma_ios_zmf_abo_1220_2+%286945556930012%29,0,33.93000000000001,0,7
2026-05-06,Facebook+Installs,6746782904,0204-0422-Romi-ios-VO-cbo-zm1+%286928215077244%29,0,3.99,0,1
2026-05-06,Facebook+Installs,6746782904,0416-22-Romi-ios-VO-cbo-zm1+%286928215078844%29,1,151.91,0,9
2026-05-06,Facebook+Installs,6746782904,0422-1226-2-Romi-ios-AEO-zm1+%286928200804844%29,0,262.6000000000001,0,40
2026-05-06,Facebook+Installs,6746782904,0425-Romi-ios-VO-cbo-zm1+%286929615678044%29,0,7.98,0,2
2026-05-06,Facebook+Installs,6746782904,3.14+AEOc+cbo+cyl+%28120241002174210475%29,1,339.6700000000002,0,33
2026-05-06,Facebook+Installs,6746782904,3.6+VOc+cyl+%28120240683942700475%29,0,31.96,0,4
2026-05-06,Facebook+Installs,6746782904,4.18+VOc+cyl+%28120242759838130475%29,0,194.85000000000005,0,15
2026-05-06,Facebook+Installs,6746782904,Romi+iOS_syh_260416_VO+%28120242388498510055%29,0,287.3400000000003,0,66
2026-05-06,Facebook+Installs,6746782904,Romi+ios_wvv_260501_aeo_1+%28120243842848770517%29,0,1226.2600000000004,0,74
2026-05-06,Facebook+Installs,6746782904,Romi+ios_wvv_260501_vo_1+%28120243842848770517%29,0,657.6500000000002,0,35
2026-05-06,Facebook+Installs,6746782904,Romi_ios_zmf_vo_abo_0411_1+%28120249834385690151%29,0,17.97,0,3
2026-05-06,Facebook+Installs,6746782904,Romi_ios_zmf_vo_cbo_0319_2+%28120243482931960228%29,0,3.99,0,1
2026-05-06,Facebook+Installs,6746782904,Romi_ios_zmf_vo_cbo_0325_1+%28120243690432680228%29,2,179.64000000000001,0,36
2026-05-06,Instagram+Installs,6746466099,0219_Luma_iOS_AEO_MCY+%286866373524315%29,0,49.97,0,3
2026-05-06,Instagram+Installs,6746466099,0502-Luma-ios-AEO-abo-zm1+%286951604475643%29,0,11.97,0,3
2026-05-06,Instagram+Installs,6746466099,Luma+iOS_syh_260422_AEO+%28120241407442320137%29,0,33.93000000000001,0,7
2026-05-06,Instagram+Installs,6746466099,Luma+ios_wvv_20260421_AEO_1+%286903634491915%29,0,9.99,0,1
2026-05-06,Instagram+Installs,6746466099,Luma_ios_zmf_abo_0331_1+%286993503324612%29,0,27.97,0,3
2026-05-06,Instagram+Installs,6746466099,Luma_ios_zmf_abo_1220_2+%286945556930012%29,0,137.77999999999994,0,22
2026-05-06,Instagram+Installs,6746782904,0416-22-Romi-ios-VO-cbo-zm1+%286928215078844%29,0,124.88999999999997,0,11
2026-05-06,Instagram+Installs,6746782904,0422-1226-2-Romi-ios-AEO-zm1+%286928200804844%29,0,3.99,0,1
2026-05-06,Instagram+Installs,6746782904,0425-Romi-ios-VO-cbo-zm1+%286929615678044%29,2,81.92999999999998,0,7
2026-05-06,Instagram+Installs,6746782904,3.14+AEOc+cbo+cyl+%28120241002174210475%29,1,35.940000000000005,0,6
2026-05-06,Instagram+Installs,6746782904,4.18+VOc+cyl+%28120242759838130475%29,0,89.97999999999999,0,2
2026-05-06,Instagram+Installs,6746782904,Romi+iOS_syh_260416_AEO+%28120242387409150055%29,0,223.7900000000001,0,21
2026-05-06,Instagram+Installs,6746782904,Romi_ios_zmf_vo_abo_0411_1+%28120249834385690151%29,0,23.979999999999997,0,2
2026-05-06,Instagram+Installs,6746782904,Romi_ios_zmf_vo_cbo_0319_2+%28120243482931960228%29,0,169.59000000000003,0,41
2026-05-06,Luma+ios+FB+W2A,6746466099,0422-liuh-Luma+ios-%2F%2Faeo,0,179.87,0,13
2026-05-06,Luma+ios+FB+W2A,6746466099,Luma_ios_W2A_zmf_aeo_abo_0424_1,0,87.94,0,6
2026-05-06,Off-Facebook+Installs,6746782904,3.14+AEOc+cbo+cyl+%28120241002174210475%29,0,33.93000000000001,0,7
2026-05-06,TikTok+SAN,6746466099,,0,3.99,0,1
2026-05-06,TikTok+SAN,6746466099,Luma_ios_wcx_aeo_0120_smart_02+%281854728351163506%29,0,47.959999999999994,0,4
2026-05-06,TikTok+SAN,6746466099,Luma_ios_wcx_aeo_1119_smart++%281849118725316657%29,5,91.83999999999999,0,16
2026-05-06,TikTok+SAN,6746466099,Luma_ios_wcx_aeo_1225_smart++%281852385308106114%29,2,121.77999999999997,0,22
2026-05-06,TikTok+SAN,6746466099,Luma_ios_zmf_0501_smart_purchase_02+%281863889893745842%29,1,43.92000000000001,0,8
2026-05-07,Facebook+Installs,6746466099,0219_Luma_iOS_AEO_MCY+%286866373524315%29,0,44.93000000000001,0,7
2026-05-07,Facebook+Installs,6746466099,0407_Luma_iOS_AEO_MCY+%286894235051515%29,0,9.99,0,1
2026-05-07,Facebook+Installs,6746466099,0423-1-Luma-ios-VO-cbo-zm1+%286944142889643%29,0,27.930000000000007,0,7
2026-05-07,Facebook+Installs,6746466099,Luma+iOS_syh_260422_AEO+%28120241407442320137%29,1,210.71000000000006,0,29
2026-05-07,Facebook+Installs,6746466099,Luma+ios_wvv_20260421_AEO_1+%286903634491915%29,2,0,0,0
2026-05-07,Facebook+Installs,6746466099,Luma+ios_wvv_20260429_AEO_1+%286908533021715%29,2,3.99,0,1
2026-05-07,Facebook+Installs,6746466099,Luma+ios_zjc_20260502_AEO_1+%28120244337810030256%29,1,395.68,0,32
2026-05-07,Facebook+Installs,6746466099,Luma_ios_zmf_abo_0331_1+%286993503324612%29,1,97.89,0,11
2026-05-07,Facebook+Installs,6746466099,Luma_ios_zmf_abo_1220_2+%286945556930012%29,0,22.97,0,3
2026-05-07,Facebook+Installs,6746782904,0416-22-Romi-ios-VO-cbo-zm1+%286928215078844%29,0,138.90999999999997,0,9
2026-05-07,Facebook+Installs,6746782904,0422-1226-2-Romi-ios-AEO-zm1+%286928200804844%29,0,102.88999999999999,0,11
2026-05-07,Facebook+Installs,6746782904,0425-Romi-ios-VO-cbo-zm1+%286929615678044%29,0,207.76999999999998,0,23
2026-05-07,Facebook+Installs,6746782904,3.14+AEOc+cbo+cyl+%28120241002174210475%29,0,159.79000000000005,0,21
2026-05-07,Facebook+Installs,6746782904,3.6+VOc+cyl+%28120240683942700475%29,0,114.88999999999999,0,11
2026-05-07,Facebook+Installs,6746782904,4.18+VOc+cyl+%28120242759838130475%29,0,298.4900000000001,0,51
2026-05-07,Facebook+Installs,6746782904,Romi+iOS_syh_260416_VO+%28120242388498510055%29,0,7.98,0,2
2026-05-07,Facebook+Installs,6746782904,Romi+ios_wvv_260501_aeo_1+%28120243842848770517%29,0,47.88000000000002,0,12
2026-05-07,Facebook+Installs,6746782904,Romi_ios_zmf_vo_abo_0411_1+%28120249834385690151%29,0,117.71999999999997,0,28
2026-05-07,Facebook+Installs,6746782904,Romi_ios_zmf_vo_cbo_0325_1+%28120243690432680228%29,0,477.75000000000017,0,25
2026-05-07,Instagram+Installs,6746466099,0219_Luma_iOS_AEO_MCY+%286866373524315%29,1,57.87000000000002,0,13
2026-05-07,Instagram+Installs,6746466099,0408_Luma_iOS_AEO_MCY+%286894809601315%29,0,51.87000000000002,0,13
2026-05-07,Instagram+Installs,6746466099,1230_Luma_iOS_AEO_MCY+%286848133765315%29,0,137.93,0,7
2026-05-07,Instagram+Installs,6746466099,Luma+iOS_syh_260422_AEO+%28120241407442320137%29,2,37.92000000000001,0,8
2026-05-07,Instagram+Installs,6746466099,Luma+ios_wvv_20260421_AEO_1+%286903634491915%29,0,3.99,0,1
2026-05-07,Instagram+Installs,6746466099,Luma+ios_zjc_20260502_AEO_1+%28120244337810030256%29,0,45.95,0,5
2026-05-07,Instagram+Installs,6746466099,Luma_ios_zmf_abo_1220_2+%286945556930012%29,0,67.9,0,10
2026-05-07,Instagram+Installs,6746782904,0204-0422-Romi-ios-VO-cbo-zm1+%286928215077244%29,0,108.83999999999997,0,16
2026-05-07,Instagram+Installs,6746782904,0416-22-Romi-ios-VO-cbo-zm1+%286928215078844%29,0,214.77000000000007,0,23
2026-05-07,Instagram+Installs,6746782904,0422-1226-2-Romi-ios-AEO-zm1+%286928200804844%29,0,33.93000000000001,0,7
2026-05-07,Instagram+Installs,6746782904,0425-Romi-ios-VO-cbo-zm1+%286929615678044%29,1,98.80999999999997,0,19
2026-05-07,Instagram+Installs,6746782904,3.14+AEOc+cbo+cyl+%28120241002174210475%29,0,11.97,0,3
2026-05-07,Instagram+Installs,6746782904,Romi+iOS_syh_260416_AEO+%28120242387409150055%29,0,13.98,0,2
2026-05-07,Luma+ios+FB+W2A,6746466099,0422-liuh-Luma+ios-%2F%2Faeo,0,55.90000000000001,0,10
2026-05-07,Luma+ios+FB+W2A,6746466099,Luma_ios_W2A_zmf_aeo_abo_0424_1,0,22.97,0,3
2026-05-07,TikTok+SAN,6746466099,,1,62.87000000000002,0,13
2026-05-07,TikTok+SAN,6746466099,+0416-lhtt-Luma+26-%2F%2Fs%2B%2B+cj+%281862610134538306%29,0,18.98,0,2
2026-05-07,TikTok+SAN,6746466099,Luma_ios_AEO_MCY_0228_s%2B_1+%281858365270760530%29,0,33.97,0,3
2026-05-07,TikTok+SAN,6746466099,Luma_ios_wcx_aeo_0120_smart_02+%281854728351163506%29,0,39.93000000000001,0,7
2026-05-07,TikTok+SAN,6746466099,Luma_ios_wcx_aeo_1119_smart++%281849118725316657%29,3,839.5600000000011,0,144
2026-05-07,TikTok+SAN,6746466099,Luma_ios_wcx_aeo_1225_smart++%281852385308106114%29,4,297.37000000000023,0,63
2026-05-07,TikTok+SAN,6746466099,Luma_ios_zmf_0408_smart_purchase_01+%281861791826664593%29,1,45.95,0,5
2026-05-07,TikTok+SAN,6746466099,Luma_ios_zmf_0414_smart_purchase_02+%281862347977637202%29,0,19.98,0,2
2026-05-08,Facebook+Installs,6746466099,0407_Luma_iOS_AEO_MCY+%286894235051515%29,1,0,0,0
2026-05-08,Facebook+Installs,6746466099,0417-2-Luma-ios-VO-cbo-zm1+%286939989053243%29,2,179.85999999999999,0,14
2026-05-08,Facebook+Installs,6746466099,0423-1-Luma-ios-VO-cbo-zm1+%286944142889643%29,1,89.96,0,4
2026-05-08,Facebook+Installs,6746466099,0502-Luma-ios-AEO-abo-zm1+%286951604475643%29,2,0,0,0
2026-05-08,Facebook+Installs,6746466099,Luma+iOS_syh_260422_AEO+%28120241407442320137%29,1,55.86000000000002,0,14
2026-05-08,Facebook+Installs,6746466099,Luma+ios_wvv_20260421_AEO_1+%286903634491915%29,1,23.940000000000005,0,6
2026-05-08,Facebook+Installs,6746466099,Luma+ios_zjc_20260502_AEO_1+%28120244337810030256%29,1,0,0,0
2026-05-08,Facebook+Installs,6746466099,Luma_ios_zmf_abo_1220_2+%286945556930012%29,1,0,0,0
2026-05-08,Facebook+Installs,6746782904,0416-22-Romi-ios-VO-cbo-zm1+%286928215078844%29,1,0,0,0
2026-05-08,Facebook+Installs,6746782904,0422-1226-2-Romi-ios-AEO-zm1+%286928200804844%29,1,0,0,0
2026-05-08,Facebook+Installs,6746782904,3.14+AEOc+cbo+cyl+%28120241002174210475%29,2,19.99,0,1
2026-05-08,Facebook+Installs,6746782904,Romi+ios_wvv_20260508_vo_1+%28120244260782330517%29,1,0,0,0
2026-05-08,Facebook+Installs,6746782904,Romi+ios_wvv_260501_aeo_1+%28120243842848770517%29,0,73.95,0,5
2026-05-08,Facebook+Installs,6746782904,Romi_ios_zmf_vo_cbo_0319_2+%28120243482931960228%29,1,0,0,0
2026-05-08,Facebook+Installs,6746782904,Romi_ios_zmf_vo_cbo_0325_1+%28120243690432680228%29,0,7.98,0,2
2026-05-08,Instagram+Installs,6746466099,0219_Luma_iOS_AEO_MCY+%286866373524315%29,0,19.950000000000003,0,5
2026-05-08,Instagram+Installs,6746466099,0417-2-Luma-ios-VO-cbo-zm1+%286939989053243%29,1,11.97,0,3
2026-05-08,Instagram+Installs,6746466099,0502-Luma-ios-AEO-abo-zm1+%286951604475643%29,2,3.99,0,1
2026-05-08,Instagram+Installs,6746466099,1230_Luma_iOS_AEO_MCY+%286848133765315%29,1,0,0,0
2026-05-08,Instagram+Installs,6746466099,Luma+iOS_syh_260422_AEO+%28120241407442320137%29,1,0,0,0
2026-05-08,Instagram+Installs,6746466099,Luma+ios_cy1_0507_aeo+%28120244701863080256%29,1,0,0,0
2026-05-08,Instagram+Installs,6746466099,Luma+ios_zjc_20260502_AEO_1+%28120244337810030256%29,1,108.92999999999998,0,7
2026-05-08,Instagram+Installs,6746466099,Luma+ios_zjc_20260502_VO_ABO+%28120244401001560256%29,0,119.93999999999998,0,6
2026-05-08,Instagram+Installs,6746466099,Luma_ios_zmf_abo_1220_2+%286945556930012%29,2,0,0,0
2026-05-08,Instagram+Installs,6746782904,0416-22-Romi-ios-VO-cbo-zm1+%286928215078844%29,1,7.98,0,2
2026-05-08,Instagram+Installs,6746782904,0425-Romi-ios-VO-cbo-zm1+%286929615678044%29,0,39.99,0,1
2026-05-08,Instagram+Installs,6746782904,3.14+AEOc+cbo+cyl+%28120241002174210475%29,0,377.84000000000003,0,16
2026-05-08,Instagram+Installs,6746782904,Romi_ios_zmf_vo_abo_0411_1+%28120249834385690151%29,1,0,0,0
2026-05-08,TikTok+SAN,6746466099,,7,78.86999999999999,0,13
2026-05-08,TikTok+SAN,6746466099,Luma_ios_wcx_aeo_0120_smart_02+%281854728351163506%29,3,3.99,0,1
2026-05-08,TikTok+SAN,6746466099,Luma_ios_wcx_aeo_1119_smart++%281849118725316657%29,7,11.97,0,3
2026-05-08,TikTok+SAN,6746466099,Luma_ios_wcx_aeo_1225_smart++%281852385308106114%29,6,120.76999999999995,0,23
2026-05-08,TikTok+SAN,6746466099,Luma_ios_zmf_0414_smart_purchase_02+%281862347977637202%29,2,27.96,0,4
2026-05-08,TikTok+SAN,6746466099,Luma_ios_zmf_0508_smart_purchase_01+%281864520472519985%29,1,0,0,0
2026-05-09,Facebook+Installs,6746466099,Luma+ios_wvv_20260429_AEO_1+%286908533021715%29,0,543.84,13.98,16
2026-05-09,Instagram+Installs,6746466099,Luma+ios_wvv_20260421_AEO_1+%286903634491915%29,2,9.99,0,1
2026-05-09,Instagram+Installs,6746466099,Luma+ios_zjc_20260505_VO_CBO+%28120244584723270256%29,0,9.99,9.99,1
2026-05-09,TikTok+SAN,6746466099,0509-lhtt-Luma+25-%2F%2Fs%2B%2B+cj+%281864613296193889%29,0,402.3800000000004,40.940000000000005,62
2026-05-09,TikTok+SAN,6746466099,0509-lhtt-Luma+25-%2F%2Fs%2B%2B+vo+%281864606132513969%29,0,508.7700000000001,52.95,23
2026-05-09,TikTok+SAN,6746466099,Luma_ios_wcx_aeo_0120_smart_02+%281854728351163506%29,1,0,0,0
2026-05-09,TikTok+SAN,6746466099,Luma_ios_wcx_aeo_1225_smart++%281852385308106114%29,1,11.97,3.99,3
2026-05-10,Facebook+Installs,6746466099,0219_Luma_iOS_AEO_MCY+%286866373524315%29,0,49.890000000000015,25.950000000000003,11
2026-05-10,Facebook+Installs,6746466099,0407_Luma_iOS_AEO_MCY+%286894235051515%29,0,203.83999999999997,73.91,16
2026-05-10,Facebook+Installs,6746466099,0408_Luma_iOS_AEO_MCY+%286894809601315%29,0,49.940000000000005,49.940000000000005,6
2026-05-10,Facebook+Installs,6746466099,0423-1-Luma-ios-VO-cbo-zm1+%286944142889643%29,3,172.76000000000002,26.96,24
2026-05-10,Facebook+Installs,6746466099,0502-Luma-ios-AEO-abo-zm1+%286951604475643%29,0,33.93000000000001,29.940000000000005,7
2026-05-10,Facebook+Installs,6746466099,1230_Luma_iOS_AEO_MCY+%286848133765315%29,0,75.93999999999998,33.98,6
2026-05-10,Facebook+Installs,6746466099,Luma+iOS_syh_260422_AEO+%28120241407442320137%29,1,539.0500000000006,236.69000000000014,95
2026-05-10,Facebook+Installs,6746466099,Luma+ios_dsk_0507_aeo+%28120244701863080256%29,0,25.950000000000003,25.950000000000003,5
2026-05-10,Facebook+Installs,6746466099,Luma+ios_wvv_20260421_AEO_1+%286903634491915%29,0,89.94,39.98,6
2026-05-10,Facebook+Installs,6746466099,Luma+ios_wvv_20260429_AEO_1+%286908533021715%29,0,99.94999999999999,0,5
2026-05-10,Facebook+Installs,6746466099,Luma+ios_zjc_20260502_AEO_1+%28120244337810030256%29,0,15.96,0,4
2026-05-10,Facebook+Installs,6746466099,Luma+ios_zjc_20260502_VO_ABO+%28120244401001560256%29,0,31.92000000000001,19.950000000000003,8
2026-05-10,Facebook+Installs,6746466099,Luma_ios_zmf_abo_0331_1+%286993503324612%29,0,82.92999999999999,82.92999999999999,7
2026-05-10,Facebook+Installs,6746466099,Luma_ios_zmf_abo_1220_2+%286945556930012%29,1,127.75999999999993,123.76999999999994,24
2026-05-10,Facebook+Installs,6746782904,0422-1226-2-Romi-ios-AEO-zm1+%286928200804844%29,0,106.78999999999996,66.89000000000001,21
2026-05-10,Facebook+Installs,6746782904,0425-Romi-ios-VO-cbo-zm1+%286929615678044%29,0,1205.1000000000006,125.89999999999998,90
2026-05-10,Facebook+Installs,6746782904,3.14+AEOc+cbo+cyl+%28120241002174210475%29,1,180.73000000000005,126.80999999999997,27
2026-05-10,Facebook+Installs,6746782904,3.6+VOc+cyl+%28120240683942700475%29,0,458.6200000000003,255.79000000000013,38
2026-05-10,Facebook+Installs,6746782904,4.18+VOc+cyl+%28120242759838130475%29,0,432.4100000000003,253.72000000000006,59
2026-05-10,Facebook+Installs,6746782904,Romi+iOS_syh_260416_AEO+%28120242387409150055%29,0,13.98,0,2
2026-05-10,Facebook+Installs,6746782904,Romi+iOS_syh_260416_VO+%28120242388498510055%29,0,71.95,11.97,5
2026-05-10,Facebook+Installs,6746782904,Romi+ios_wvv_260501_aeo_1+%28120243842848770517%29,1,475.64000000000016,129.83999999999997,36
2026-05-10,Facebook+Installs,6746782904,Romi_ios_zmf_purchase_abo_0320_1+%28120248735216530151%29,0,41.940000000000005,41.940000000000005,6
2026-05-10,Facebook+Installs,6746782904,Romi_ios_zmf_vo_cbo_0319_2+%28120243482931960228%29,0,19.99,0,1
2026-05-10,Facebook+Installs,6746782904,Romi_ios_zmf_vo_cbo_0325_1+%28120243690432680228%29,0,219.75000000000006,141.82,25
2026-05-10,Instagram+Installs,6746466099,0219_Luma_iOS_AEO_MCY+%286866373524315%29,0,11.97,0,3
2026-05-10,Instagram+Installs,6746466099,0408_Luma_iOS_AEO_MCY+%286894809601315%29,0,243.65000000000006,13.98,35
2026-05-10,Instagram+Installs,6746466099,0423-1-Luma-ios-VO-cbo-zm1+%286944142889643%29,1,317.56000000000023,81.85000000000002,44
2026-05-10,Instagram+Installs,6746466099,0502-Luma-ios-AEO-abo-zm1+%286951604475643%29,0,3.99,3.99,1
2026-05-10,Instagram+Installs,6746466099,Luma+iOS_syh_260422_AEO+%28120241407442320137%29,0,776.3500000000004,281.6900000000001,65
2026-05-10,Instagram+Installs,6746466099,Luma+ios_cy1_0419_aeo+%28120243309592160256%29,0,421.3300000000004,0,67
2026-05-10,Instagram+Installs,6746466099,Luma+ios_cy1_0507_aeo+%28120244701863080256%29,0,11.97,0,3
2026-05-10,Instagram+Installs,6746466099,Luma+ios_dsk_0419_aeo+%28120243309592160256%29,0,255.7700000000001,187.85000000000002,23
2026-05-10,Instagram+Installs,6746466099,Luma+ios_dsk_0507_aeo+%28120244701863080256%29,0,33.98,3.99,2
2026-05-10,Instagram+Installs,6746466099,Luma+ios_wvv_20260421_AEO_1+%286903634491915%29,0,441.86000000000007,133.97,14
2026-05-10,Instagram+Installs,6746466099,Luma+ios_wvv_20260429_AEO_1+%286908533021715%29,0,3.99,3.99,1
2026-05-10,Instagram+Installs,6746466099,Luma+ios_zjc_20260502_AEO_1+%28120244337810030256%29,1,45.940000000000005,45.940000000000005,6
2026-05-10,Instagram+Installs,6746466099,Luma_ios_zmf_abo_0331_1+%286993503324612%29,1,160.76999999999998,0,23
2026-05-10,Instagram+Installs,6746466099,Luma_ios_zmf_abo_1220_2+%286945556930012%29,0,57.92000000000001,57.92000000000001,8
2026-05-10,Instagram+Installs,6746782904,0422-1226-2-Romi-ios-AEO-zm1+%286928200804844%29,0,11.97,7.98,3
2026-05-10,Instagram+Installs,6746782904,0425-Romi-ios-VO-cbo-zm1+%286929615678044%29,0,73.89000000000001,25.950000000000003,11
2026-05-10,Instagram+Installs,6746782904,3.14+AEOc+cbo+cyl+%28120241002174210475%29,1,395.3400000000004,313.5300000000002,66
2026-05-10,Instagram+Installs,6746782904,4.18+VOc+cyl+%28120242759838130475%29,0,162.79,29.940000000000005,21
2026-05-10,Instagram+Installs,6746782904,Romi+iOS_syh_260416_AEO+%28120242387409150055%29,0,218.57000000000005,110.74999999999996,43
2026-05-10,Instagram+Installs,6746782904,Romi+iOS_syh_260416_VO+%28120242388498510055%29,0,18.98,18.98,2
2026-05-10,Instagram+Installs,6746782904,Romi_ios_zmf_vo_cbo_0319_2+%28120243482931960228%29,0,125.82999999999998,61.890000000000015,17
2026-05-10,Instagram+Installs,6746782904,Romi_ios_zmf_vo_cbo_0325_1+%28120243690432680228%29,0,131.81999999999996,51.93000000000001,18
2026-05-10,Luma+ios+FB+W2A,6746466099,%7B%7Bcampaign.name%7D%7D,0,83.89999999999999,61.940000000000005,10
2026-05-10,Luma+ios+FB+W2A,6746466099,0422-liuh-Luma+ios-%2F%2Faeo,2,224.68000000000018,130.89999999999998,32
2026-05-10,Luma+ios+FB+W2A,6746466099,0508-liuh-Luma+ios-%2F%2Faeo,0,99.85,29.940000000000005,15
2026-05-10,Luma+ios+FB+W2A,6746466099,Luma_ios_W2A_zmf_aeo_abo_0424_1,0,133.72999999999996,125.74999999999994,27
2026-05-10,Off-Facebook+Installs,6746782904,Romi+iOS_syh_260416_AEO+%28120242387409150055%29,0,13.98,13.98,2
2026-05-10,TikTok+SAN,6746466099,,0,415.75000000000006,145.85999999999999,25
2026-05-10,TikTok+SAN,6746466099,0509-lhtt-Luma+25-%2F%2Fs%2B%2B+cj+%281864613296193889%29,0,168.73000000000005,136.80999999999997,27
2026-05-10,TikTok+SAN,6746466099,0509-lhtt-Luma+25-%2F%2Fs%2B%2B+vo+%281864606132513969%29,0,1131.0500000000006,357.73000000000013,95
2026-05-10,TikTok+SAN,6746466099,0509-lhtt-Luma+26-%2F%2Fs%2B%2B+cj+%281864605963826721%29,0,23.940000000000005,0,6
2026-05-10,TikTok+SAN,6746466099,Luma_ios_AEO_MCY_0127_s%2B_2+%281855466155544610%29,0,25.950000000000003,25.950000000000003,5
2026-05-10,TikTok+SAN,6746466099,Luma_ios_AEO_MCY_0228_s%2B_1+%281858365270760530%29,0,481.03000000000065,153.76,97
2026-05-10,TikTok+SAN,6746466099,Luma_ios_wcx_aeo_0120_smart_02+%281854728351163506%29,1,1051.590000000001,442.26000000000045,141
2026-05-10,TikTok+SAN,6746466099,Luma_ios_wcx_aeo_1119_smart++%281849118725316657%29,6,1914.670000000002,918.9700000000007,233
2026-05-10,TikTok+SAN,6746466099,Luma_ios_wcx_aeo_1225_smart++%281852385308106114%29,0,420.3000000000004,231.60000000000014,70
2026-05-10,TikTok+SAN,6746466099,Luma_ios_zmf_0408_smart_purchase_01+%281861791826664593%29,0,98.91000000000001,94.92000000000002,9
2026-05-10,TikTok+SAN,6746466099,Luma_ios_zmf_0414_smart_purchase_02+%281862347977637202%29,0,7.98,7.98,2
2026-05-10,TikTok+SAN,6746466099,Luma_ios_zmf_0501_smart_purchase_02+%281863889893745842%29,1,14.99,0,1
2026-05-10,TikTok+SAN,6746466099,Luma_ios_zmf_0508_smart_purchase_01+%281864520472519985%29,0,3.99,3.99,1
2026-05-11,Facebook+Installs,6746466099,0219_Luma_iOS_AEO_MCY+%286866373524315%29,1,11.97,11.97,3
2026-05-11,Facebook+Installs,6746466099,0407_Luma_iOS_AEO_MCY+%286894235051515%29,0,34.940000000000005,30.950000000000003,6
2026-05-11,Facebook+Installs,6746466099,0408_Luma_iOS_AEO_MCY+%286894809601315%29,0,41.91000000000001,37.92000000000001,9
2026-05-11,Facebook+Installs,6746466099,0417-2-Luma-ios-VO-cbo-zm1+%286939989053243%29,0,7.98,3.99,2
2026-05-11,Facebook+Installs,6746466099,0423-1-Luma-ios-VO-cbo-zm1+%286944142889643%29,0,500.4900000000003,76.94,51
2026-05-11,Facebook+Installs,6746466099,1230_Luma_iOS_AEO_MCY+%286848133765315%29,0,83.89999999999999,23.97,10
2026-05-11,Facebook+Installs,6746466099,Luma+iOS_syh_260422_AEO+%28120241407442320137%29,3,511.4900000000003,403.54000000000025,51
2026-05-11,Facebook+Installs,6746466099,Luma+ios_wvv_20260421_AEO_1+%286903634491915%29,0,18.98,3.99,2
2026-05-11,Facebook+Installs,6746466099,Luma+ios_wvv_20260429_AEO_1+%286908533021715%29,3,180.67000000000004,124.80999999999993,33
2026-05-11,Facebook+Installs,6746466099,Luma+ios_zjc_20260502_AEO_1+%28120244337810030256%29,1,170.77,26.96,23
2026-05-11,Facebook+Installs,6746466099,Luma_ios_zmf_abo_0331_1+%286993503324612%29,0,15.96,7.98,4
2026-05-11,Facebook+Installs,6746466099,Luma_ios_zmf_abo_1220_2+%286945556930012%29,2,601.0200000000006,117.74999999999994,98
2026-05-11,Facebook+Installs,6746782904,0416-22-Romi-ios-VO-cbo-zm1+%286928215078844%29,0,224.69000000000008,162.75000000000003,31
2026-05-11,Facebook+Installs,6746782904,0422-1226-2-Romi-ios-AEO-zm1+%286928200804844%29,0,280.6700000000001,59.940000000000005,33
2026-05-11,Facebook+Installs,6746782904,0425-Romi-ios-VO-cbo-zm1+%286929615678044%29,2,157.76,125.83999999999993,24
2026-05-11,Facebook+Installs,6746782904,3.14+AEOc+cbo+cyl+%28120241002174210475%29,0,506.5800000000002,285.7100000000001,42
2026-05-11,Facebook+Installs,6746782904,3.6+VOc+cyl+%28120240683942700475%29,1,619.2600000000004,163.80999999999997,74
2026-05-11,Facebook+Installs,6746782904,4.18+VOc+cyl+%28120242759838130475%29,0,441.70000000000016,185.87,30
2026-05-11,Facebook+Installs,6746782904,Romi+iOS_syh_260416_AEO+%28120242387409150055%29,0,65.92,65.92,8
2026-05-11,Facebook+Installs,6746782904,Romi+iOS_syh_260416_VO+%28120242388498510055%29,0,745.1900000000005,83.89,81
2026-05-11,Facebook+Installs,6746782904,Romi+ios_wvv_260501_aeo_1+%28120243842848770517%29,0,170.82999999999998,140.83999999999997,17
2026-05-11,Facebook+Installs,6746782904,Romi_ios_zmf_purchase_abo_0320_1+%28120248735216530151%29,0,53.96,53.96,4
2026-05-11,Facebook+Installs,6746782904,Romi_ios_zmf_vo_abo_0411_1+%28120249834385690151%29,0,311.7700000000001,63.97,23
2026-05-11,Facebook+Installs,6746782904,Romi_ios_zmf_vo_cbo_0319_2+%28120243482931960228%29,0,15.96,15.96,4
2026-05-11,Facebook+Installs,6746782904,Romi_ios_zmf_vo_cbo_0325_1+%28120243690432680228%29,1,361.79,177.83,21
2026-05-11,Instagram+Installs,6746466099,0219_Luma_iOS_AEO_MCY+%286866373524315%29,0,74.84,62.87000000000002,16
2026-05-11,Instagram+Installs,6746466099,0407_Luma_iOS_AEO_MCY+%286894235051515%29,0,7.98,7.98,2
2026-05-11,Instagram+Installs,6746466099,0408_Luma_iOS_AEO_MCY+%286894809601315%29,1,15.96,15.96,4
2026-05-11,Instagram+Installs,6746466099,0423-1-Luma-ios-VO-cbo-zm1+%286944142889643%29,0,23.940000000000005,23.940000000000005,6
2026-05-11,Instagram+Installs,6746466099,1230_Luma_iOS_AEO_MCY+%286848133765315%29,1,29.99,29.99,1
2026-05-11,Instagram+Installs,6746466099,Luma+iOS_syh_260422_AEO+%28120241407442320137%29,2,568.5800000000002,349.74000000000007,42
2026-05-11,Instagram+Installs,6746466099,Luma+ios_dsk_0419_aeo+%28120243309592160256%29,0,19.99,19.99,1
2026-05-11,Instagram+Installs,6746466099,Luma+ios_wvv_20260421_AEO_1+%286903634491915%29,0,77.93999999999998,77.93999999999998,6
2026-05-11,Instagram+Installs,6746466099,Luma+ios_wvv_20260429_AEO_1+%286908533021715%29,2,3.99,0,1
2026-05-11,Instagram+Installs,6746466099,Luma+ios_zjc_20260502_AEO_1+%28120244337810030256%29,0,3.99,3.99,1
2026-05-11,Instagram+Installs,6746466099,Luma+ios_zjc_20260502_VO_ABO+%28120244401001560256%29,1,264.5500000000002,206.6500000000001,45
2026-05-11,Instagram+Installs,6746466099,Luma_ios_zmf_abo_0331_1+%286993503324612%29,0,11.97,7.98,3
2026-05-11,Instagram+Installs,6746466099,Luma_ios_zmf_abo_1220_2+%286945556930012%29,1,134.80999999999997,31.92000000000001,19
2026-05-11,Instagram+Installs,6746782904,0416-22-Romi-ios-VO-cbo-zm1+%286928215078844%29,0,93.84999999999998,85.86999999999999,15
2026-05-11,Instagram+Installs,6746782904,0422-1226-2-Romi-ios-AEO-zm1+%286928200804844%29,0,143.70999999999995,51.940000000000005,29
2026-05-11,Instagram+Installs,6746782904,0425-Romi-ios-VO-cbo-zm1+%286929615678044%29,0,183.70999999999995,43.92000000000001,29
2026-05-11,Instagram+Installs,6746782904,3.14+AEOc+cbo+cyl+%28120241002174210475%29,0,592.3100000000003,206.65000000000006,69
2026-05-11,Instagram+Installs,6746782904,4.18+VOc+cyl+%28120242759838130475%29,0,33.93000000000001,13.98,7
2026-05-11,Instagram+Installs,6746782904,Romi+iOS_syh_260416_AEO+%28120242387409150055%29,1,33.93000000000001,25.950000000000003,7
2026-05-11,Instagram+Installs,6746782904,Romi+iOS_syh_260416_VO+%28120242388498510055%29,0,126.93,56.940000000000005,7
2026-05-11,Instagram+Installs,6746782904,Romi_ios_zmf_purchase_abo_0320_1+%28120248735216530151%29,0,21.96,17.97,4
2026-05-11,Instagram+Installs,6746782904,Romi_ios_zmf_vo_cbo_0319_2+%28120243482931960228%29,0,77.96999999999998,73.97999999999999,3
2026-05-11,Instagram+Installs,6746782904,Romi_ios_zmf_vo_cbo_0325_1+%28120243690432680228%29,0,243.57000000000016,147.76999999999998,43
2026-05-11,Luma+ios+FB+W2A,6746466099,0422-liuh-Luma+ios-%2F%2Faeo,1,456.19000000000045,166.71,81
2026-05-11,Luma+ios+FB+W2A,6746466099,0508-liuh-Luma+ios-%2F%2Faeo,0,15.96,15.96,4
2026-05-11,Luma+ios+FB+W2A,6746466099,Luma_ios_W2A_zmf_aeo_abo_0424_1,0,38.96,28.97,4
2026-05-11,Off-Facebook+Installs,6746466099,0219_Luma_iOS_AEO_MCY+%286866373524315%29,0,3.99,3.99,1
2026-05-11,TikTok+SAN,6746466099,,1,110.80999999999997,96.82999999999998,19
2026-05-11,TikTok+SAN,6746466099,0509-lhtt-Luma+25-%2F%2Fs%2B%2B+cj+%281864613296193889%29,1,241.61000000000004,147.68999999999997,39
2026-05-11,TikTok+SAN,6746466099,0509-lhtt-Luma+25-%2F%2Fs%2B%2B+vo+%281864606132513969%29,0,1281.550000000001,442.62000000000023,145
2026-05-11,TikTok+SAN,6746466099,Luma_ios_AEO_MCY_0127_s%2B_2+%281855466155544610%29,0,15.96,15.96,4
2026-05-11,TikTok+SAN,6746466099,Luma_ios_AEO_MCY_0228_s%2B_1+%281858365270760530%29,0,14.99,14.99,1
2026-05-11,TikTok+SAN,6746466099,Luma_ios_wcx_aeo_0120_smart_02+%281854728351163506%29,2,579.1000000000006,403.36000000000035,90
2026-05-11,TikTok+SAN,6746466099,Luma_ios_wcx_aeo_1119_smart++%281849118725316657%29,3,1641.1900000000014,855.8600000000008,181
2026-05-11,TikTok+SAN,6746466099,Luma_ios_wcx_aeo_1225_smart++%281852385308106114%29,2,446.2700000000005,251.62000000000018,73
2026-05-11,TikTok+SAN,6746466099,Luma_ios_zmf_0408_smart_purchase_01+%281861791826664593%29,0,56.95,56.95,5
2026-05-11,TikTok+SAN,6746466099,Luma_ios_zmf_0414_smart_purchase_02+%281862347977637202%29,0,3.99,3.99,1
2026-05-11,TikTok+SAN,6746466099,Luma_ios_zmf_0501_smart_purchase_02+%281863889893745842%29,0,9.99,9.99,1
2026-05-12,Facebook+Installs,6746466099,0219_Luma_iOS_AEO_MCY+%286866373524315%29,7,3.99,3.99,1
2026-05-12,Facebook+Installs,6746466099,0407_Luma_iOS_AEO_MCY+%286894235051515%29,2,0,0,0
2026-05-12,Facebook+Installs,6746466099,0408_Luma_iOS_AEO_MCY+%286894809601315%29,10,94.86999999999998,76.89999999999999,13
2026-05-12,Facebook+Installs,6746466099,0417-2-Luma-ios-VO-cbo-zm1+%286939989053243%29,2,477.86000000000007,173.95,14
2026-05-12,Facebook+Installs,6746466099,0423-1-Luma-ios-VO-cbo-zm1+%286944142889643%29,6,64.97,49.98,3
2026-05-12,Facebook+Installs,6746466099,1230_Luma_iOS_AEO_MCY+%286848133765315%29,7,97.94999999999999,0,5
2026-05-12,Facebook+Installs,6746466099,Luma+iOS_syh_260422_AEO+%28120241407442320137%29,26,360.59000000000015,284.6700000000001,41
2026-05-12,Facebook+Installs,6746466099,Luma+ios_dsk_0419_aeo+%28120243309592160256%29,2,71.95,41.96,5
2026-05-12,Facebook+Installs,6746466099,Luma+ios_wvv_20260421_AEO_1+%286903634491915%29,2,3.99,3.99,1
2026-05-12,Facebook+Installs,6746466099,Luma+ios_wvv_20260429_AEO_1+%286908533021715%29,9,152.88,77.91,12
2026-05-12,Facebook+Installs,6746466099,Luma+ios_zjc_20260502_AEO_1+%28120244337810030256%29,4,0,0,0
2026-05-12,Facebook+Installs,6746466099,Luma+ios_zjc_20260502_VO_ABO+%28120244401001560256%29,0,13.98,13.98,2
2026-05-12,Facebook+Installs,6746466099,Luma+ios_zjc_20260511_VO_CBO+%28120244970325050256%29,0,29.99,29.99,1
2026-05-12,Facebook+Installs,6746466099,Luma_ios_zmf_abo_0331_1+%286993503324612%29,8,18.98,18.98,2
2026-05-12,Facebook+Installs,6746466099,Luma_ios_zmf_abo_1220_2+%286945556930012%29,4,47.959999999999994,17.97,4
2026-05-12,Facebook+Installs,6746782904,0204-0422-Romi-ios-VO-cbo-zm1+%286928215077244%29,0,33.97,33.97,3
2026-05-12,Facebook+Installs,6746782904,0416-22-Romi-ios-VO-cbo-zm1+%286928215078844%29,3,13.98,13.98,2
2026-05-12,Facebook+Installs,6746782904,0422-1226-2-Romi-ios-AEO-zm1+%286928200804844%29,29,57.91000000000001,39.940000000000005,9
2026-05-12,Facebook+Installs,6746782904,0425-Romi-ios-VO-cbo-zm1+%286929615678044%29,6,3.99,3.99,1
2026-05-12,Facebook+Installs,6746782904,3.14+AEOc+cbo+cyl+%28120241002174210475%29,8,62.94999999999999,62.94999999999999,5
2026-05-12,Facebook+Installs,6746782904,3.6+VOc+cyl+%28120240683942700475%29,2,274.52000000000015,53.88000000000002,48
2026-05-12,Facebook+Installs,6746782904,4.18+VOc+cyl+%28120242759838130475%29,15,147.88000000000002,41.95,12
2026-05-12,Facebook+Installs,6746782904,Romi+iOS_syh_260416_AEO+%28120242387409150055%29,8,101.91,26.96,9
2026-05-12,Facebook+Installs,6746782904,Romi+iOS_syh_260416_VO+%28120242388498510055%29,0,139.93,119.94,7
2026-05-12,Facebook+Installs,6746782904,Romi+ios_wvv_260501_aeo_1+%28120243842848770517%29,16,220.78000000000003,126.84999999999998,22
2026-05-12,Facebook+Installs,6746782904,Romi_ios_zmf_purchase_abo_0320_1+%28120248735216530151%29,4,39.93000000000001,35.940000000000005,7
2026-05-12,Facebook+Installs,6746782904,Romi_ios_zmf_vo_cbo_0319_2+%28120243482931960228%29,3,162.87,78.93999999999998,13
2026-05-12,Facebook+Installs,6746782904,Romi_ios_zmf_vo_cbo_0325_1+%28120243690432680228%29,6,192.6800000000001,126.82999999999997,32
2026-05-12,Instagram+Installs,6746466099,0219_Luma_iOS_AEO_MCY+%286866373524315%29,7,423.9800000000006,396.0500000000005,102
2026-05-12,Instagram+Installs,6746466099,0407_Luma_iOS_AEO_MCY+%286894235051515%29,2,3.99,3.99,1
2026-05-12,Instagram+Installs,6746466099,0408_Luma_iOS_AEO_MCY+%286894809601315%29,12,39.90000000000001,35.91000000000001,10
2026-05-12,Instagram+Installs,6746466099,0417-2-Luma-ios-VO-cbo-zm1+%286939989053243%29,2,255.89,147.92,11
2026-05-12,Instagram+Installs,6746466099,0423-1-Luma-ios-VO-cbo-zm1+%286944142889643%29,1,0,0,0
2026-05-12,Instagram+Installs,6746466099,Luma+iOS_syh_260422_AEO+%28120241407442320137%29,17,932.9900000000007,279.74000000000007,101
2026-05-12,Instagram+Installs,6746466099,Luma+ios_dsk_0419_aeo+%28120243309592160256%29,2,43.890000000000015,43.890000000000015,11
2026-05-12,Instagram+Installs,6746466099,Luma+ios_dsk_20260511_aeo+%28120244970821430256%29,2,15.96,15.96,4
2026-05-12,Instagram+Installs,6746466099,Luma+ios_wvv_20260421_AEO_1+%286903634491915%29,2,508.1900000000005,15.96,81
2026-05-12,Instagram+Installs,6746466099,Luma+ios_wvv_20260429_AEO_1+%286908533021715%29,3,82.82,66.86000000000001,18
2026-05-12,Instagram+Installs,6746466099,Luma+ios_zjc_20260502_AEO_1+%28120244337810030256%29,7,3.99,3.99,1
2026-05-12,Instagram+Installs,6746466099,Luma+ios_zjc_20260502_VO_ABO+%28120244401001560256%29,4,30.950000000000003,7.98,5
2026-05-12,Instagram+Installs,6746466099,Luma+ios_zjc_20260511_VO_CBO+%28120244970325050256%29,4,0,0,0
2026-05-12,Instagram+Installs,6746466099,Luma_ios_zmf_abo_0331_1+%286993503324612%29,3,0,0,0
2026-05-12,Instagram+Installs,6746466099,Luma_ios_zmf_abo_1220_2+%286945556930012%29,8,70.85000000000001,15.96,15
2026-05-12,Instagram+Installs,6746782904,0204-0422-Romi-ios-VO-cbo-zm1+%286928215077244%29,2,3.99,0,1
2026-05-12,Instagram+Installs,6746782904,0416-22-Romi-ios-VO-cbo-zm1+%286928215078844%29,3,15.96,7.98,4
2026-05-12,Instagram+Installs,6746782904,0422-1226-2-Romi-ios-AEO-zm1+%286928200804844%29,7,351.7900000000001,27.97,21
2026-05-12,Instagram+Installs,6746782904,0425-Romi-ios-VO-cbo-zm1+%286929615678044%29,7,71.82000000000002,43.890000000000015,18
2026-05-12,Instagram+Installs,6746782904,3.14+AEOc+cbo+cyl+%28120241002174210475%29,19,0,0,0
2026-05-12,Instagram+Installs,6746782904,4.18+VOc+cyl+%28120242759838130475%29,5,3.99,3.99,1
2026-05-12,Instagram+Installs,6746782904,Romi+iOS_syh_260416_AEO+%28120242387409150055%29,4,27.96,3.99,4
2026-05-12,Instagram+Installs,6746782904,Romi+iOS_syh_260416_VO+%28120242388498510055%29,2,97.91999999999999,93.92999999999999,8
2026-05-12,Instagram+Installs,6746782904,Romi_ios_zmf_vo_cbo_0319_2+%28120243482931960228%29,1,21.96,21.96,4
2026-05-12,Instagram+Installs,6746782904,Romi_ios_zmf_vo_cbo_0325_1+%28120243690432680228%29,0,143.77000000000004,43.890000000000015,23
2026-05-12,Luma+ios+FB+W2A,6746466099,%7B%7Bcampaign.name%7D%7D,0,7.98,3.99,2
2026-05-12,Luma+ios+FB+W2A,6746466099,0422-liuh-Luma+ios-%2F%2Faeo,6,105.91999999999997,105.91999999999997,8
2026-05-12,Luma+ios+FB+W2A,6746466099,Luma_ios_W2A_zmf_aeo_abo_0424_1,2,284.93,0,7
2026-05-12,Off-Facebook+Installs,6746782904,3.14+AEOc+cbo+cyl+%28120241002174210475%29,2,0,0,0
2026-05-12,TikTok+SAN,6746466099,,22,155.75,112.82999999999997,25
2026-05-12,TikTok+SAN,6746466099,0509-lhtt-Luma+25-%2F%2Fs%2B%2B+cj+%281864613296193889%29,13,1159.1000000000006,136.80999999999997,90
2026-05-12,TikTok+SAN,6746466099,0509-lhtt-Luma+25-%2F%2Fs%2B%2B+vo+%281864606132513969%29,10,762.2200000000005,240.6900000000001,78
2026-05-12,TikTok+SAN,6746466099,Luma_ios_AEO_MCY_0127_s%2B_2+%281855466155544610%29,1,31.92000000000001,31.92000000000001,8
2026-05-12,TikTok+SAN,6746466099,Luma_ios_AEO_MCY_0228_s%2B_1+%281858365270760530%29,2,9.99,9.99,1
2026-05-12,TikTok+SAN,6746466099,Luma_ios_wcx_aeo_0120_smart_02+%281854728351163506%29,43,1152.7000000000019,305.46000000000026,230
2026-05-12,TikTok+SAN,6746466099,Luma_ios_wcx_aeo_1119_smart++%281849118725316657%29,17,1508.0400000000016,284.67000000000013,196
2026-05-12,TikTok+SAN,6746466099,Luma_ios_wcx_aeo_1225_smart++%281852385308106114%29,59,1312.1400000000012,548.2500000000003,186
2026-05-12,TikTok+SAN,6746466099,Luma_ios_zmf_0408_smart_purchase_01+%281861791826664593%29,1,69.89,37.97,11
2026-05-12,TikTok+SAN,6746466099,Luma_ios_zmf_0512_smart_purchase_01+%281864874023282097%29,3,162.81,28.97,19
2026-05-12,TikTok+SAN,6746466099,Luma_ios_zmf_0512_smart_purchase_02+%281864874078014514%29,2,21.96,21.96,4
2026-05-13,Facebook+Installs,6746466099,0219_Luma_iOS_AEO_MCY+%286866373524315%29,14,83.91,75.93,9
2026-05-13,Facebook+Installs,6746466099,0407_Luma_iOS_AEO_MCY+%286894235051515%29,9,122.89999999999999,122.89999999999999,10
2026-05-13,Facebook+Installs,6746466099,0408_Luma_iOS_AEO_MCY+%286894809601315%29,22,7.98,7.98,2
2026-05-13,Facebook+Installs,6746466099,0417-2-Luma-ios-VO-cbo-zm1+%286939989053243%29,18,115.89999999999998,107.91999999999999,10
2026-05-13,Facebook+Installs,6746466099,0423-1-Luma-ios-VO-cbo-zm1+%286944142889643%29,30,105.86999999999996,73.95,13
2026-05-13,Facebook+Installs,6746466099,0502-Luma-ios-AEO-abo-zm1+%286951604475643%29,1,0,0,0
2026-05-13,Facebook+Installs,6746466099,1230_Luma_iOS_AEO_MCY+%286848133765315%29,7,2079.71,275.90000000000003,29
2026-05-13,Facebook+Installs,6746466099,Luma+iOS_syh_260422_AEO+%28120241407442320137%29,92,508.33000000000044,234.6900000000001,67
2026-05-13,Facebook+Installs,6746466099,Luma+ios_cy1_20260512_VO-cbo+%28120245028274030256%29,0,67.92,0,8
2026-05-13,Facebook+Installs,6746466099,Luma+ios_dsk_0419_aeo+%28120243309592160256%29,5,0,0,0
2026-05-13,Facebook+Installs,6746466099,Luma+ios_dsk_20260512_VO-cbo+%28120245028274030256%29,5,11.97,3.99,3
2026-05-13,Facebook+Installs,6746466099,Luma+ios_wvv_20260421_AEO_1+%286903634491915%29,5,0,0,0
2026-05-13,Facebook+Installs,6746466099,Luma+ios_wvv_20260429_AEO_1+%286908533021715%29,25,510.0800000000005,72.86,92
2026-05-13,Facebook+Installs,6746466099,Luma+ios_zjc_20260502_AEO_1+%28120244337810030256%29,28,122.80999999999996,50.93000000000001,19
2026-05-13,Facebook+Installs,6746466099,Luma+ios_zjc_20260502_VO_ABO+%28120244401001560256%29,6,280.87,50.90000000000001,13
2026-05-13,Facebook+Installs,6746466099,Luma+ios_zjc_20260511_AEO_CBO+%28120244968825770256%29,1,0,0,0
2026-05-13,Facebook+Installs,6746466099,Luma+ios_zjc_20260511_VO_CBO+%28120244970325050256%29,9,23.979999999999997,23.979999999999997,2
2026-05-13,Facebook+Installs,6746466099,Luma_ios_zmf_abo_0331_1+%286993503324612%29,7,3.99,3.99,1
2026-05-13,Facebook+Installs,6746466099,Luma_ios_zmf_abo_1220_2+%286945556930012%29,10,85.90999999999998,73.94,9
2026-05-13,Facebook+Installs,6746782904,0416-22-Romi-ios-VO-cbo-zm1+%286928215078844%29,8,0,0,0
2026-05-13,Facebook+Installs,6746782904,0422-1226-2-Romi-ios-AEO-zm1+%286928200804844%29,27,81.88000000000001,48.92000000000001,12
2026-05-13,Facebook+Installs,6746782904,0425-Romi-ios-VO-cbo-zm1+%286929615678044%29,12,27.96,27.96,4
2026-05-13,Facebook+Installs,6746782904,0513-Romi-ios-AEO-abo-zm1+%286941788247044%29,26,3.99,3.99,1
2026-05-13,Facebook+Installs,6746782904,3.14+AEOc+cbo+cyl+%28120241002174210475%29,66,360.5900000000002,78.91,41
2026-05-13,Facebook+Installs,6746782904,3.6+VOc+cyl+%28120240683942700475%29,1,0,0,0
2026-05-13,Facebook+Installs,6746782904,4.18+VOc+cyl+%28120242759838130475%29,33,26.96,14.99,4
2026-05-13,Facebook+Installs,6746782904,5.13+VOc+cyl+%28120244392044050475%29,23,2962.429999999993,298.5900000000002,257
2026-05-13,Facebook+Installs,6746782904,Romi+iOS_syh_260416_AEO+%28120242387409150055%29,19,66.9,62.910000000000004,10
2026-05-13,Facebook+Installs,6746782904,Romi+iOS_syh_260416_VO+%28120242388498510055%29,21,95.93999999999997,95.93999999999997,6
2026-05-13,Facebook+Installs,6746782904,Romi+ios_wvv_260501_aeo_1+%28120243842848770517%29,37,626.1900000000005,214.6400000000001,81
2026-05-13,Facebook+Installs,6746782904,Romi+ios_wvv_260501_vo_1+%28120243842848770517%29,0,47.959999999999994,0,4
2026-05-13,Facebook+Installs,6746782904,Romi_ios_zmf_purchase_abo_0320_1+%28120248735216530151%29,6,0,0,0
2026-05-13,Facebook+Installs,6746782904,Romi_ios_zmf_vo_abo_0411_1+%28120249834385690151%29,3,0,0,0
2026-05-13,Facebook+Installs,6746782904,Romi_ios_zmf_vo_cbo_0319_2+%28120243482931960228%29,14,497.61000000000024,37.959999999999994,39
2026-05-13,Facebook+Installs,6746782904,Romi_ios_zmf_vo_cbo_0325_1+%28120243690432680228%29,7,103.91999999999997,63.959999999999994,8
2026-05-13,Instagram+Installs,6746466099,0219_Luma_iOS_AEO_MCY+%286866373524315%29,12,123.81999999999994,75.94,18
2026-05-13,Instagram+Installs,6746466099,0407_Luma_iOS_AEO_MCY+%286894235051515%29,4,0,0,0
2026-05-13,Instagram+Installs,6746466099,0408_Luma_iOS_AEO_MCY+%286894809601315%29,16,103.91,73.93,9
2026-05-13,Instagram+Installs,6746466099,0417-2-Luma-ios-VO-cbo-zm1+%286939989053243%29,2,0,0,0
2026-05-13,Instagram+Installs,6746466099,0423-1-Luma-ios-VO-cbo-zm1+%286944142889643%29,12,45.90000000000001,15.96,10
2026-05-13,Instagram+Installs,6746466099,1230_Luma_iOS_AEO_MCY+%286848133765315%29,5,7.98,7.98,2
2026-05-13,Instagram+Installs,6746466099,Luma+iOS_syh_260422_AEO+%28120241407442320137%29,65,201.73000000000005,157.77,27
2026-05-13,Instagram+Installs,6746466099,Luma+ios_cy1_0419_aeo+%28120243309592160256%29,0,9.99,0,1
2026-05-13,Instagram+Installs,6746466099,Luma+ios_dsk_0419_aeo+%28120243309592160256%29,4,0,0,0
2026-05-13,Instagram+Installs,6746466099,Luma+ios_dsk_20260512_VO-cbo+%28120245028274030256%29,6,52.95,52.95,5
2026-05-13,Instagram+Installs,6746466099,Luma+ios_wvv_20260421_AEO_1+%286903634491915%29,5,0,0,0
2026-05-13,Instagram+Installs,6746466099,Luma+ios_wvv_20260429_AEO_1+%286908533021715%29,3,0,0,0
2026-05-13,Instagram+Installs,6746466099,Luma+ios_zjc_20260502_AEO_1+%28120244337810030256%29,11,11.97,0,3
2026-05-13,Instagram+Installs,6746466099,Luma+ios_zjc_20260502_VO_ABO+%28120244401001560256%29,11,37.92000000000001,37.92000000000001,8
2026-05-13,Instagram+Installs,6746466099,Luma+ios_zjc_20260511_VO_CBO+%28120244970325050256%29,8,69.92,69.92,8
2026-05-13,Instagram+Installs,6746466099,Luma_ios_zmf_abo_0331_1+%286993503324612%29,1,3.99,0,1
2026-05-13,Instagram+Installs,6746466099,Luma_ios_zmf_abo_1220_2+%286945556930012%29,24,19.950000000000003,19.950000000000003,5
2026-05-13,Instagram+Installs,6746782904,0204-0422-Romi-ios-VO-cbo-zm1+%286928215077244%29,1,0,0,0
2026-05-13,Instagram+Installs,6746782904,0416-22-Romi-ios-VO-cbo-zm1+%286928215078844%29,19,216.7400000000001,51.96,26
2026-05-13,Instagram+Installs,6746782904,0422-1226-2-Romi-ios-AEO-zm1+%286928200804844%29,13,14.99,0,1
2026-05-13,Instagram+Installs,6746782904,0425-Romi-ios-VO-cbo-zm1+%286929615678044%29,15,577.5600000000003,137.94,44
2026-05-13,Instagram+Installs,6746782904,3.14+AEOc+cbo+cyl+%28120241002174210475%29,132,412.41000000000037,360.54000000000025,59
2026-05-13,Instagram+Installs,6746782904,4.18+VOc+cyl+%28120242759838130475%29,4,0,0,0
2026-05-13,Instagram+Installs,6746782904,5.13+VOc+cyl+%28120244392044050475%29,13,95.83,87.85000000000001,17
2026-05-13,Instagram+Installs,6746782904,Romi+iOS_syh_260416_AEO+%28120242387409150055%29,13,7.98,3.99,2
2026-05-13,Instagram+Installs,6746782904,Romi+iOS_syh_260416_VO+%28120242388498510055%29,7,60.92000000000001,60.92000000000001,8
2026-05-13,Instagram+Installs,6746782904,Romi_ios_zmf_vo_abo_0411_1+%28120249834385690151%29,2,69.84000000000002,69.84000000000002,16
2026-05-13,Instagram+Installs,6746782904,Romi_ios_zmf_vo_cbo_0319_2+%28120243482931960228%29,8,38.96,28.97,4
2026-05-13,Instagram+Installs,6746782904,Romi_ios_zmf_vo_cbo_0325_1+%28120243690432680228%29,2,0,0,0
2026-05-13,Luma+ios+FB+W2A,6746466099,0422-liuh-Luma+ios-%2F%2Faeo,13,131.75999999999996,25.950000000000003,24
2026-05-13,Luma+ios+FB+W2A,6746466099,Luma_ios_W2A_zmf_aeo_abo_0424_1,9,0,0,0
2026-05-13,Off-Facebook+Installs,6746466099,0219_Luma_iOS_AEO_MCY+%286866373524315%29,4,0,0,0
2026-05-13,Off-Facebook+Installs,6746466099,1230_Luma_iOS_AEO_MCY+%286848133765315%29,1,0,0,0
2026-05-13,Off-Facebook+Installs,6746466099,Luma+iOS_syh_260422_AEO+%28120241407442320137%29,2,0,0,0
2026-05-13,Off-Facebook+Installs,6746466099,Luma+ios_dsk_0419_aeo+%28120243309592160256%29,1,0,0,0
2026-05-13,Off-Facebook+Installs,6746466099,Luma+ios_zjc_20260502_AEO_1+%28120244337810030256%29,1,0,0,0
2026-05-13,Off-Facebook+Installs,6746782904,3.14+AEOc+cbo+cyl+%28120241002174210475%29,3,0,0,0
2026-05-13,Off-Facebook+Installs,6746782904,5.13+VOc+cyl+%28120244392044050475%29,1,0,0,0
2026-05-13,Off-Facebook+Installs,6746782904,Romi+iOS_syh_260416_AEO+%28120242387409150055%29,8,0,0,0
2026-05-13,Off-Facebook+Installs,6746782904,Romi_ios_zmf_vo_cbo_0319_2+%28120243482931960228%29,1,3.99,3.99,1
2026-05-13,TikTok+SAN,6746466099,,39,76.9,72.91000000000001,10
2026-05-13,TikTok+SAN,6746466099,0509-lhtt-Luma+25-%2F%2Fs%2B%2B+cj+%281864613296193889%29,32,65.93,45.940000000000005,7
2026-05-13,TikTok+SAN,6746466099,0509-lhtt-Luma+25-%2F%2Fs%2B%2B+vo+%281864606132513969%29,42,938.3800000000005,517.6300000000002,62
2026-05-13,TikTok+SAN,6746466099,Luma_ios_AEO_MCY_0127_s%2B_2+%281855466155544610%29,4,0,0,0
2026-05-13,TikTok+SAN,6746466099,Luma_ios_AEO_MCY_0228_s%2B_1+%281858365270760530%29,6,65.93,41.96,7
2026-05-13,TikTok+SAN,6746466099,Luma_ios_wcx_aeo_0120_smart_02+%281854728351163506%29,86,178.66000000000008,166.69000000000005,34
2026-05-13,TikTok+SAN,6746466099,Luma_ios_wcx_aeo_1119_smart++%281849118725316657%29,122,1661.0800000000015,574.5300000000002,192
2026-05-13,TikTok+SAN,6746466099,Luma_ios_wcx_aeo_1225_smart++%281852385308106114%29,156,810.7800000000009,428.43000000000035,122
2026-05-13,TikTok+SAN,6746466099,Luma_ios_zmf_0408_smart_purchase_01+%281861791826664593%29,4,75.89000000000001,41.91000000000001,11
2026-05-13,TikTok+SAN,6746466099,Luma_ios_zmf_0512_smart_purchase_01+%281864874023282097%29,6,0,0,0
2026-05-13,TikTok+SAN,6746466099,Luma_ios_zmf_0512_smart_purchase_02+%281864874078014514%29,7,0,0,0
2026-05-14,Facebook+Installs,6746466099,0219_Luma_iOS_AEO_MCY+%286866373524315%29,20,276.73,86.84999999999998,27
2026-05-14,Facebook+Installs,6746466099,0407_Luma_iOS_AEO_MCY+%286894235051515%29,7,9.99,9.99,1
2026-05-14,Facebook+Installs,6746466099,0408_Luma_iOS_AEO_MCY+%286894809601315%29,15,116.87999999999997,94.91999999999999,12
2026-05-14,Facebook+Installs,6746466099,0417-2-Luma-ios-VO-cbo-zm1+%286939989053243%29,13,115.81999999999996,31.96,18
2026-05-14,Facebook+Installs,6746466099,0423-1-Luma-ios-VO-cbo-zm1+%286944142889643%29,28,401.75000000000006,59.98,25
2026-05-14,Facebook+Installs,6746466099,1230_Luma_iOS_AEO_MCY+%286848133765315%29,15,40.940000000000005,40.940000000000005,6
2026-05-14,Facebook+Installs,6746466099,Luma+iOS_syh_260422_AEO+%28120241407442320137%29,33,91.85000000000001,23.940000000000005,15
2026-05-14,Facebook+Installs,6746466099,Luma+ios_cy1_0419_aeo+%28120243309592160256%29,0,203.96,0,4
2026-05-14,Facebook+Installs,6746466099,Luma+ios_cy1_20260512_VO-cbo+%28120245028274030256%29,0,407.85,19.99,15
2026-05-14,Facebook+Installs,6746466099,Luma+ios_dsk_0419_aeo+%28120243309592160256%29,12,41.96,41.96,4
2026-05-14,Facebook+Installs,6746466099,Luma+ios_dsk_20260512_VO-cbo+%28120245028274030256%29,15,77.94999999999999,77.94999999999999,5
2026-05-14,Facebook+Installs,6746466099,Luma+ios_wvv_20260421_AEO_1+%286903634491915%29,16,31.92000000000001,19.950000000000003,8
2026-05-14,Facebook+Installs,6746466099,Luma+ios_wvv_20260429_AEO_1+%286908533021715%29,23,42.92000000000001,15.96,8
2026-05-14,Facebook+Installs,6746466099,Luma+ios_zjc_20260502_AEO_1+%28120244337810030256%29,12,37.97,3.99,3
2026-05-14,Facebook+Installs,6746466099,Luma+ios_zjc_20260502_VO_ABO+%28120244401001560256%29,2,33.98,33.98,2
2026-05-14,Facebook+Installs,6746466099,Luma+ios_zjc_20260511_VO_CBO+%28120244970325050256%29,9,81.89,43.92000000000001,11
2026-05-14,Facebook+Installs,6746466099,Luma_ios_zmf_abo_0331_1+%286993503324612%29,10,159.78000000000003,0,22
2026-05-14,Facebook+Installs,6746466099,Luma_ios_zmf_abo_1220_2+%286945556930012%29,18,11.97,11.97,3
2026-05-14,Facebook+Installs,6746782904,0416-22-Romi-ios-VO-cbo-zm1+%286928215078844%29,6,0,0,0
2026-05-14,Facebook+Installs,6746782904,0422-1226-2-Romi-ios-AEO-zm1+%286928200804844%29,29,49.97,49.97,3
2026-05-14,Facebook+Installs,6746782904,0425-Romi-ios-VO-cbo-zm1+%286929615678044%29,18,113.88999999999999,64.93,11
2026-05-14,Facebook+Installs,6746782904,0513-Romi-ios-AEO-abo-zm1+%286941788247044%29,18,119.88999999999997,115.89999999999998,11
2026-05-14,Facebook+Installs,6746782904,3.14+AEOc+cbo+cyl+%28120241002174210475%29,57,335.41000000000025,70.88000000000001,59
2026-05-14,Facebook+Installs,6746782904,4.18+VOc+cyl+%28120242759838130475%29,33,124.84999999999995,81.92999999999999,15
2026-05-14,Facebook+Installs,6746782904,5.13+VOc+cyl+%28120244392044050475%29,19,140.92000000000002,140.92000000000002,8
2026-05-14,Facebook+Installs,6746782904,Romi+iOS_syh_260416_AEO+%28120242387409150055%29,16,33.98,33.98,2
2026-05-14,Facebook+Installs,6746782904,Romi+iOS_syh_260416_VO+%28120242388498510055%29,17,45.93000000000001,45.93000000000001,7
2026-05-14,Facebook+Installs,6746782904,Romi+ios_wvv_260501_aeo_1+%28120243842848770517%29,28,405.6900000000001,113.88999999999996,31
2026-05-14,Facebook+Installs,6746782904,Romi+ios_wvv_260514_vo_1+%28120244771825660517%29,3,0,0,0
2026-05-14,Facebook+Installs,6746782904,Romi_ios_zmf_purchase_abo_0320_1+%28120248735216530151%29,4,0,0,0
2026-05-14,Facebook+Installs,6746782904,Romi_ios_zmf_vo_abo_0411_1+%28120249834385690151%29,3,7.98,7.98,2
2026-05-14,Facebook+Installs,6746782904,Romi_ios_zmf_vo_cbo_0319_2+%28120243482931960228%29,15,92.85000000000001,19.950000000000003,15
2026-05-14,Facebook+Installs,6746782904,Romi_ios_zmf_vo_cbo_0325_1+%28120243690432680228%29,5,101.86999999999996,57.949999999999996,13
2026-05-14,Instagram+Installs,6746466099,0219_Luma_iOS_AEO_MCY+%286866373524315%29,10,146.9,0,10
2026-05-14,Instagram+Installs,6746466099,0407_Luma_iOS_AEO_MCY+%286894235051515%29,3,52.96,52.96,4
2026-05-14,Instagram+Installs,6746466099,0408_Luma_iOS_AEO_MCY+%286894809601315%29,10,42.95,42.95,5
2026-05-14,Instagram+Installs,6746466099,0417-2-Luma-ios-VO-cbo-zm1+%286939989053243%29,4,289.96,69.99,4
2026-05-14,Instagram+Installs,6746466099,0423-1-Luma-ios-VO-cbo-zm1+%286944142889643%29,9,222.64000000000013,82.89000000000001,36
2026-05-14,Instagram+Installs,6746466099,1230_Luma_iOS_AEO_MCY+%286848133765315%29,7,238.67000000000013,17.97,33
2026-05-14,Instagram+Installs,6746466099,Luma+iOS_syh_260422_AEO+%28120241407442320137%29,28,49.890000000000015,45.90000000000001,11
2026-05-14,Instagram+Installs,6746466099,Luma+ios_dsk_0419_aeo+%28120243309592160256%29,13,7.98,7.98,2
2026-05-14,Instagram+Installs,6746466099,Luma+ios_dsk_20260512_VO-cbo+%28120245028274030256%29,2,3.99,3.99,1
2026-05-14,Instagram+Installs,6746466099,Luma+ios_wvv_20260421_AEO_1+%286903634491915%29,7,0,0,0
2026-05-14,Instagram+Installs,6746466099,Luma+ios_wvv_20260429_AEO_1+%286908533021715%29,2,0,0,0
2026-05-14,Instagram+Installs,6746466099,Luma+ios_zjc_20260502_AEO_1+%28120244337810030256%29,4,0,0,0
2026-05-14,Instagram+Installs,6746466099,Luma+ios_zjc_20260502_VO_ABO+%28120244401001560256%29,8,297.8400000000001,93.94999999999999,16
2026-05-14,Instagram+Installs,6746466099,Luma+ios_zjc_20260511_VO_CBO+%28120244970325050256%29,4,81.81,69.84000000000002,19
2026-05-14,Instagram+Installs,6746466099,Luma_ios_zmf_abo_0331_1+%286993503324612%29,1,0,0,0
2026-05-14,Instagram+Installs,6746466099,Luma_ios_zmf_abo_1220_2+%286945556930012%29,16,7.98,3.99,2
2026-05-14,Instagram+Installs,6746782904,0416-22-Romi-ios-VO-cbo-zm1+%286928215078844%29,7,0,0,0
2026-05-14,Instagram+Installs,6746782904,0422-1226-2-Romi-ios-AEO-zm1+%286928200804844%29,4,30.950000000000003,22.97,5
2026-05-14,Instagram+Installs,6746782904,0425-Romi-ios-VO-cbo-zm1+%286929615678044%29,16,173.73000000000002,65.88000000000001,27
2026-05-14,Instagram+Installs,6746782904,3.14+AEOc+cbo+cyl+%28120241002174210475%29,92,173.65000000000003,135.72999999999996,35
2026-05-14,Instagram+Installs,6746782904,4.18+VOc+cyl+%28120242759838130475%29,40,490.44000000000017,102.79999999999997,56
2026-05-14,Instagram+Installs,6746782904,5.13+VOc+cyl+%28120244392044050475%29,6,49.92000000000001,49.92000000000001,8
2026-05-14,Instagram+Installs,6746782904,Romi+iOS_syh_260416_AEO+%28120242387409150055%29,6,3.99,3.99,1
2026-05-14,Instagram+Installs,6746782904,Romi+iOS_syh_260416_VO+%28120242388498510055%29,3,0,0,0
2026-05-14,Instagram+Installs,6746782904,Romi_ios_zmf_purchase_abo_0320_1+%28120248735216530151%29,3,0,0,0
2026-05-14,Instagram+Installs,6746782904,Romi_ios_zmf_vo_abo_0411_1+%28120249834385690151%29,9,0,0,0
2026-05-14,Instagram+Installs,6746782904,Romi_ios_zmf_vo_cbo_0319_2+%28120243482931960228%29,6,304.71000000000015,13.98,29
2026-05-14,Luma+ios+FB+W2A,6746466099,0422-liuh-Luma+ios-%2F%2Faeo,21,200.83000000000004,68.92,17
2026-05-14,Off-Facebook+Installs,6746466099,0408_Luma_iOS_AEO_MCY+%286894809601315%29,4,0,0,0
2026-05-14,Off-Facebook+Installs,6746466099,Luma+iOS_syh_260422_AEO+%28120241407442320137%29,1,49.97,0,3
2026-05-14,Off-Facebook+Installs,6746466099,Luma+ios_dsk_0419_aeo+%28120243309592160256%29,1,0,0,0
2026-05-14,Off-Facebook+Installs,6746782904,3.14+AEOc+cbo+cyl+%28120241002174210475%29,6,0,0,0
2026-05-14,Off-Facebook+Installs,6746782904,Romi+iOS_syh_260416_AEO+%28120242387409150055%29,4,0,0,0
2026-05-14,Off-Facebook+Installs,6746782904,Romi_ios_zmf_vo_cbo_0319_2+%28120243482931960228%29,1,0,0,0
2026-05-14,TikTok+SAN,6746466099,,24,59.92,7.98,8
2026-05-14,TikTok+SAN,6746466099,0509-lhtt-Luma+25-%2F%2Fs%2B%2B+cj+%281864613296193889%29,33,167.85,122.87999999999997,15
2026-05-14,TikTok+SAN,6746466099,0509-lhtt-Luma+25-%2F%2Fs%2B%2B+vo+%281864606132513969%29,26,610.3600000000004,92.83999999999999,64
2026-05-14,TikTok+SAN,6746466099,Luma+ios_wvv_20260514_aeo_s%2B%E5%8D%87%E7%BA%A7_1+%281865062941408418%29,13,45.90000000000001,27.930000000000007,10
2026-05-14,TikTok+SAN,6746466099,Luma+ios_wvv_20260514_aeo_s%2B%E5%8D%87%E7%BA%A7_3+%281865062947540113%29,25,136.9,22.97,10
2026-05-14,TikTok+SAN,6746466099,Luma_ios_AEO_MCY_0127_s%2B_2+%281855466155544610%29,3,28.97,3.99,3
2026-05-14,TikTok+SAN,6746466099,Luma_ios_AEO_MCY_0228_s%2B_1+%281858365270760530%29,3,0,0,0
2026-05-14,TikTok+SAN,6746466099,Luma_ios_wcx_aeo_0120_smart_02+%281854728351163506%29,28,157.78000000000003,145.81,22
2026-05-14,TikTok+SAN,6746466099,Luma_ios_wcx_aeo_1119_smart++%281849118725316657%29,54,313.66000000000014,132.82999999999998,34
2026-05-14,TikTok+SAN,6746466099,Luma_ios_wcx_aeo_1225_smart++%281852385308106114%29,39,517.5500000000002,46.940000000000005,45
2026-05-14,TikTok+SAN,6746466099,Luma_ios_zmf_0408_smart_purchase_01+%281861791826664593%29,9,31.92000000000001,7.98,8
2026-05-14,TikTok+SAN,6746466099,Luma_ios_zmf_0512_smart_purchase_01+%281864874023282097%29,11,9.99,9.99,1
2026-05-14,TikTok+SAN,6746466099,Luma_ios_zmf_0512_smart_purchase_02+%281864874078014514%29,9,75.92999999999999,75.92999999999999,7
2026-05-15,Facebook+Installs,6746466099,0219_Luma_iOS_AEO_MCY+%286866373524315%29,5,3.99,0,1
2026-05-15,Facebook+Installs,6746466099,0407_Luma_iOS_AEO_MCY+%286894235051515%29,1,0,0,0
2026-05-15,Facebook+Installs,6746466099,0408_Luma_iOS_AEO_MCY+%286894809601315%29,12,107.86,52.91000000000001,14
2026-05-15,Facebook+Installs,6746466099,0417-2-Luma-ios-VO-cbo-zm1+%286939989053243%29,12,404.7400000000001,32.96,26
2026-05-15,Facebook+Installs,6746466099,0423-1-Luma-ios-VO-cbo-zm1+%286944142889643%29,11,89.94999999999999,0,5
2026-05-15,Facebook+Installs,6746466099,1230_Luma_iOS_AEO_MCY+%286848133765315%29,7,189.9,129.91,10
2026-05-15,Facebook+Installs,6746466099,Luma+iOS_syh_260422_AEO+%28120241407442320137%29,23,87.88,87.88,12
2026-05-15,Facebook+Installs,6746466099,Luma+ios_wvv_20260421_AEO_1+%286903634491915%29,3,129.71999999999997,0,28
2026-05-15,Facebook+Installs,6746466099,Luma+ios_wvv_20260429_AEO_1+%286908533021715%29,19,250.57000000000008,88.82,43
2026-05-15,Facebook+Installs,6746466099,Luma+ios_wvv_260515_AEO+%286919840060715%29,3,0,0,0
2026-05-15,Facebook+Installs,6746466099,Luma+ios_zjc_20260502_AEO_1+%28120244337810030256%29,3,0,0,0
2026-05-15,Facebook+Installs,6746466099,Luma+ios_zjc_20260502_VO_ABO+%28120244401001560256%29,6,3.99,0,1
2026-05-15,Facebook+Installs,6746466099,Luma+ios_zjc_20260511_VO_CBO+%28120244970325050256%29,1,7.98,7.98,2
2026-05-15,Facebook+Installs,6746466099,Luma+ios_zjc_20260514_VO_ABO-ROAS+%28120245203349910256%29,1,0,0,0
2026-05-15,Facebook+Installs,6746466099,Luma_ios_zmf_abo_0331_1+%286993503324612%29,8,0,0,0
2026-05-15,Facebook+Installs,6746466099,Luma_ios_zmf_abo_1220_2+%286945556930012%29,4,25.950000000000003,0,5
2026-05-15,Facebook+Installs,6746782904,0416-22-Romi-ios-VO-cbo-zm1+%286928215078844%29,2,0,0,0
2026-05-15,Facebook+Installs,6746782904,0422-1226-2-Romi-ios-AEO-zm1+%286928200804844%29,11,137.83,0,17
2026-05-15,Facebook+Installs,6746782904,0425-Romi-ios-VO-cbo-zm1+%286929615678044%29,6,87.80999999999999,9.99,19
2026-05-15,Facebook+Installs,6746782904,0513-Romi-ios-AEO-abo-zm1+%286941788247044%29,13,357.67000000000013,91.88,33
2026-05-15,Facebook+Installs,6746782904,3.14+AEOc+cbo+cyl+%28120241002174210475%29,20,246.5400000000001,134.68999999999997,46
2026-05-15,Facebook+Installs,6746782904,4.18+VOc+cyl+%28120242759838130475%29,18,867.4300000000004,127.9,57
2026-05-15,Facebook+Installs,6746782904,5.13+VOc+cyl+%28120244392044050475%29,11,341.5700000000001,9.99,43
2026-05-15,Facebook+Installs,6746782904,Romi+iOS_syh_260416_AEO+%28120242387409150055%29,11,23.940000000000005,23.940000000000005,6
2026-05-15,Facebook+Installs,6746782904,Romi+iOS_syh_260416_VO+%28120242388498510055%29,7,368.89,34.98,11
2026-05-15,Facebook+Installs,6746782904,Romi+ios_wvv_260501_aeo_1+%28120243842848770517%29,12,181.86000000000004,131.9,14
2026-05-15,Facebook+Installs,6746782904,Romi+ios_wvv_260515_vo_1+%28120244898326610517%29,6,57.96,49.98,4
2026-05-15,Facebook+Installs,6746782904,Romi_ios_zmf_purchase_abo_0320_1+%28120248735216530151%29,1,0,0,0
2026-05-15,Facebook+Installs,6746782904,Romi_ios_zmf_vo_abo_0411_1+%28120249834385690151%29,3,84.85999999999999,76.88,14
2026-05-15,Facebook+Installs,6746782904,Romi_ios_zmf_vo_cbo_0319_2+%28120243482931960228%29,9,59.94000000000001,59.94000000000001,6
2026-05-15,Facebook+Installs,6746782904,Romi_ios_zmf_vo_cbo_0325_1+%28120243690432680228%29,5,0,0,0
2026-05-15,Instagram+Installs,6746466099,0219_Luma_iOS_AEO_MCY+%286866373524315%29,10,86.88999999999997,74.91999999999999,11
2026-05-15,Instagram+Installs,6746466099,0407_Luma_iOS_AEO_MCY+%286894235051515%29,3,51.95,37.97,5
2026-05-15,Instagram+Installs,6746466099,0408_Luma_iOS_AEO_MCY+%286894809601315%29,7,15.96,15.96,4
2026-05-15,Instagram+Installs,6746466099,0417-2-Luma-ios-VO-cbo-zm1+%286939989053243%29,5,71.95,71.95,5
2026-05-15,Instagram+Installs,6746466099,0423-1-Luma-ios-VO-cbo-zm1+%286944142889643%29,4,1608.5900000000001,29.99,41
2026-05-15,Instagram+Installs,6746466099,1230_Luma_iOS_AEO_MCY+%286848133765315%29,2,13.98,13.98,2
2026-05-15,Instagram+Installs,6746466099,Luma+iOS_syh_260422_AEO+%28120241407442320137%29,20,110.89999999999999,45.940000000000005,10
2026-05-15,Instagram+Installs,6746466099,Luma+ios_wvv_20260421_AEO_1+%286903634491915%29,1,3.99,3.99,1
2026-05-15,Instagram+Installs,6746466099,Luma+ios_wvv_20260429_AEO_1+%286908533021715%29,4,0,0,0
2026-05-15,Instagram+Installs,6746466099,Luma+ios_wvv_260515_AEO+%286919840060715%29,7,37.97,37.97,3
2026-05-15,Instagram+Installs,6746466099,Luma+ios_zjc_20260502_AEO_1+%28120244337810030256%29,1,119.84999999999994,9.99,15
2026-05-15,Instagram+Installs,6746466099,Luma+ios_zjc_20260502_VO_ABO+%28120244401001560256%29,7,87.91999999999997,77.92999999999998,8
2026-05-15,Instagram+Installs,6746466099,Luma+ios_zjc_20260511_VO_CBO+%28120244970325050256%29,1,13.98,0,2
2026-05-15,Instagram+Installs,6746466099,Luma_ios_zmf_abo_0331_1+%286993503324612%29,1,0,0,0
2026-05-15,Instagram+Installs,6746466099,Luma_ios_zmf_abo_1220_2+%286945556930012%29,16,3.99,3.99,1
2026-05-15,Instagram+Installs,6746782904,0416-22-Romi-ios-VO-cbo-zm1+%286928215078844%29,5,44.93000000000001,44.93000000000001,7
2026-05-15,Instagram+Installs,6746782904,0422-1226-2-Romi-ios-AEO-zm1+%286928200804844%29,5,0,0,0
2026-05-15,Instagram+Installs,6746782904,0425-Romi-ios-VO-cbo-zm1+%286929615678044%29,5,3.99,3.99,1
2026-05-15,Instagram+Installs,6746782904,3.14+AEOc+cbo+cyl+%28120241002174210475%29,69,243.4900000000002,172.64000000000007,51
2026-05-15,Instagram+Installs,6746782904,4.18+VOc+cyl+%28120242759838130475%29,19,168.85000000000002,58.91000000000001,15
2026-05-15,Instagram+Installs,6746782904,5.13+VOc+cyl+%28120244392044050475%29,9,7.98,3.99,2
2026-05-15,Instagram+Installs,6746782904,Romi+iOS_syh_260416_AEO+%28120242387409150055%29,10,3.99,3.99,1
2026-05-15,Instagram+Installs,6746782904,Romi+iOS_syh_260416_VO+%28120242388498510055%29,4,47.970000000000006,47.970000000000006,3
2026-05-15,Instagram+Installs,6746782904,Romi_ios_zmf_purchase_abo_0320_1+%28120248735216530151%29,1,0,0,0
2026-05-15,Instagram+Installs,6746782904,Romi_ios_zmf_vo_abo_0411_1+%28120249834385690151%29,2,0,0,0
2026-05-15,Instagram+Installs,6746782904,Romi_ios_zmf_vo_cbo_0319_2+%28120243482931960228%29,2,0,0,0
2026-05-15,Instagram+Installs,6746782904,Romi_ios_zmf_vo_cbo_0325_1+%28120243690432680228%29,2,3.99,3.99,1
2026-05-15,Luma+ios+FB+W2A,6746466099,0422-liuh-Luma+ios-%2F%2Faeo,18,98.80999999999999,26.96,19
2026-05-15,Off-Facebook+Installs,6746466099,0408_Luma_iOS_AEO_MCY+%286894809601315%29,1,0,0,0
2026-05-15,Off-Facebook+Installs,6746466099,Luma+ios_wvv_20260421_AEO_1+%286903634491915%29,2,0,0,0
2026-05-15,Off-Facebook+Installs,6746466099,Luma+ios_zjc_20260502_AEO_1+%28120244337810030256%29,1,0,0,0
2026-05-15,Off-Facebook+Installs,6746782904,3.14+AEOc+cbo+cyl+%28120241002174210475%29,4,0,0,0
2026-05-15,Off-Facebook+Installs,6746782904,Romi+iOS_syh_260416_AEO+%28120242387409150055%29,5,7.98,0,2
2026-05-15,TikTok+SAN,6746466099,,21,294.8300000000001,152.95000000000002,17
2026-05-15,TikTok+SAN,6746466099,0509-lhtt-Luma+25-%2F%2Fs%2B%2B+cj+%281864613296193889%29,22,254.89000000000004,242.92000000000002,11
2026-05-15,TikTok+SAN,6746466099,0509-lhtt-Luma+25-%2F%2Fs%2B%2B+vo+%281864606132513969%29,12,163.88000000000002,73.95,12
2026-05-15,TikTok+SAN,6746466099,0509-lhtt-Luma+26-%2F%2Fs%2B%2B+cj+%281864605963826721%29,14,11.97,7.98,3
2026-05-15,TikTok+SAN,6746466099,Luma+ios_wvv_20260514_aeo_s%2B%E5%8D%87%E7%BA%A7_1+%281865062941408418%29,10,31.950000000000003,13.98,5
2026-05-15,TikTok+SAN,6746466099,Luma_ios_AEO_MCY_0127_s%2B_2+%281855466155544610%29,2,33.98,29.99,2
2026-05-15,TikTok+SAN,6746466099,Luma_ios_AEO_MCY_0228_s%2B_1+%281858365270760530%29,2,0,0,0
2026-05-15,TikTok+SAN,6746466099,Luma_ios_wcx_aeo_0120_smart_02+%281854728351163506%29,26,460.1400000000006,122.82999999999998,86
2026-05-15,TikTok+SAN,6746466099,Luma_ios_wcx_aeo_1119_smart++%281849118725316657%29,39,43.92000000000001,7.98,8
2026-05-15,TikTok+SAN,6746466099,Luma_ios_wcx_aeo_1225_smart++%281852385308106114%29,36,216.56000000000012,47.88000000000002,44
2026-05-16,Facebook+Installs,6746466099,0219_Luma_iOS_AEO_MCY+%286866373524315%29,22,269.6700000000001,81.85,33
2026-05-16,Facebook+Installs,6746466099,0407_Luma_iOS_AEO_MCY+%286894235051515%29,9,9.99,9.99,1
2026-05-16,Facebook+Installs,6746466099,0408_Luma_iOS_AEO_MCY+%286894809601315%29,23,54.890000000000015,11.97,11
2026-05-16,Facebook+Installs,6746466099,0417-2-Luma-ios-VO-cbo-zm1+%286939989053243%29,9,19.950000000000003,7.98,5
2026-05-16,Facebook+Installs,6746466099,0423-1-Luma-ios-VO-cbo-zm1+%286944142889643%29,16,58.91000000000001,31.950000000000003,9
2026-05-16,Facebook+Installs,6746466099,1230_Luma_iOS_AEO_MCY+%286848133765315%29,8,69.98,69.98,2
2026-05-16,Facebook+Installs,6746466099,Luma+iOS_syh_260422_AEO+%28120241407442320137%29,33,285.7700000000001,277.7900000000001,23
2026-05-16,Facebook+Installs,6746466099,Luma+ios_cy1_0419_aeo+%28120243309592160256%29,2,99.9,79.91000000000001,10
2026-05-16,Facebook+Installs,6746466099,Luma+ios_wvv_20260421_AEO_1+%286903634491915%29,5,0,0,0
2026-05-16,Facebook+Installs,6746466099,Luma+ios_wvv_20260429_AEO_1+%286908533021715%29,25,223.79000000000002,93.85999999999999,21
2026-05-16,Facebook+Installs,6746466099,Luma+ios_wvv_260515_AEO+%286919840060715%29,4,709.6000000000003,159.93,40
2026-05-16,Facebook+Installs,6746466099,Luma+ios_wvv_260516_vo_1+%286921126794915%29,12,76.92999999999999,76.92999999999999,7
2026-05-16,Facebook+Installs,6746466099,Luma+ios_zjc_20260502_AEO_1+%28120244337810030256%29,11,87.78,0,22
2026-05-16,Facebook+Installs,6746466099,Luma+ios_zjc_20260502_VO_ABO+%28120244401001560256%29,5,3.99,3.99,1
2026-05-16,Facebook+Installs,6746466099,Luma+ios_zjc_20260515_VO_CBO+%28120245272197690256%29,1,0,0,0
2026-05-16,Facebook+Installs,6746466099,Luma_ios_zmf_abo_0331_1+%286993503324612%29,11,3.99,3.99,1
2026-05-16,Facebook+Installs,6746466099,Luma_ios_zmf_abo_1220_2+%286945556930012%29,11,604.3400000000004,67.89000000000001,66
2026-05-16,Facebook+Installs,6746782904,0416-22-Romi-ios-VO-cbo-zm1+%286928215078844%29,1,0,0,0
2026-05-16,Facebook+Installs,6746782904,0422-1226-2-Romi-ios-AEO-zm1+%286928200804844%29,1,0,0,0
2026-05-16,Facebook+Installs,6746782904,0425-Romi-ios-VO-cbo-zm1+%286929615678044%29,2,0,0,0
2026-05-16,Facebook+Installs,6746782904,0513-Romi-ios-AEO-abo-zm1+%286941788247044%29,9,54.96,19.98,4
2026-05-16,Facebook+Installs,6746782904,0516-Romi-ios-VO-cbo-zm1+%286944095568244%29,13,13.98,13.98,2
2026-05-16,Facebook+Installs,6746782904,3.14+AEOc+cbo+cyl+%28120241002174210475%29,42,112.85999999999999,73.9,14
2026-05-16,Facebook+Installs,6746782904,4.18+VOc+cyl+%28120242759838130475%29,30,280.59000000000015,180.78,41
2026-05-16,Facebook+Installs,6746782904,5.13+VOc+cyl+%28120244392044050475%29,5,14.99,14.99,1
2026-05-16,Facebook+Installs,6746782904,Romi+iOS_syh_260416_AEO+%28120242387409150055%29,22,266.85,112.94999999999999,15
2026-05-16,Facebook+Installs,6746782904,Romi+iOS_syh_260416_VO+%28120242388498510055%29,12,49.92000000000001,39.93000000000001,8
2026-05-16,Facebook+Installs,6746782904,Romi+ios_wvv_260501_aeo_1+%28120243842848770517%29,57,747.2900000000005,439.5500000000003,71
2026-05-16,Facebook+Installs,6746782904,Romi+ios_wvv_260501_vo_1+%28120243842848770517%29,0,37.92000000000001,0,8
2026-05-16,Facebook+Installs,6746782904,Romi+ios_wvv_260514_vo_1+%28120244771825660517%29,12,63.88000000000001,15.96,12
2026-05-16,Facebook+Installs,6746782904,Romi+ios_wvv_260515_vo_1+%28120244898326610517%29,11,93.86000000000001,35.91000000000001,14
2026-05-16,Facebook+Installs,6746782904,Romi_ios_zmf_purchase_abo_0320_1+%28120248735216530151%29,2,0,0,0
2026-05-16,Facebook+Installs,6746782904,Romi_ios_zmf_vo_abo_0411_1+%28120249834385690151%29,3,11.97,3.99,3
2026-05-16,Facebook+Installs,6746782904,Romi_ios_zmf_vo_cbo_0319_2+%28120243482931960228%29,5,7.98,3.99,2
2026-05-16,Facebook+Installs,6746782904,Romi_ios_zmf_vo_cbo_0325_1+%28120243690432680228%29,7,87.83999999999999,79.86,16
2026-05-16,Instagram+Installs,6746466099,0219_Luma_iOS_AEO_MCY+%286866373524315%29,7,21.96,21.96,4
2026-05-16,Instagram+Installs,6746466099,0407_Luma_iOS_AEO_MCY+%286894235051515%29,3,61.90000000000001,53.92000000000001,10
2026-05-16,Instagram+Installs,6746466099,0408_Luma_iOS_AEO_MCY+%286894809601315%29,10,17.97,9.99,3
2026-05-16,Instagram+Installs,6746466099,0417-2-Luma-ios-VO-cbo-zm1+%286939989053243%29,13,29.99,29.99,1
2026-05-16,Instagram+Installs,6746466099,0423-1-Luma-ios-VO-cbo-zm1+%286944142889643%29,15,38.93000000000001,38.93000000000001,7
2026-05-16,Instagram+Installs,6746466099,1230_Luma_iOS_AEO_MCY+%286848133765315%29,2,0,0,0
2026-05-16,Instagram+Installs,6746466099,Luma+iOS_syh_260422_AEO+%28120241407442320137%29,41,211.64000000000013,157.76000000000002,36
2026-05-16,Instagram+Installs,6746466099,Luma+ios_cy1_0419_aeo+%28120243309592160256%29,15,199.78000000000006,173.83,22
2026-05-16,Instagram+Installs,6746466099,Luma+ios_wvv_20260421_AEO_1+%286903634491915%29,7,3.99,0,1
2026-05-16,Instagram+Installs,6746466099,Luma+ios_wvv_20260429_AEO_1+%286908533021715%29,1,0,0,0
2026-05-16,Instagram+Installs,6746466099,Luma+ios_wvv_260515_AEO+%286919840060715%29,7,0,0,0
2026-05-16,Instagram+Installs,6746466099,Luma+ios_wvv_260516_vo_1+%286921126794915%29,10,100.82999999999998,29.940000000000005,17
2026-05-16,Instagram+Installs,6746466099,Luma+ios_zjc_20260502_AEO_1+%28120244337810030256%29,2,22.97,18.98,3
2026-05-16,Instagram+Installs,6746466099,Luma+ios_zjc_20260502_VO_ABO+%28120244401001560256%29,14,86.83999999999999,54.92000000000001,16
2026-05-16,Instagram+Installs,6746466099,Luma+ios_zjc_20260515_VO_CBO+%28120245272197690256%29,10,163.73000000000002,103.84999999999998,27
2026-05-16,Instagram+Installs,6746466099,Luma+ios_zjc_20260515_VO_CBO-Roas+%28120245272444300256%29,5,40.940000000000005,40.940000000000005,6
2026-05-16,Instagram+Installs,6746466099,Luma_ios_zmf_abo_0331_1+%286993503324612%29,3,0,0,0
2026-05-16,Instagram+Installs,6746466099,Luma_ios_zmf_abo_1220_2+%286945556930012%29,12,21.96,21.96,4
2026-05-16,Instagram+Installs,6746782904,0416-22-Romi-ios-VO-cbo-zm1+%286928215078844%29,3,93.94999999999999,29.99,5
2026-05-16,Instagram+Installs,6746782904,0425-Romi-ios-VO-cbo-zm1+%286929615678044%29,3,3.99,3.99,1
2026-05-16,Instagram+Installs,6746782904,3.14+AEOc+cbo+cyl+%28120241002174210475%29,128,930.9400000000006,611.2900000000003,106
2026-05-16,Instagram+Installs,6746782904,4.18+VOc+cyl+%28120242759838130475%29,34,421.43000000000023,220.7,57
2026-05-16,Instagram+Installs,6746782904,5.13+VOc+cyl+%28120244392044050475%29,16,166.70000000000005,144.74,30
2026-05-16,Instagram+Installs,6746782904,Romi+iOS_syh_260416_AEO+%28120242387409150055%29,9,27.930000000000007,27.930000000000007,7
2026-05-16,Instagram+Installs,6746782904,Romi+iOS_syh_260416_VO+%28120242388498510055%29,15,144.73999999999998,44.93000000000001,26
2026-05-16,Instagram+Installs,6746782904,Romi_ios_zmf_purchase_abo_0320_1+%28120248735216530151%29,2,0,0,0
2026-05-16,Instagram+Installs,6746782904,Romi_ios_zmf_vo_abo_0411_1+%28120249834385690151%29,4,0,0,0
2026-05-16,Instagram+Installs,6746782904,Romi_ios_zmf_vo_cbo_0319_2+%28120243482931960228%29,3,63.87000000000002,39.93000000000001,13
2026-05-16,Instagram+Installs,6746782904,Romi_ios_zmf_vo_cbo_0325_1+%28120243690432680228%29,4,3.99,3.99,1
2026-05-16,Luma+ios+FB+W2A,6746466099,0422-liuh-Luma+ios-%2F%2Faeo,15,115.82999999999998,77.86,17
2026-05-16,Off-Facebook+Installs,6746466099,0423-1-Luma-ios-VO-cbo-zm1+%286944142889643%29,1,0,0,0
2026-05-16,Off-Facebook+Installs,6746466099,Luma+ios_zjc_20260502_AEO_1+%28120244337810030256%29,1,0,0,0
2026-05-16,Off-Facebook+Installs,6746782904,0516-Romi-ios-VO-cbo-zm1+%286944095568244%29,1,0,0,0
2026-05-16,Off-Facebook+Installs,6746782904,Romi+iOS_syh_260416_AEO+%28120242387409150055%29,4,11.97,11.97,3
2026-05-16,TikTok+SAN,6746466099,,11,30.950000000000003,26.96,5
2026-05-16,TikTok+SAN,6746466099,0509-lhtt-Luma+25-%2F%2Fs%2B%2B+cj+%281864613296193889%29,29,528.6000000000001,96.92999999999999,40
2026-05-16,TikTok+SAN,6746466099,0509-lhtt-Luma+25-%2F%2Fs%2B%2B+vo+%281864606132513969%29,10,282.6700000000001,95.86999999999998,33
2026-05-16,TikTok+SAN,6746466099,0509-lhtt-Luma+26-%2F%2Fs%2B%2B+cj+%281864605963826721%29,33,146.75,92.83999999999999,25
2026-05-16,TikTok+SAN,6746466099,Luma+ios_wvv_20260514_aeo_s%2B%E5%8D%87%E7%BA%A7_1+%281865062941408418%29,9,184.80000000000004,142.85999999999999,20
2026-05-16,TikTok+SAN,6746466099,Luma+ios_wvv_20260514_aeo_s%2B%E5%8D%87%E7%BA%A7_3+%281865062947540113%29,1,0,0,0
2026-05-16,TikTok+SAN,6746466099,Luma_ios_AEO_MCY_0127_s%2B_2+%281855466155544610%29,1,0,0,0
2026-05-16,TikTok+SAN,6746466099,Luma_ios_AEO_MCY_0228_s%2B_1+%281858365270760530%29,6,0,0,0
2026-05-16,TikTok+SAN,6746466099,Luma_ios_wcx_aeo_0120_smart_02+%281854728351163506%29,53,222.72000000000006,194.76000000000002,28
2026-05-16,TikTok+SAN,6746466099,Luma_ios_wcx_aeo_1119_smart++%281849118725316657%29,50,401.2600000000005,92.86000000000001,74
2026-05-16,TikTok+SAN,6746466099,Luma_ios_wcx_aeo_1225_smart++%281852385308106114%29,14,41.96,33.98,4
2026-05-16,TikTok+SAN,6746466099,Luma_ios_zmf_0408_smart_purchase_01+%281861791826664593%29,1,0,0,0
2026-05-16,TikTok+SAN,6746466099,Luma_ios_zmf_0512_smart_purchase_01+%281864874023282097%29,1,22.97,14.99,3
2026-05-17,Facebook+Installs,6746466099,0219_Luma_iOS_AEO_MCY+%286866373524315%29,17,95.91999999999999,61.94,8
2026-05-17,Facebook+Installs,6746466099,0407_Luma_iOS_AEO_MCY+%286894235051515%29,7,0,0,0
2026-05-17,Facebook+Installs,6746466099,0408_Luma_iOS_AEO_MCY+%286894809601315%29,23,116.77999999999997,82.85000000000001,22
2026-05-17,Facebook+Installs,6746466099,0417-2-Luma-ios-VO-cbo-zm1+%286939989053243%29,21,392.5500000000001,74.89999999999999,45
2026-05-17,Facebook+Installs,6746466099,0423-1-Luma-ios-VO-cbo-zm1+%286944142889643%29,31,906.3700000000005,352.78000000000014,63
2026-05-17,Facebook+Installs,6746466099,1230_Luma_iOS_AEO_MCY+%286848133765315%29,10,128.79999999999998,83.87000000000002,20
2026-05-17,Facebook+Installs,6746466099,Luma+iOS_syh_260422_AEO+%28120241407442320137%29,64,673.1200000000005,139.75999999999996,88
2026-05-17,Facebook+Installs,6746466099,Luma+iOS_wvv_260516_AEO+%286922021465315%29,42,297.6600000000002,158.84000000000003,34
2026-05-17,Facebook+Installs,6746466099,Luma+ios_wvv_20260421_AEO_1+%286903634491915%29,2,45.95,29.99,5
2026-05-17,Facebook+Installs,6746466099,Luma+ios_wvv_20260429_AEO_1+%286908533021715%29,39,215.6000000000001,53.88000000000002,40
2026-05-17,Facebook+Installs,6746466099,Luma+ios_wvv_260515_AEO+%286919840060715%29,1,0,0,0
2026-05-17,Facebook+Installs,6746466099,Luma+ios_wvv_260516_vo_1+%286921126794915%29,11,55.93000000000001,25.950000000000003,7
2026-05-17,Facebook+Installs,6746466099,Luma+ios_zjc_20260502_AEO_1+%28120244337810030256%29,23,97.94,17.97,6
2026-05-17,Facebook+Installs,6746466099,Luma+ios_zjc_20260502_VO_ABO+%28120244401001560256%29,10,135.80999999999997,51.95,19
2026-05-17,Facebook+Installs,6746466099,Luma+ios_zjc_20260515_VO_CBO-Roas+%28120245272444300256%29,2,0,0,0
2026-05-17,Facebook+Installs,6746466099,Luma_ios_zmf_abo_0331_1+%286993503324612%29,12,17.97,7.98,3
2026-05-17,Facebook+Installs,6746466099,Luma_ios_zmf_abo_1220_2+%286945556930012%29,14,87.84999999999998,87.84999999999998,15
2026-05-17,Facebook+Installs,6746782904,0416-22-Romi-ios-VO-cbo-zm1+%286928215078844%29,4,0,0,0
2026-05-17,Facebook+Installs,6746782904,0425-Romi-ios-VO-cbo-zm1+%286929615678044%29,5,3.99,0,1
2026-05-17,Facebook+Installs,6746782904,0513-Romi-ios-AEO-abo-zm1+%286941788247044%29,24,42.92000000000001,42.92000000000001,8
2026-05-17,Facebook+Installs,6746782904,0516-Romi-ios-VO-cbo-zm1+%286944095568244%29,9,21.96,7.98,4
2026-05-17,Facebook+Installs,6746782904,3.14+AEOc+cbo+cyl+%28120241002174210475%29,70,382.45000000000033,296.5900000000002,55
2026-05-17,Facebook+Installs,6746782904,4.18+VOc+cyl+%28120242759838130475%29,23,227.79000000000005,65.92,21
2026-05-17,Facebook+Installs,6746782904,5.13+VOc+cyl+%28120244392044050475%29,24,189.73000000000002,109.81999999999996,27
2026-05-17,Facebook+Installs,6746782904,Romi+iOS_syh_260416_AEO+%28120242387409150055%29,22,275.75000000000006,103.88000000000001,25
2026-05-17,Facebook+Installs,6746782904,Romi+iOS_syh_260416_VO+%28120242388498510055%29,17,35.95,27.97,5
2026-05-17,Facebook+Installs,6746782904,Romi+ios_wvv_260501_aeo_1+%28120243842848770517%29,59,1192.9800000000016,399.6400000000002,202
2026-05-17,Facebook+Installs,6746782904,Romi+ios_wvv_260501_vo_1+%28120243842848770517%29,0,511.0400000000006,0,96
2026-05-17,Facebook+Installs,6746782904,Romi+ios_wvv_260514_vo_1+%28120244771825660517%29,1,0,0,0
2026-05-17,Facebook+Installs,6746782904,Romi+ios_wvv_260516_vo_1+%28120245178093020517%29,8,481.81000000000006,21.96,19
2026-05-17,Facebook+Installs,6746782904,Romi_ios_zmf_vo_abo_0411_1+%28120249834385690151%29,2,0,0,0
2026-05-17,Facebook+Installs,6746782904,Romi_ios_zmf_vo_cbo_0319_2+%28120243482931960228%29,6,0,0,0
2026-05-17,Facebook+Installs,6746782904,Romi_ios_zmf_vo_cbo_0325_1+%28120243690432680228%29,11,167.75999999999993,103.82999999999997,24
2026-05-17,Instagram+Installs,6746466099,0219_Luma_iOS_AEO_MCY+%286866373524315%29,14,134.79999999999998,116.82999999999998,20
2026-05-17,Instagram+Installs,6746466099,0407_Luma_iOS_AEO_MCY+%286894235051515%29,8,74.84,70.85000000000001,16
2026-05-17,Instagram+Installs,6746466099,0408_Luma_iOS_AEO_MCY+%286894809601315%29,23,87.88999999999999,61.940000000000005,11
2026-05-17,Instagram+Installs,6746466099,0417-2-Luma-ios-VO-cbo-zm1+%286939989053243%29,8,0,0,0
2026-05-17,Instagram+Installs,6746466099,0423-1-Luma-ios-VO-cbo-zm1+%286944142889643%29,17,249.59000000000017,96.83,41
2026-05-17,Instagram+Installs,6746466099,1230_Luma_iOS_AEO_MCY+%286848133765315%29,6,19.99,19.99,1
2026-05-17,Instagram+Installs,6746466099,Luma+iOS_syh_260422_AEO+%28120241407442320137%29,27,128.79999999999995,82.89999999999999,20
2026-05-17,Instagram+Installs,6746466099,Luma+iOS_wvv_260516_AEO+%286922021465315%29,27,0,0,0
2026-05-17,Instagram+Installs,6746466099,Luma+ios_cy1_0419_aeo+%28120243309592160256%29,23,123.75999999999995,89.82999999999998,24
2026-05-17,Instagram+Installs,6746466099,Luma+ios_wvv_20260429_AEO_1+%286908533021715%29,10,44.93000000000001,40.940000000000005,7
2026-05-17,Instagram+Installs,6746466099,Luma+ios_wvv_260515_AEO+%286919840060715%29,1,0,0,0
2026-05-17,Instagram+Installs,6746466099,Luma+ios_wvv_260516_vo_1+%286921126794915%29,4,9.99,0,1
2026-05-17,Instagram+Installs,6746466099,Luma+ios_zjc_20260502_AEO_1+%28120244337810030256%29,7,138.86999999999998,106.91999999999997,13
2026-05-17,Instagram+Installs,6746466099,Luma+ios_zjc_20260502_VO_ABO+%28120244401001560256%29,27,386.4000000000003,201.74000000000004,60
2026-05-17,Instagram+Installs,6746466099,Luma+ios_zjc_20260515_VO_CBO+%28120245272197690256%29,2,0,0,0
2026-05-17,Instagram+Installs,6746466099,Luma+ios_zjc_20260515_VO_CBO-Roas+%28120245272444300256%29,2,0,0,0
2026-05-17,Instagram+Installs,6746466099,Luma_ios_zmf_abo_0331_1+%286993503324612%29,7,11.97,11.97,3
2026-05-17,Instagram+Installs,6746466099,Luma_ios_zmf_abo_1220_2+%286945556930012%29,8,33.98,29.99,2
2026-05-17,Instagram+Installs,6746782904,0416-22-Romi-ios-VO-cbo-zm1+%286928215078844%29,10,257.5100000000002,83.89999999999999,49
2026-05-17,Instagram+Installs,6746782904,0425-Romi-ios-VO-cbo-zm1+%286929615678044%29,7,58.91000000000001,58.91000000000001,9
2026-05-17,Instagram+Installs,6746782904,3.14+AEOc+cbo+cyl+%28120241002174210475%29,129,556.9300000000006,425.18000000000046,107
2026-05-17,Instagram+Installs,6746782904,4.18+VOc+cyl+%28120242759838130475%29,35,171.80000000000004,153.83,20
2026-05-17,Instagram+Installs,6746782904,5.13+VOc+cyl+%28120244392044050475%29,16,319.5700000000003,111.88,43
2026-05-17,Instagram+Installs,6746782904,Romi+iOS_syh_260416_AEO+%28120242387409150055%29,11,9.99,9.99,1
2026-05-17,Instagram+Installs,6746782904,Romi+iOS_syh_260416_VO+%28120242388498510055%29,10,31.96,31.96,4
2026-05-17,Instagram+Installs,6746782904,Romi_ios_zmf_purchase_abo_0320_1+%28120248735216530151%29,3,0,0,0
2026-05-17,Instagram+Installs,6746782904,Romi_ios_zmf_vo_abo_0411_1+%28120249834385690151%29,1,0,0,0
2026-05-17,Instagram+Installs,6746782904,Romi_ios_zmf_vo_cbo_0319_2+%28120243482931960228%29,7,83.79,75.81000000000002,21
2026-05-17,Instagram+Installs,6746782904,Romi_ios_zmf_vo_cbo_0325_1+%28120243690432680228%29,6,26.96,26.96,4
2026-05-17,Luma+ios+FB+W2A,6746466099,0422-liuh-Luma+ios-%2F%2Faeo,22,301.6200000000002,142.83,38
2026-05-17,Off-Facebook+Installs,6746466099,0219_Luma_iOS_AEO_MCY+%286866373524315%29,3,0,0,0
2026-05-17,Off-Facebook+Installs,6746466099,0408_Luma_iOS_AEO_MCY+%286894809601315%29,3,11.97,7.98,3
2026-05-17,Off-Facebook+Installs,6746466099,Luma+iOS_syh_260422_AEO+%28120241407442320137%29,1,0,0,0
2026-05-17,Off-Facebook+Installs,6746466099,Luma+ios_wvv_20260429_AEO_1+%286908533021715%29,1,0,0,0
2026-05-17,Off-Facebook+Installs,6746782904,3.14+AEOc+cbo+cyl+%28120241002174210475%29,4,0,0,0
2026-05-17,Off-Facebook+Installs,6746782904,4.18+VOc+cyl+%28120242759838130475%29,1,0,0,0
2026-05-17,Off-Facebook+Installs,6746782904,Romi+iOS_syh_260416_AEO+%28120242387409150055%29,1,7.98,7.98,2
2026-05-17,TikTok+SAN,6746466099,,20,169.79,88.86999999999999,21
2026-05-17,TikTok+SAN,6746466099,0509-lhtt-Luma+25-%2F%2Fs%2B%2B+cj+%281864613296193889%29,26,154.90000000000003,135.92000000000002,10
2026-05-17,TikTok+SAN,6746466099,0509-lhtt-Luma+25-%2F%2Fs%2B%2B+vo+%281864606132513969%29,24,1007.2400000000006,303.6300000000002,76
2026-05-17,TikTok+SAN,6746466099,0509-lhtt-Luma+26-%2F%2Fs%2B%2B+cj+%281864605963826721%29,10,68.87,64.88000000000001,13
2026-05-17,TikTok+SAN,6746466099,Luma_ios_AEO_MCY_0127_s%2B_2+%281855466155544610%29,3,7.98,7.98,2
2026-05-17,TikTok+SAN,6746466099,Luma_ios_AEO_MCY_0228_s%2B_1+%281858365270760530%29,11,29.940000000000005,17.97,6
2026-05-17,TikTok+SAN,6746466099,Luma_ios_wcx_aeo_0120_smart_02+%281854728351163506%29,116,448.3000000000004,345.47000000000025,70
2026-05-17,TikTok+SAN,6746466099,Luma_ios_wcx_aeo_1119_smart++%281849118725316657%29,112,614.2200000000005,285.6000000000002,78
2026-05-17,TikTok+SAN,6746466099,Luma_ios_wcx_aeo_1225_smart++%281852385308106114%29,4,0,0,0
2026-05-17,TikTok+SAN,6746466099,Luma_ios_zmf_0408_smart_purchase_01+%281861791826664593%29,0,3.99,0,1
2026-05-18,Facebook+Installs,6746466099,0219_Luma_iOS_AEO_MCY+%286866373524315%29,14,37.97,7.98,3
2026-05-18,Facebook+Installs,6746466099,0407_Luma_iOS_AEO_MCY+%286894235051515%29,3,3.99,3.99,1
2026-05-18,Facebook+Installs,6746466099,0408_Luma_iOS_AEO_MCY+%286894809601315%29,21,15.96,7.98,4
2026-05-18,Facebook+Installs,6746466099,0417-2-Luma-ios-VO-cbo-zm1+%286939989053243%29,13,28.97,28.97,3
2026-05-18,Facebook+Installs,6746466099,0423-1-Luma-ios-VO-cbo-zm1+%286944142889643%29,25,113.79999999999998,43.93000000000001,20
2026-05-18,Facebook+Installs,6746466099,1230_Luma_iOS_AEO_MCY+%286848133765315%29,10,9.99,9.99,1
2026-05-18,Facebook+Installs,6746466099,Luma+iOS_syh_260422_AEO+%28120241407442320137%29,70,231.6500000000001,176.72000000000003,35
2026-05-18,Facebook+Installs,6746466099,Luma+iOS_wvv_260516_AEO+%286922021465315%29,33,109.88999999999997,91.91999999999999,11
2026-05-18,Facebook+Installs,6746466099,Luma+ios_cy1_0419_aeo+%28120243309592160256%29,2,7.98,7.98,2
2026-05-18,Facebook+Installs,6746466099,Luma+ios_wvv_20260421_AEO_1+%286903634491915%29,3,0,0,0
2026-05-18,Facebook+Installs,6746466099,Luma+ios_wvv_20260429_AEO_1+%286908533021715%29,30,181.56000000000006,71.82000000000002,44
2026-05-18,Facebook+Installs,6746466099,Luma+ios_wvv_260515_AEO+%286919840060715%29,6,31.950000000000003,0,5
2026-05-18,Facebook+Installs,6746466099,Luma+ios_wvv_260516_vo_1+%286921126794915%29,11,169.85999999999999,129.87999999999997,14
2026-05-18,Facebook+Installs,6746466099,Luma+ios_zjc_20260502_AEO_1+%28120244337810030256%29,58,782.4200000000003,439.6100000000002,58
2026-05-18,Facebook+Installs,6746466099,Luma+ios_zjc_20260502_VO_ABO+%28120244401001560256%29,12,237.5900000000002,129.85999999999996,41
2026-05-18,Facebook+Installs,6746466099,Luma+ios_zjc_20260517_VO_ABO+%28120245414334190256%29,2,0,0,0
2026-05-18,Facebook+Installs,6746466099,Luma_ios_zmf_abo_0331_1+%286993503324612%29,13,63.93000000000001,63.93000000000001,7
2026-05-18,Facebook+Installs,6746466099,Luma_ios_zmf_abo_1220_2+%286945556930012%29,10,523.4800000000002,71.94,52
2026-05-18,Facebook+Installs,6746782904,0416-22-Romi-ios-VO-cbo-zm1+%286928215078844%29,5,0,0,0
2026-05-18,Facebook+Installs,6746782904,0425-Romi-ios-VO-cbo-zm1+%286929615678044%29,6,0,0,0
2026-05-18,Facebook+Installs,6746782904,0513-Romi-ios-AEO-abo-zm1+%286941788247044%29,12,31.92000000000001,27.930000000000007,8
2026-05-18,Facebook+Installs,6746782904,0516-Romi-ios-VO-cbo-zm1+%286944095568244%29,8,77.96999999999998,73.97999999999999,3
2026-05-18,Facebook+Installs,6746782904,3.14+AEOc+cbo+cyl+%28120241002174210475%29,65,205.7100000000001,183.75000000000006,29
2026-05-18,Facebook+Installs,6746782904,4.18+VOc+cyl+%28120242759838130475%29,19,214.83999999999997,3.99,16
2026-05-18,Facebook+Installs,6746782904,5.13+VOc+cyl+%28120244392044050475%29,9,272.71000000000004,123.80999999999997,29
2026-05-18,Facebook+Installs,6746782904,Romi+iOS_syh_260416_AEO+%28120242387409150055%29,15,39.98,19.99,2
2026-05-18,Facebook+Installs,6746782904,Romi+iOS_syh_260416_VO+%28120242388498510055%29,10,186.82999999999998,60.890000000000015,17
2026-05-18,Facebook+Installs,6746782904,Romi+ios_wvv_260501_aeo_1+%28120243842848770517%29,79,959.8900000000008,514.4300000000003,111
2026-05-18,Facebook+Installs,6746782904,Romi+ios_wvv_260501_vo_1+%28120243842848770517%29,1,73.93999999999998,0,6
2026-05-18,Facebook+Installs,6746782904,Romi+ios_wvv_260514_vo_1+%28120244771825660517%29,18,30.950000000000003,18.98,5
2026-05-18,Facebook+Installs,6746782904,Romi+ios_wvv_260516_vo_1+%28120245178093020517%29,1,0,0,0
2026-05-18,Facebook+Installs,6746782904,Romi_ios_zmf_purchase_abo_0320_1+%28120248735216530151%29,1,3.99,3.99,1
2026-05-18,Facebook+Installs,6746782904,Romi_ios_zmf_vo_abo_0411_1+%28120249834385690151%29,2,261.74000000000007,45.95,26
2026-05-18,Facebook+Installs,6746782904,Romi_ios_zmf_vo_cbo_0319_2+%28120243482931960228%29,4,0,0,0
2026-05-18,Facebook+Installs,6746782904,Romi_ios_zmf_vo_cbo_0325_1+%28120243690432680228%29,3,0,0,0
2026-05-18,Instagram+Installs,6746466099,0219_Luma_iOS_AEO_MCY+%286866373524315%29,17,118.78999999999998,69.87000000000002,21
2026-05-18,Instagram+Installs,6746466099,0407_Luma_iOS_AEO_MCY+%286894235051515%29,9,147.71,49.890000000000015,29
2026-05-18,Instagram+Installs,6746466099,0408_Luma_iOS_AEO_MCY+%286894809601315%29,26,258.5600000000002,41.91000000000001,44
2026-05-18,Instagram+Installs,6746466099,0417-2-Luma-ios-VO-cbo-zm1+%286939989053243%29,8,22.97,22.97,3
2026-05-18,Instagram+Installs,6746466099,0423-1-Luma-ios-VO-cbo-zm1+%286944142889643%29,12,122.82999999999997,122.82999999999997,17
2026-05-18,Instagram+Installs,6746466099,1230_Luma_iOS_AEO_MCY+%286848133765315%29,9,105.88999999999996,29.99,11
2026-05-18,Instagram+Installs,6746466099,Luma+iOS_syh_260422_AEO+%28120241407442320137%29,32,283.64000000000016,217.7200000000001,36
2026-05-18,Instagram+Installs,6746466099,Luma+iOS_wvv_260516_AEO+%286922021465315%29,21,228.76000000000008,15.96,24
2026-05-18,Instagram+Installs,6746466099,Luma+ios_cy1_0419_aeo+%28120243309592160256%29,10,3.99,3.99,1
2026-05-18,Instagram+Installs,6746466099,Luma+ios_wvv_20260421_AEO_1+%286903634491915%29,2,7.98,7.98,2
2026-05-18,Instagram+Installs,6746466099,Luma+ios_wvv_20260429_AEO_1+%286908533021715%29,3,0,0,0
2026-05-18,Instagram+Installs,6746466099,Luma+ios_wvv_260515_AEO+%286919840060715%29,16,27.930000000000007,27.930000000000007,7
2026-05-18,Instagram+Installs,6746466099,Luma+ios_wvv_260516_vo_1+%286921126794915%29,9,41.96,41.96,4
2026-05-18,Instagram+Installs,6746466099,Luma+ios_zjc_20260502_AEO_1+%28120244337810030256%29,41,322.52000000000027,171.78000000000003,48
2026-05-18,Instagram+Installs,6746466099,Luma+ios_zjc_20260502_VO_ABO+%28120244401001560256%29,22,1721.700000000001,356.76000000000016,130
2026-05-18,Instagram+Installs,6746466099,Luma+ios_zjc_20260517_VO_ABO+%28120245414334190256%29,2,117.79999999999998,35.940000000000005,20
2026-05-18,Instagram+Installs,6746466099,Luma_ios_zmf_abo_0331_1+%286993503324612%29,3,128.86999999999998,64.94,13
2026-05-18,Instagram+Installs,6746466099,Luma_ios_zmf_abo_1220_2+%286945556930012%29,11,254.76000000000008,36.95,24
2026-05-18,Instagram+Installs,6746782904,0416-22-Romi-ios-VO-cbo-zm1+%286928215078844%29,4,39.90000000000001,31.92000000000001,10
2026-05-18,Instagram+Installs,6746782904,0425-Romi-ios-VO-cbo-zm1+%286929615678044%29,6,0,0,0
2026-05-18,Instagram+Installs,6746782904,3.14+AEOc+cbo+cyl+%28120241002174210475%29,130,919.8900000000008,445.45000000000033,111
2026-05-18,Instagram+Installs,6746782904,4.18+VOc+cyl+%28120242759838130475%29,33,274.64000000000016,168.82,36
2026-05-18,Instagram+Installs,6746782904,5.13+VOc+cyl+%28120244392044050475%29,30,209.7600000000001,133.88,24
2026-05-18,Instagram+Installs,6746782904,Romi+iOS_syh_260416_AEO+%28120242387409150055%29,12,29.99,0,1
2026-05-18,Instagram+Installs,6746782904,Romi+iOS_syh_260416_VO+%28120242388498510055%29,13,142.80999999999997,124.83999999999996,19
2026-05-18,Instagram+Installs,6746782904,Romi_ios_zmf_purchase_abo_0320_1+%28120248735216530151%29,3,0,0,0
2026-05-18,Instagram+Installs,6746782904,Romi_ios_zmf_vo_abo_0411_1+%28120249834385690151%29,1,7.98,7.98,2
2026-05-18,Instagram+Installs,6746782904,Romi_ios_zmf_vo_cbo_0319_2+%28120243482931960228%29,6,13.98,13.98,2
2026-05-18,Instagram+Installs,6746782904,Romi_ios_zmf_vo_cbo_0325_1+%28120243690432680228%29,2,0,0,0
2026-05-18,Luma+ios+FB+W2A,6746466099,0422-liuh-Luma+ios-%2F%2Faeo,17,119.84999999999998,87.89,15
2026-05-18,Off-Facebook+Installs,6746466099,0408_Luma_iOS_AEO_MCY+%286894809601315%29,1,334.49000000000024,0,51
2026-05-18,Off-Facebook+Installs,6746466099,1230_Luma_iOS_AEO_MCY+%286848133765315%29,1,3.99,3.99,1
2026-05-18,Off-Facebook+Installs,6746466099,Luma+iOS_wvv_260516_AEO+%286922021465315%29,1,7.98,7.98,2
2026-05-18,Off-Facebook+Installs,6746466099,Luma+ios_zjc_20260502_AEO_1+%28120244337810030256%29,2,0,0,0
2026-05-18,Off-Facebook+Installs,6746782904,3.14+AEOc+cbo+cyl+%28120241002174210475%29,1,0,0,0
2026-05-18,Off-Facebook+Installs,6746782904,Romi+iOS_syh_260416_AEO+%28120242387409150055%29,8,0,0,0
2026-05-18,TikTok+SAN,6746466099,,39,164.70000000000002,117.78999999999996,30
2026-05-18,TikTok+SAN,6746466099,0509-lhtt-Luma+25-%2F%2Fs%2B%2B+cj+%281864613296193889%29,35,196.74,77.88999999999999,26
2026-05-18,TikTok+SAN,6746466099,0509-lhtt-Luma+25-%2F%2Fs%2B%2B+vo+%281864606132513969%29,35,1241.640000000001,217.6800000000001,136
2026-05-18,TikTok+SAN,6746466099,0509-lhtt-Luma+26-%2F%2Fs%2B%2B+cj+%281864605963826721%29,29,237.80000000000007,77.92,20
2026-05-18,TikTok+SAN,6746466099,Luma+ios_wvv_20260514_aeo_s%2B%E5%8D%87%E7%BA%A7_1+%281865062941408418%29,1,0,0,0
2026-05-18,TikTok+SAN,6746466099,Luma+ios_wvv_20260514_aeo_s%2B%E5%8D%87%E7%BA%A7_3+%281865062947540113%29,1,0,0,0
2026-05-18,TikTok+SAN,6746466099,Luma_ios_AEO_MCY_0127_s%2B_2+%281855466155544610%29,7,233.77000000000007,91.92999999999999,23
2026-05-18,TikTok+SAN,6746466099,Luma_ios_AEO_MCY_0228_s%2B_1+%281858365270760530%29,12,85.91,85.91,9
2026-05-18,TikTok+SAN,6746466099,Luma_ios_wcx_aeo_0120_smart_02+%281854728351163506%29,110,552.9500000000007,298.46000000000026,105
2026-05-18,TikTok+SAN,6746466099,Luma_ios_wcx_aeo_1119_smart++%281849118725316657%29,221,2171.129999999996,958.8700000000008,287
2026-05-18,TikTok+SAN,6746466099,Luma_ios_wcx_aeo_1225_smart++%281852385308106114%29,19,3.99,3.99,1
2026-05-18,TikTok+SAN,6746466099,Luma_ios_zmf_0512_smart_purchase_02+%281864874078014514%29,1,0,0,0
2026-05-19,Facebook+Installs,6746466099,0219_Luma_iOS_AEO_MCY+%286866373524315%29,23,183.70000000000002,124.77999999999994,30
2026-05-19,Facebook+Installs,6746466099,0407_Luma_iOS_AEO_MCY+%286894235051515%29,4,3.99,0,1
2026-05-19,Facebook+Installs,6746466099,0408_Luma_iOS_AEO_MCY+%286894809601315%29,27,120.78999999999995,76.9,21
2026-05-19,Facebook+Installs,6746466099,0417-2-Luma-ios-VO-cbo-zm1+%286939989053243%29,13,53.91000000000001,13.98,9
2026-05-19,Facebook+Installs,6746466099,0423-1-Luma-ios-VO-cbo-zm1+%286944142889643%29,28,404.41000000000025,86.83999999999999,59
2026-05-19,Facebook+Installs,6746466099,1230_Luma_iOS_AEO_MCY+%286848133765315%29,12,459.95,0,5
2026-05-19,Facebook+Installs,6746466099,Luma+iOS_syh_260422_AEO+%28120241407442320137%29,77,89.81999999999998,39.93000000000001,18
2026-05-19,Facebook+Installs,6746466099,Luma+iOS_wvv_260516_AEO+%286922021465315%29,13,0,0,0
2026-05-19,Facebook+Installs,6746466099,Luma+ios_cy1_0419_aeo+%28120243309592160256%29,3,0,0,0
2026-05-19,Facebook+Installs,6746466099,Luma+ios_wvv_20260421_AEO_1+%286903634491915%29,1,0,0,0
2026-05-19,Facebook+Installs,6746466099,Luma+ios_wvv_20260429_AEO_1+%286908533021715%29,23,87.88,64.91000000000001,12
2026-05-19,Facebook+Installs,6746466099,Luma+ios_wvv_260515_AEO+%286919840060715%29,14,7.98,3.99,2
2026-05-19,Facebook+Installs,6746466099,Luma+ios_wvv_260516_vo_1+%286921126794915%29,3,0,0,0
2026-05-19,Facebook+Installs,6746466099,Luma+ios_zjc_20260502_AEO_1+%28120244337810030256%29,58,322.4000000000003,192.6400000000001,60
2026-05-19,Facebook+Installs,6746466099,Luma+ios_zjc_20260502_VO_ABO+%28120244401001560256%29,21,220.66000000000014,101.89999999999998,34
2026-05-19,Facebook+Installs,6746466099,Luma+ios_zjc_20260517_VO_ABO+%28120245456946700256%29,1,0,0,0
2026-05-19,Facebook+Installs,6746466099,Luma_ios_zmf_abo_0331_1+%286993503324612%29,18,214.61000000000013,170.72000000000003,39
2026-05-19,Facebook+Installs,6746466099,Luma_ios_zmf_abo_1220_2+%286945556930012%29,9,3.99,0,1
2026-05-19,Facebook+Installs,6746782904,0416-22-Romi-ios-VO-cbo-zm1+%286928215078844%29,5,133.82999999999998,48.92000000000001,17
2026-05-19,Facebook+Installs,6746782904,0425-Romi-ios-VO-cbo-zm1+%286929615678044%29,3,75.94,75.94,6
2026-05-19,Facebook+Installs,6746782904,0513-Romi-ios-AEO-abo-zm1+%286941788247044%29,8,47.91000000000001,35.940000000000005,9
2026-05-19,Facebook+Installs,6746782904,0516-Romi-ios-VO-cbo-zm1+%286944095568244%29,9,27.96,7.98,4
2026-05-19,Facebook+Installs,6746782904,3.14+AEOc+cbo+cyl+%28120241002174210475%29,48,352.6000000000002,320.6800000000001,40
2026-05-19,Facebook+Installs,6746782904,4.18+VOc+cyl+%28120242759838130475%29,12,7.98,7.98,2
2026-05-19,Facebook+Installs,6746782904,5.13+VOc+cyl+%28120244392044050475%29,11,69.84000000000002,53.88000000000002,16
2026-05-19,Facebook+Installs,6746782904,Romi+iOS_syh_260416_AEO+%28120242387409150055%29,21,21.96,21.96,4
2026-05-19,Facebook+Installs,6746782904,Romi+iOS_syh_260416_VO+%28120242388498510055%29,25,710.6300000000002,201.86000000000007,37
2026-05-19,Facebook+Installs,6746782904,Romi+ios_wvv_260501_aeo_1+%28120243842848770517%29,42,554.3000000000004,206.65000000000015,70
2026-05-19,Facebook+Installs,6746782904,Romi+ios_wvv_260501_vo_1+%28120243842848770517%29,0,51.940000000000005,0,6
2026-05-19,Facebook+Installs,6746782904,Romi+ios_wvv_260514_vo_1+%28120244771825660517%29,5,155.85000000000002,67.91000000000001,15
2026-05-19,Facebook+Installs,6746782904,Romi+ios_wvv_260518_aeo_1+%28120245282422360517%29,12,193.5600000000001,45.93000000000001,44
2026-05-19,Facebook+Installs,6746782904,Romi_ios_zmf_purchase_abo_0320_1+%28120248735216530151%29,6,7.98,7.98,2
2026-05-19,Facebook+Installs,6746782904,Romi_ios_zmf_vo_abo_0411_1+%28120249834385690151%29,2,0,0,0
2026-05-19,Facebook+Installs,6746782904,Romi_ios_zmf_vo_cbo_0319_2+%28120243482931960228%29,3,57.87000000000002,45.90000000000001,13
2026-05-19,Facebook+Installs,6746782904,Romi_ios_zmf_vo_cbo_0325_1+%28120243690432680228%29,5,3.99,3.99,1
2026-05-19,Instagram+Installs,6746466099,0219_Luma_iOS_AEO_MCY+%286866373524315%29,17,106.85000000000002,35.91000000000001,15
2026-05-19,Instagram+Installs,6746466099,0407_Luma_iOS_AEO_MCY+%286894235051515%29,4,13.98,13.98,2
2026-05-19,Instagram+Installs,6746466099,0408_Luma_iOS_AEO_MCY+%286894809601315%29,16,3.99,3.99,1
2026-05-19,Instagram+Installs,6746466099,0417-2-Luma-ios-VO-cbo-zm1+%286939989053243%29,5,35.91000000000001,31.92000000000001,9
2026-05-19,Instagram+Installs,6746466099,0423-1-Luma-ios-VO-cbo-zm1+%286944142889643%29,18,63.88000000000002,63.88000000000002,12
2026-05-19,Instagram+Installs,6746466099,1230_Luma_iOS_AEO_MCY+%286848133765315%29,2,132.94,92.95,6
2026-05-19,Instagram+Installs,6746466099,Luma+iOS_syh_260422_AEO+%28120241407442320137%29,40,261.6200000000002,215.7200000000001,38
2026-05-19,Instagram+Installs,6746466099,Luma+iOS_wvv_260516_AEO+%286922021465315%29,5,3.99,0,1
2026-05-19,Instagram+Installs,6746466099,Luma+ios_cy1_0419_aeo+%28120243309592160256%29,9,76.92,66.93,8
2026-05-19,Instagram+Installs,6746466099,Luma+ios_wvv_20260421_AEO_1+%286903634491915%29,7,13.98,13.98,2
2026-05-19,Instagram+Installs,6746466099,Luma+ios_wvv_20260429_AEO_1+%286908533021715%29,5,0,0,0
2026-05-19,Instagram+Installs,6746466099,Luma+ios_wvv_260515_AEO+%286919840060715%29,6,132.80999999999997,46.95,19
2026-05-19,Instagram+Installs,6746466099,Luma+ios_wvv_260516_vo_1+%286921126794915%29,9,47.96,3.99,4
2026-05-19,Instagram+Installs,6746466099,Luma+ios_zjc_20260502_AEO_1+%28120244337810030256%29,50,630.7400000000001,402.7900000000001,26
2026-05-19,Instagram+Installs,6746466099,Luma+ios_zjc_20260502_VO_ABO+%28120244401001560256%29,23,220.73000000000013,208.7600000000001,27
2026-05-19,Instagram+Installs,6746466099,Luma+ios_zjc_20260517_VO_ABO+%28120245414334190256%29,1,29.99,0,1
2026-05-19,Instagram+Installs,6746466099,Luma_ios_zmf_abo_0331_1+%286993503324612%29,1,0,0,0
2026-05-19,Instagram+Installs,6746466099,Luma_ios_zmf_abo_1220_2+%286945556930012%29,11,7.98,7.98,2
2026-05-19,Instagram+Installs,6746782904,0416-22-Romi-ios-VO-cbo-zm1+%286928215078844%29,11,200.79,85.89999999999999,21
2026-05-19,Instagram+Installs,6746782904,0425-Romi-ios-VO-cbo-zm1+%286929615678044%29,12,18.98,18.98,2
2026-05-19,Instagram+Installs,6746782904,3.14+AEOc+cbo+cyl+%28120241002174210475%29,106,524.1600000000005,274.54000000000025,84
2026-05-19,Instagram+Installs,6746782904,4.18+VOc+cyl+%28120242759838130475%29,21,1448.0100000000023,279.68,299
2026-05-19,Instagram+Installs,6746782904,5.13+VOc+cyl+%28120244392044050475%29,25,247.58000000000013,193.66000000000005,42
2026-05-19,Instagram+Installs,6746782904,Romi+iOS_syh_260416_AEO+%28120242387409150055%29,13,3.99,0,1
2026-05-19,Instagram+Installs,6746782904,Romi+iOS_syh_260416_VO+%28120242388498510055%29,18,288.76000000000005,202.84999999999997,24
2026-05-19,Instagram+Installs,6746782904,Romi_ios_zmf_vo_abo_0411_1+%28120249834385690151%29,3,0,0,0
2026-05-19,Instagram+Installs,6746782904,Romi_ios_zmf_vo_cbo_0325_1+%28120243690432680228%29,2,15.96,15.96,4
2026-05-19,Luma+ios+FB+W2A,6746466099,0422-liuh-Luma+ios-%2F%2Faeo,23,281.50000000000017,130.72999999999996,50
2026-05-19,Off-Facebook+Installs,6746466099,0219_Luma_iOS_AEO_MCY+%286866373524315%29,2,7.98,7.98,2
2026-05-19,Off-Facebook+Installs,6746466099,0408_Luma_iOS_AEO_MCY+%286894809601315%29,3,7.98,3.99,2
2026-05-19,Off-Facebook+Installs,6746466099,Luma+ios_wvv_20260429_AEO_1+%286908533021715%29,3,299.86000000000007,69.99,14
2026-05-19,Off-Facebook+Installs,6746466099,Luma+ios_wvv_260515_AEO+%286919840060715%29,1,0,0,0
2026-05-19,Off-Facebook+Installs,6746466099,Luma+ios_zjc_20260502_AEO_1+%28120244337810030256%29,11,41.96,41.96,4
2026-05-19,Off-Facebook+Installs,6746782904,3.14+AEOc+cbo+cyl+%28120241002174210475%29,0,73.83000000000001,27.930000000000007,17
2026-05-19,Off-Facebook+Installs,6746782904,Romi+iOS_syh_260416_AEO+%28120242387409150055%29,3,7.98,7.98,2
2026-05-19,TikTok+SAN,6746466099,,33,307.7100000000001,125.87999999999998,29
2026-05-19,TikTok+SAN,6746466099,0509-lhtt-Luma+25-%2F%2Fs%2B%2B+cj+%281864613296193889%29,39,88.86000000000001,88.86000000000001,14
2026-05-19,TikTok+SAN,6746466099,0509-lhtt-Luma+25-%2F%2Fs%2B%2B+vo+%281864606132513969%29,24,939.2800000000004,174.79,72
2026-05-19,TikTok+SAN,6746466099,0509-lhtt-Luma+26-%2F%2Fs%2B%2B+cj+%281864605963826721%29,45,220.6000000000001,160.74999999999997,40
2026-05-19,TikTok+SAN,6746466099,Luma_ios_AEO_MCY_0127_s%2B_2+%281855466155544610%29,3,19.950000000000003,19.950000000000003,5
2026-05-19,TikTok+SAN,6746466099,Luma_ios_AEO_MCY_0228_s%2B_1+%281858365270760530%29,5,3.99,0,1
2026-05-19,TikTok+SAN,6746466099,Luma_ios_wcx_aeo_0120_smart_02+%281854728351163506%29,143,1156.1700000000014,748.9500000000008,183
2026-05-19,TikTok+SAN,6746466099,Luma_ios_wcx_aeo_1119_smart++%281849118725316657%29,223,1469.0500000000015,544.2200000000005,195
2026-05-19,TikTok+SAN,6746466099,Luma_ios_wcx_aeo_1225_smart++%281852385308106114%29,35,146.79999999999998,58.92000000000001,20
2026-05-19,TikTok+SAN,6746466099,Luma_ios_zmf_0408_smart_purchase_01+%281861791826664593%29,8,105.88000000000002,105.88000000000002,12
2026-05-19,TikTok+SAN,6746466099,Luma_ios_zmf_0512_smart_purchase_01+%281864874023282097%29,1,0,0,0
2026-05-19,TikTok+SAN,6746466099,Luma_ios_zmf_0512_smart_purchase_02+%281864874078014514%29,15,467.48000000000025,114.80999999999996,52
2026-05-20,Facebook+Installs,6746466099,0219_Luma_iOS_AEO_MCY+%286866373524315%29,22,503.54000000000036,145.92000000000002,46
2026-05-20,Facebook+Installs,6746466099,0407_Luma_iOS_AEO_MCY+%286894235051515%29,9,18.98,18.98,2
2026-05-20,Facebook+Installs,6746466099,0408_Luma_iOS_AEO_MCY+%286894809601315%29,11,0,0,0
2026-05-20,Facebook+Installs,6746466099,0417-2-Luma-ios-VO-cbo-zm1+%286939989053243%29,12,61.90000000000001,33.97,10
2026-05-20,Facebook+Installs,6746466099,0423-1-Luma-ios-VO-cbo-zm1+%286944142889643%29,36,140.86,53.97,14
2026-05-20,Facebook+Installs,6746466099,1230_Luma_iOS_AEO_MCY+%286848133765315%29,12,101.75999999999999,7.98,24
2026-05-20,Facebook+Installs,6746466099,Luma+iOS_syh_260422_AEO+%28120241407442320137%29,33,316.4400000000003,209.6500000000001,56
2026-05-20,Facebook+Installs,6746466099,Luma+iOS_wvv_260516_AEO+%286922021465315%29,9,0,0,0
2026-05-20,Facebook+Installs,6746466099,Luma+ios_wvv_20260421_AEO_1+%286903634491915%29,1,0,0,0
2026-05-20,Facebook+Installs,6746466099,Luma+ios_wvv_20260429_AEO_1+%286908533021715%29,42,237.61000000000018,233.62000000000018,39
2026-05-20,Facebook+Installs,6746466099,Luma+ios_wvv_260515_AEO+%286919840060715%29,4,31.950000000000003,0,5
2026-05-20,Facebook+Installs,6746466099,Luma+ios_wvv_260516_vo_1+%286921126794915%29,9,0,0,0
2026-05-20,Facebook+Installs,6746466099,Luma+ios_zjc_20260502_AEO_1+%28120244337810030256%29,61,844.1600000000005,330.6300000000001,84
2026-05-20,Facebook+Installs,6746466099,Luma+ios_zjc_20260502_VO_ABO+%28120244401001560256%29,18,832.3900000000003,152.86999999999998,61
2026-05-20,Facebook+Installs,6746466099,Luma_ios_zmf_abo_0331_1+%286993503324612%29,33,176.70999999999998,66.9,29
2026-05-20,Facebook+Installs,6746466099,Luma_ios_zmf_abo_1220_2+%286945556930012%29,20,41.96,37.97,4
2026-05-20,Facebook+Installs,6746782904,0416-22-Romi-ios-VO-cbo-zm1+%286928215078844%29,6,149.82000000000005,115.89000000000001,18
2026-05-20,Facebook+Installs,6746782904,0425-Romi-ios-VO-cbo-zm1+%286929615678044%29,8,28.97,28.97,3
2026-05-20,Facebook+Installs,6746782904,0513-Romi-ios-AEO-abo-zm1+%286941788247044%29,10,83.89000000000001,63.90000000000001,11
2026-05-20,Facebook+Installs,6746782904,0516-Romi-ios-VO-cbo-zm1+%286944095568244%29,6,73.97999999999999,3.99,2
2026-05-20,Facebook+Installs,6746782904,3.14+AEOc+cbo+cyl+%28120241002174210475%29,42,432.43000000000035,194.81000000000003,57
2026-05-20,Facebook+Installs,6746782904,4.18+VOc+cyl+%28120242759838130475%29,16,7.98,3.99,2
2026-05-20,Facebook+Installs,6746782904,5.13+VOc+cyl+%28120244392044050475%29,9,49.93000000000001,45.940000000000005,7
2026-05-20,Facebook+Installs,6746782904,Romi+iOS_syh_260416_AEO+%28120242387409150055%29,19,124.87,33.93000000000001,13
2026-05-20,Facebook+Installs,6746782904,Romi+iOS_syh_260416_VO+%28120242388498510055%29,32,140.90999999999997,140.90999999999997,9
2026-05-20,Facebook+Installs,6746782904,Romi+ios_wvv_260501_aeo_1+%28120243842848770517%29,71,787.1100000000007,438.6500000000002,89
2026-05-20,Facebook+Installs,6746782904,Romi+ios_wvv_260501_vo_1+%28120243842848770517%29,0,233.76000000000008,0,24
2026-05-20,Facebook+Installs,6746782904,Romi+ios_wvv_260514_vo_1+%28120244771825660517%29,5,0,0,0
2026-05-20,Facebook+Installs,6746782904,Romi+ios_wvv_260518_aeo_1+%28120245282422360517%29,5,429.7700000000001,29.979999999999997,23
2026-05-20,Facebook+Installs,6746782904,Romi_ios_zmf_purchase_abo_0320_1+%28120248735216530151%29,9,0,0,0
2026-05-20,Facebook+Installs,6746782904,Romi_ios_zmf_vo_cbo_0319_2+%28120243482931960228%29,5,209.96999999999997,0,3
2026-05-20,Facebook+Installs,6746782904,Romi_ios_zmf_vo_cbo_0325_1+%28120243690432680228%29,24,127.73999999999994,27.96,26
2026-05-20,Instagram+Installs,6746466099,0219_Luma_iOS_AEO_MCY+%286866373524315%29,18,19.950000000000003,19.950000000000003,5
2026-05-20,Instagram+Installs,6746466099,0407_Luma_iOS_AEO_MCY+%286894235051515%29,6,23.940000000000005,3.99,6
2026-05-20,Instagram+Installs,6746466099,0408_Luma_iOS_AEO_MCY+%286894809601315%29,23,204.85000000000002,150.89,15
2026-05-20,Instagram+Installs,6746466099,0417-2-Luma-ios-VO-cbo-zm1+%286939989053243%29,8,153.73,19.950000000000003,27
2026-05-20,Instagram+Installs,6746466099,0423-1-Luma-ios-VO-cbo-zm1+%286944142889643%29,23,312.4000000000003,130.80999999999995,60
2026-05-20,Instagram+Installs,6746466099,1230_Luma_iOS_AEO_MCY+%286848133765315%29,3,0,0,0
2026-05-20,Instagram+Installs,6746466099,Luma+iOS_syh_260422_AEO+%28120241407442320137%29,36,203.80000000000004,11.97,20
2026-05-20,Instagram+Installs,6746466099,Luma+iOS_wvv_260516_AEO+%286922021465315%29,3,59.91000000000001,27.96,9
2026-05-20,Instagram+Installs,6746466099,Luma+ios_cy1_0419_aeo+%28120243309592160256%29,14,19.950000000000003,3.99,5
2026-05-20,Instagram+Installs,6746466099,Luma+ios_wvv_20260421_AEO_1+%286903634491915%29,1,0,0,0
2026-05-20,Instagram+Installs,6746466099,Luma+ios_wvv_20260429_AEO_1+%286908533021715%29,7,33.97,29.979999999999997,3
2026-05-20,Instagram+Installs,6746466099,Luma+ios_wvv_260515_AEO+%286919840060715%29,5,14.99,14.99,1
2026-05-20,Instagram+Installs,6746466099,Luma+ios_wvv_260516_vo_1+%286921126794915%29,5,47.88000000000002,31.92000000000001,12
2026-05-20,Instagram+Installs,6746466099,Luma+ios_zjc_20260502_AEO_1+%28120244337810030256%29,44,1310.9800000000007,221.78,102
2026-05-20,Instagram+Installs,6746466099,Luma+ios_zjc_20260502_VO_ABO+%28120244401001560256%29,48,325.6600000000001,115.82999999999997,34
2026-05-20,Instagram+Installs,6746466099,Luma_ios_zmf_abo_0331_1+%286993503324612%29,3,7.98,7.98,2
2026-05-20,Instagram+Installs,6746466099,Luma_ios_zmf_abo_1220_2+%286945556930012%29,41,97.77,87.78,23
2026-05-20,Instagram+Installs,6746782904,0416-22-Romi-ios-VO-cbo-zm1+%286928215078844%29,11,15.96,11.97,4
2026-05-20,Instagram+Installs,6746782904,0425-Romi-ios-VO-cbo-zm1+%286929615678044%29,5,31.92000000000001,23.940000000000005,8
2026-05-20,Instagram+Installs,6746782904,3.14+AEOc+cbo+cyl+%28120241002174210475%29,104,543.1400000000007,423.3400000000005,86
2026-05-20,Instagram+Installs,6746782904,4.18+VOc+cyl+%28120242759838130475%29,44,627.1000000000006,256.6000000000002,90
2026-05-20,Instagram+Installs,6746782904,5.13+VOc+cyl+%28120244392044050475%29,21,114.82999999999998,80.87,17
2026-05-20,Instagram+Installs,6746782904,Romi+iOS_syh_260416_AEO+%28120242387409150055%29,16,215.65000000000012,145.74000000000004,35
2026-05-20,Instagram+Installs,6746782904,Romi+iOS_syh_260416_VO+%28120242388498510055%29,34,232.64000000000013,128.79999999999998,36
2026-05-20,Instagram+Installs,6746782904,Romi_ios_zmf_purchase_abo_0320_1+%28120248735216530151%29,3,14.99,14.99,1
2026-05-20,Instagram+Installs,6746782904,Romi_ios_zmf_vo_cbo_0319_2+%28120243482931960228%29,3,19.950000000000003,11.97,5
2026-05-20,Instagram+Installs,6746782904,Romi_ios_zmf_vo_cbo_0325_1+%28120243690432680228%29,7,34.940000000000005,34.940000000000005,6
2026-05-20,Luma+ios+FB+W2A,6746466099,0422-liuh-Luma+ios-%2F%2Faeo,15,69.92,69.92,8
2026-05-20,Off-Facebook+Installs,6746466099,0408_Luma_iOS_AEO_MCY+%286894809601315%29,7,79.97,79.97,3
2026-05-20,Off-Facebook+Installs,6746466099,0423-1-Luma-ios-VO-cbo-zm1+%286944142889643%29,1,0,0,0
2026-05-20,Off-Facebook+Installs,6746466099,Luma+ios_wvv_20260429_AEO_1+%286908533021715%29,1,0,0,0
2026-05-20,Off-Facebook+Installs,6746466099,Luma+ios_zjc_20260502_AEO_1+%28120244337810030256%29,5,0,0,0
2026-05-20,Off-Facebook+Installs,6746782904,3.14+AEOc+cbo+cyl+%28120241002174210475%29,4,13.98,3.99,2
2026-05-20,Off-Facebook+Installs,6746782904,Romi+iOS_syh_260416_AEO+%28120242387409150055%29,8,131.89,121.89999999999999,11
2026-05-20,TikTok+SAN,6746466099,,36,467.47000000000037,247.7700000000001,53
2026-05-20,TikTok+SAN,6746466099,0509-lhtt-Luma+25-%2F%2Fs%2B%2B+cj+%281864613296193889%29,24,233.68000000000006,113.79999999999998,32
2026-05-20,TikTok+SAN,6746466099,0509-lhtt-Luma+25-%2F%2Fs%2B%2B+vo+%281864606132513969%29,2,18.98,18.98,2
2026-05-20,TikTok+SAN,6746466099,0509-lhtt-Luma+26-%2F%2Fs%2B%2B+cj+%281864605963826721%29,12,19.98,19.98,2
2026-05-20,TikTok+SAN,6746466099,Luma_ios_AEO_MCY_0127_s%2B_2+%281855466155544610%29,1,0,0,0
2026-05-20,TikTok+SAN,6746466099,Luma_ios_AEO_MCY_0228_s%2B_1+%281858365270760530%29,8,0,0,0
2026-05-20,TikTok+SAN,6746466099,Luma_ios_wcx_aeo_0120_smart_02+%281854728351163506%29,160,1477.3700000000013,664.0800000000007,163
2026-05-20,TikTok+SAN,6746466099,Luma_ios_wcx_aeo_1119_smart++%281849118725316657%29,339,2659.419999999985,1552.9400000000016,358
2026-05-20,TikTok+SAN,6746466099,Luma_ios_wcx_aeo_1225_smart++%281852385308106114%29,37,90.82999999999998,74.87,17
2026-05-20,TikTok+SAN,6746466099,Luma_ios_zmf_0408_smart_purchase_01+%281861791826664593%29,16,114.82,62.87000000000002,18
2026-05-20,TikTok+SAN,6746466099,Luma_ios_zmf_0512_smart_purchase_01+%281864874023282097%29,1,0,0,0
2026-05-20,TikTok+SAN,6746466099,Luma_ios_zmf_0512_smart_purchase_02+%281864874078014514%29,6,45.94,37.959999999999994,6
2026-05-21,Facebook+Installs,6746466099,0219_Luma_iOS_AEO_MCY+%286866373524315%29,18,165.87,43.97,13
2026-05-21,Facebook+Installs,6746466099,0407_Luma_iOS_AEO_MCY+%286894235051515%29,3,29.99,29.99,1
2026-05-21,Facebook+Installs,6746466099,0408_Luma_iOS_AEO_MCY+%286894809601315%29,20,31.92000000000001,11.97,8
2026-05-21,Facebook+Installs,6746466099,0417-2-Luma-ios-VO-cbo-zm1+%286939989053243%29,5,88.90999999999998,84.91999999999999,9
2026-05-21,Facebook+Installs,6746466099,0423-1-Luma-ios-VO-cbo-zm1+%286944142889643%29,19,173.71000000000004,83.89000000000001,29
2026-05-21,Facebook+Installs,6746466099,1230_Luma_iOS_AEO_MCY+%286848133765315%29,15,29.940000000000005,3.99,6
2026-05-21,Facebook+Installs,6746466099,Luma+iOS_cy1_260520_aeo+%28120245599901710256%29,11,19.950000000000003,15.96,5
2026-05-21,Facebook+Installs,6746466099,Luma+iOS_syh_260422_AEO+%28120241407442320137%29,45,339.65000000000015,228.73000000000008,35
2026-05-21,Facebook+Installs,6746466099,Luma+iOS_wvv_260516_AEO+%286922021465315%29,1,0,0,0
2026-05-21,Facebook+Installs,6746466099,Luma+ios_wvv_20260429_AEO_1+%286908533021715%29,36,195.80000000000004,127.85,20
2026-05-21,Facebook+Installs,6746466099,Luma+ios_wvv_260515_AEO+%286919840060715%29,6,28.97,28.97,3
2026-05-21,Facebook+Installs,6746466099,Luma+ios_zjc_20260502_AEO_1+%28120244337810030256%29,51,341.6900000000001,191.79000000000002,31
2026-05-21,Facebook+Installs,6746466099,Luma+ios_zjc_20260502_VO_ABO+%28120244401001560256%29,15,741.7900000000009,147.80999999999997,121
2026-05-21,Facebook+Installs,6746466099,Luma_ios_zmf_abo_0331_1+%286993503324612%29,27,135.80999999999995,99.89999999999998,19
2026-05-21,Facebook+Installs,6746466099,Luma_ios_zmf_abo_1220_2+%286945556930012%29,24,207.79000000000002,117.86999999999998,21
2026-05-21,Facebook+Installs,6746782904,0416-22-Romi-ios-VO-cbo-zm1+%286928215078844%29,5,3.99,3.99,1
2026-05-21,Facebook+Installs,6746782904,0513-Romi-ios-AEO-abo-zm1+%286941788247044%29,17,387.7200000000002,123.94,28
2026-05-21,Facebook+Installs,6746782904,0521-Romi-ios-AEO-abo-zm1+%286947979274444%29,32,871.1400000000006,111.81999999999998,86
2026-05-21,Facebook+Installs,6746782904,3.14+AEOc+cbo+cyl+%28120241002174210475%29,84,1705.570000000001,699.3500000000004,143
2026-05-21,Facebook+Installs,6746782904,4.18+VOc+cyl+%28120242759838130475%29,13,56.93000000000001,0,7
2026-05-21,Facebook+Installs,6746782904,5.13+VOc+cyl+%28120244392044050475%29,15,153.90000000000003,81.96,10
2026-05-21,Facebook+Installs,6746782904,Romi+iOS_syh_260416_AEO+%28120242387409150055%29,28,374.3800000000003,102.83999999999997,62
2026-05-21,Facebook+Installs,6746782904,Romi+iOS_syh_260416_VO+%28120242388498510055%29,18,79.92,35.95,8
2026-05-21,Facebook+Installs,6746782904,Romi+ios_wvv_260501_aeo_1+%28120243842848770517%29,36,272.5900000000001,84.90999999999998,41
2026-05-21,Facebook+Installs,6746782904,Romi+ios_wvv_260501_vo_1+%28120243842848770517%29,0,231.66000000000008,0,34
2026-05-21,Facebook+Installs,6746782904,Romi+ios_zjc_20260520_VO_ABO+%28120244694965560055%29,3,0,0,0
2026-05-21,Facebook+Installs,6746782904,Romi+ios_zjc_20260520_VO_ABO2+%28120244697036660055%29,2,29.97,29.97,3
2026-05-21,Facebook+Installs,6746782904,Romi_ios_zmf_purchase_abo_0320_1+%28120248735216530151%29,14,327.1800000000004,35.91000000000001,82
2026-05-21,Facebook+Installs,6746782904,Romi_ios_zmf_purchase_abo_0521_1+%28120252448482300151%29,7,0,0,0
2026-05-21,Facebook+Installs,6746782904,Romi_ios_zmf_vo_cbo_0319_2+%28120243482931960228%29,1,18.98,18.98,2
2026-05-21,Facebook+Installs,6746782904,Romi_ios_zmf_vo_cbo_0325_1+%28120243690432680228%29,15,271.64000000000016,158.79000000000002,36
2026-05-21,Instagram+Installs,6746466099,0219_Luma_iOS_AEO_MCY+%286866373524315%29,16,32.96,32.96,4
2026-05-21,Instagram+Installs,6746466099,0407_Luma_iOS_AEO_MCY+%286894235051515%29,6,70.92,70.92,8
2026-05-21,Instagram+Installs,6746466099,0408_Luma_iOS_AEO_MCY+%286894809601315%29,26,100.86999999999996,66.94,13
2026-05-21,Instagram+Installs,6746466099,0417-2-Luma-ios-VO-cbo-zm1+%286939989053243%29,6,62.96000000000001,0,4
2026-05-21,Instagram+Installs,6746466099,0423-1-Luma-ios-VO-cbo-zm1+%286944142889643%29,12,100.88999999999999,21.96,11
2026-05-21,Instagram+Installs,6746466099,1230_Luma_iOS_AEO_MCY+%286848133765315%29,2,7.98,3.99,2
2026-05-21,Instagram+Installs,6746466099,Luma+iOS_cy1_260520_aeo+%28120245599901710256%29,9,172.76000000000005,112.90999999999995,24
2026-05-21,Instagram+Installs,6746466099,Luma+iOS_syh_260422_AEO+%28120241407442320137%29,42,282.5000000000002,182.72000000000006,50
2026-05-21,Instagram+Installs,6746466099,Luma+ios_wvv_20260421_AEO_1+%286903634491915%29,1,11.97,11.97,3
2026-05-21,Instagram+Installs,6746466099,Luma+ios_wvv_20260429_AEO_1+%286908533021715%29,1,0,0,0
2026-05-21,Instagram+Installs,6746466099,Luma+ios_wvv_260515_AEO+%286919840060715%29,1,27.96,27.96,4
2026-05-21,Instagram+Installs,6746466099,Luma+ios_zjc_20260502_AEO_1+%28120244337810030256%29,74,595.9900000000006,372.3200000000003,101
2026-05-21,Instagram+Installs,6746466099,Luma+ios_zjc_20260502_VO_ABO+%28120244401001560256%29,32,316.54000000000013,204.70000000000002,46
2026-05-21,Instagram+Installs,6746466099,Luma_ios_zmf_abo_0331_1+%286993503324612%29,4,73.94,9.99,6
2026-05-21,Instagram+Installs,6746466099,Luma_ios_zmf_abo_1220_2+%286945556930012%29,28,127.87999999999998,93.89999999999999,12
2026-05-21,Instagram+Installs,6746782904,0416-22-Romi-ios-VO-cbo-zm1+%286928215078844%29,3,7.98,7.98,2
2026-05-21,Instagram+Installs,6746782904,0425-Romi-ios-VO-cbo-zm1+%286929615678044%29,2,27.96,27.96,4
2026-05-21,Instagram+Installs,6746782904,3.14+AEOc+cbo+cyl+%28120241002174210475%29,202,1773.3300000000022,1076.2100000000014,267
2026-05-21,Instagram+Installs,6746782904,4.18+VOc+cyl+%28120242759838130475%29,25,100.78999999999996,88.81999999999998,21
2026-05-21,Instagram+Installs,6746782904,5.13+VOc+cyl+%28120244392044050475%29,25,210.7800000000001,167.86,22
2026-05-21,Instagram+Installs,6746782904,Romi+iOS_syh_260416_AEO+%28120242387409150055%29,11,17.97,3.99,3
2026-05-21,Instagram+Installs,6746782904,Romi+iOS_syh_260416_VO+%28120242388498510055%29,18,49.92000000000001,25.950000000000003,8
2026-05-21,Instagram+Installs,6746782904,Romi+ios_zjc_20260520_VO_ABO+%28120244694965560055%29,21,170.72000000000003,110.83999999999997,28
2026-05-21,Instagram+Installs,6746782904,Romi+ios_zjc_20260520_VO_ABO2+%28120244697036660055%29,9,99.81999999999998,45.940000000000005,18
2026-05-21,Instagram+Installs,6746782904,Romi_ios_zmf_purchase_abo_0320_1+%28120248735216530151%29,2,86.92,82.93,8
2026-05-21,Instagram+Installs,6746782904,Romi_ios_zmf_purchase_abo_0521_1+%28120252448482300151%29,15,173.91,29.979999999999997,9
2026-05-21,Instagram+Installs,6746782904,Romi_ios_zmf_vo_cbo_0319_2+%28120243482931960228%29,5,11.97,11.97,3
2026-05-21,Instagram+Installs,6746782904,Romi_ios_zmf_vo_cbo_0325_1+%28120243690432680228%29,2,9.99,9.99,1
2026-05-21,Luma+ios+FB+W2A,6746466099,0422-liuh-Luma+ios-%2F%2Faeo,12,74.88,74.88,12
2026-05-21,Off-Facebook+Installs,6746466099,0408_Luma_iOS_AEO_MCY+%286894809601315%29,2,0,0,0
2026-05-21,Off-Facebook+Installs,6746466099,Luma+ios_zjc_20260502_AEO_1+%28120244337810030256%29,2,143.73,77.85000000000001,27
2026-05-21,Off-Facebook+Installs,6746782904,3.14+AEOc+cbo+cyl+%28120241002174210475%29,2,0,0,0
2026-05-21,Off-Facebook+Installs,6746782904,Romi+iOS_syh_260416_AEO+%28120242387409150055%29,13,309.87,33.98,13
2026-05-21,Off-Facebook+Installs,6746782904,Romi+iOS_syh_260416_VO+%28120242388498510055%29,2,129.95,129.95,5
2026-05-21,TikTok+SAN,6746466099,,43,780.0500000000008,318.6600000000002,95
2026-05-21,TikTok+SAN,6746466099,0509-lhtt-Luma+25-%2F%2Fs%2B%2B+cj+%281864613296193889%29,31,268.6500000000002,202.7700000000001,35
2026-05-21,TikTok+SAN,6746466099,0509-lhtt-Luma+25-%2F%2Fs%2B%2B+vo+%281864606132513969%29,2,0,0,0
2026-05-21,TikTok+SAN,6746466099,0509-lhtt-Luma+26-%2F%2Fs%2B%2B+cj+%281864605963826721%29,9,3.99,3.99,1
2026-05-21,TikTok+SAN,6746466099,Luma_ios_AEO_MCY_0127_s%2B_2+%281855466155544610%29,3,26.96,26.96,4
2026-05-21,TikTok+SAN,6746466099,Luma_ios_AEO_MCY_0228_s%2B_1+%281858365270760530%29,6,45.93000000000001,0,7
2026-05-21,TikTok+SAN,6746466099,Luma_ios_wcx_aeo_0120_smart_02+%281854728351163506%29,167,962.5500000000011,672.9500000000007,145
2026-05-21,TikTok+SAN,6746466099,Luma_ios_wcx_aeo_1119_smart++%281849118725316657%29,287,2305.5599999999913,1226.3100000000013,344
2026-05-21,TikTok+SAN,6746466099,Luma_ios_wcx_aeo_1225_smart++%281852385308106114%29,86,865.1000000000006,327.60000000000014,90
2026-05-21,TikTok+SAN,6746466099,Luma_ios_zmf_0408_smart_purchase_01+%281861791826664593%29,3,34.98,34.98,2
2026-05-21,TikTok+SAN,6746466099,Luma_ios_zmf_0512_smart_purchase_02+%281864874078014514%29,2,0,0,0
2026-05-22,Facebook+Installs,6746466099,0219_Luma_iOS_AEO_MCY+%286866373524315%29,24,95.86999999999999,53.93000000000001,13
2026-05-22,Facebook+Installs,6746466099,0407_Luma_iOS_AEO_MCY+%286894235051515%29,7,18.98,3.99,2
2026-05-22,Facebook+Installs,6746466099,0408_Luma_iOS_AEO_MCY+%286894809601315%29,16,77.9,42.96,10
2026-05-22,Facebook+Installs,6746466099,0417-2-Luma-ios-VO-cbo-zm1+%286939989053243%29,9,189.88000000000002,141.91,12
2026-05-22,Facebook+Installs,6746466099,0423-1-Luma-ios-VO-cbo-zm1+%286944142889643%29,40,458.46000000000026,144.75000000000003,54
2026-05-22,Facebook+Installs,6746466099,1230_Luma_iOS_AEO_MCY+%286848133765315%29,5,28.97,28.97,3
2026-05-22,Facebook+Installs,6746466099,Luma+iOS_cy1_260520_aeo+%28120245599901710256%29,4,0,0,0
2026-05-22,Facebook+Installs,6746466099,Luma+iOS_cy1_260521_aeo+%28120245700444740256%29,4,39.98,19.99,2
2026-05-22,Facebook+Installs,6746466099,Luma+iOS_syh_260422_AEO+%28120241407442320137%29,52,251.52000000000024,191.6700000000001,48
2026-05-22,Facebook+Installs,6746466099,Luma+ios_wvv_20260421_AEO_1+%286903634491915%29,1,0,0,0
2026-05-22,Facebook+Installs,6746466099,Luma+ios_wvv_20260429_AEO_1+%286908533021715%29,38,491.22000000000054,197.71000000000012,78
2026-05-22,Facebook+Installs,6746466099,Luma+ios_wvv_260515_AEO+%286919840060715%29,6,23.979999999999997,23.979999999999997,2
2026-05-22,Facebook+Installs,6746466099,Luma+ios_zjc_20260502_AEO_1+%28120244337810030256%29,40,204.66000000000005,149.73999999999998,34
2026-05-22,Facebook+Installs,6746466099,Luma+ios_zjc_20260502_VO_ABO+%28120244401001560256%29,19,211.65000000000012,161.76000000000002,35
2026-05-22,Facebook+Installs,6746466099,Luma_ios_zmf_abo_0331_1+%286993503324612%29,12,139.82,63.91000000000001,18
2026-05-22,Facebook+Installs,6746466099,Luma_ios_zmf_abo_1220_2+%286945556930012%29,28,360.4400000000003,71.9,56
2026-05-22,Facebook+Installs,6746782904,0416-22-Romi-ios-VO-cbo-zm1+%286928215078844%29,5,0,0,0
2026-05-22,Facebook+Installs,6746782904,0425-Romi-ios-VO-cbo-zm1+%286929615678044%29,3,18.98,18.98,2
2026-05-22,Facebook+Installs,6746782904,0513-Romi-ios-AEO-abo-zm1+%286941788247044%29,20,43.890000000000015,0,11
2026-05-22,Facebook+Installs,6746782904,0521-Romi-ios-AEO-abo-zm1+%286947979274444%29,3,117.95999999999998,69.99,4
2026-05-22,Facebook+Installs,6746782904,3.14+AEOc+cbo+cyl+%28120241002174210475%29,101,519.2400000000005,296.64000000000016,76
2026-05-22,Facebook+Installs,6746782904,4.18+VOc+cyl+%28120242759838130475%29,14,27.930000000000007,27.930000000000007,7
2026-05-22,Facebook+Installs,6746782904,5.13+VOc+cyl+%28120244392044050475%29,31,688.7800000000001,564.8100000000001,22
2026-05-22,Facebook+Installs,6746782904,Romi+iOS_syh_260416_AEO+%28120242387409150055%29,28,138.70999999999998,63.87000000000002,29
2026-05-22,Facebook+Installs,6746782904,Romi+iOS_syh_260416_VO+%28120242388498510055%29,34,956.6800000000011,319.83000000000004,132
2026-05-22,Facebook+Installs,6746782904,Romi+ios_wvv_260501_aeo_1+%28120243842848770517%29,39,149.82999999999998,90.92,17
2026-05-22,Facebook+Installs,6746782904,Romi+ios_wvv_260501_vo_1+%28120243842848770517%29,0,191.70000000000005,0,30
2026-05-22,Facebook+Installs,6746782904,Romi+ios_zjc_20260520_VO_ABO+%28120244694965560055%29,3,0,0,0
2026-05-22,Facebook+Installs,6746782904,Romi_ios_zmf_purchase_abo_0320_1+%28120248735216530151%29,8,0,0,0
2026-05-22,Facebook+Installs,6746782904,Romi_ios_zmf_purchase_abo_0521_1+%28120252448482300151%29,5,0,0,0
2026-05-22,Facebook+Installs,6746782904,Romi_ios_zmf_vo_cbo_0319_2+%28120243482931960228%29,13,236.64000000000007,122.79999999999994,36
2026-05-22,Facebook+Installs,6746782904,Romi_ios_zmf_vo_cbo_0325_1+%28120243690432680228%29,15,147.8,81.87,20
2026-05-22,Instagram+Installs,6746466099,0219_Luma_iOS_AEO_MCY+%286866373524315%29,20,235.61000000000013,87.88999999999997,39
2026-05-22,Instagram+Installs,6746466099,0407_Luma_iOS_AEO_MCY+%286894235051515%29,3,0,0,0
2026-05-22,Instagram+Installs,6746466099,0408_Luma_iOS_AEO_MCY+%286894809601315%29,19,95.85,31.950000000000003,15
2026-05-22,Instagram+Installs,6746466099,0417-2-Luma-ios-VO-cbo-zm1+%286939989053243%29,7,58.96,58.96,4
2026-05-22,Instagram+Installs,6746466099,0423-1-Luma-ios-VO-cbo-zm1+%286944142889643%29,24,29.99,0,1
2026-05-22,Instagram+Installs,6746466099,1230_Luma_iOS_AEO_MCY+%286848133765315%29,2,13.98,13.98,2
2026-05-22,Instagram+Installs,6746466099,Luma+iOS_cy1_260520_aeo+%28120245599901710256%29,8,3.99,3.99,1
2026-05-22,Instagram+Installs,6746466099,Luma+iOS_cy1_260521_aeo+%28120245700444740256%29,10,143.89,143.89,11
2026-05-22,Instagram+Installs,6746466099,Luma+iOS_syh_260422_AEO+%28120241407442320137%29,42,65.85000000000002,37.92000000000001,15
2026-05-22,Instagram+Installs,6746466099,Luma+ios_wvv_20260421_AEO_1+%286903634491915%29,7,3.99,3.99,1
2026-05-22,Instagram+Installs,6746466099,Luma+ios_wvv_20260429_AEO_1+%286908533021715%29,7,19.950000000000003,0,5
2026-05-22,Instagram+Installs,6746466099,Luma+ios_wvv_260515_AEO+%286919840060715%29,5,3.99,3.99,1
2026-05-22,Instagram+Installs,6746466099,Luma+ios_zjc_20260502_AEO_1+%28120244337810030256%29,62,215.64000000000007,156.72,36
2026-05-22,Instagram+Installs,6746466099,Luma+ios_zjc_20260502_VO_ABO+%28120244401001560256%29,60,875.9800000000007,400.3800000000004,102
2026-05-22,Instagram+Installs,6746466099,Luma_ios_zmf_abo_1220_2+%286945556930012%29,30,85.87999999999997,73.90999999999998,12
2026-05-22,Instagram+Installs,6746782904,0416-22-Romi-ios-VO-cbo-zm1+%286928215078844%29,10,646.5900000000003,220.89000000000007,41
2026-05-22,Instagram+Installs,6746782904,0425-Romi-ios-VO-cbo-zm1+%286929615678044%29,15,33.93000000000001,13.98,7
2026-05-22,Instagram+Installs,6746782904,3.14+AEOc+cbo+cyl+%28120241002174210475%29,175,1818.6900000000016,929.7200000000008,231
2026-05-22,Instagram+Installs,6746782904,4.18+VOc+cyl+%28120242759838130475%29,35,413.4900000000002,331.5900000000001,51
2026-05-22,Instagram+Installs,6746782904,5.13+VOc+cyl+%28120244392044050475%29,39,377.59000000000026,319.6800000000002,41
2026-05-22,Instagram+Installs,6746782904,Romi+iOS_syh_260416_AEO+%28120242387409150055%29,24,186.70000000000007,170.74000000000004,30
2026-05-22,Instagram+Installs,6746782904,Romi+iOS_syh_260416_VO+%28120242388498510055%29,13,488.1000000000007,152.85000000000002,90
2026-05-22,Instagram+Installs,6746782904,Romi+ios_zjc_20260520_VO_ABO+%28120244694965560055%29,9,18.98,18.98,2
2026-05-22,Instagram+Installs,6746782904,Romi+ios_zjc_20260520_VO_ABO2+%28120244697036660055%29,6,99.99,99.99,1
2026-05-22,Instagram+Installs,6746782904,Romi_ios_zmf_purchase_abo_0320_1+%28120248735216530151%29,8,31.950000000000003,19.98,5
2026-05-22,Instagram+Installs,6746782904,Romi_ios_zmf_purchase_abo_0521_1+%28120252448482300151%29,11,93.96999999999998,93.96999999999998,3
2026-05-22,Instagram+Installs,6746782904,Romi_ios_zmf_vo_cbo_0319_2+%28120243482931960228%29,4,0,0,0
2026-05-22,Instagram+Installs,6746782904,Romi_ios_zmf_vo_cbo_0325_1+%28120243690432680228%29,5,89.98,89.98,2
2026-05-22,Luma+ios+FB+W2A,6746466099,0422-liuh-Luma+ios-%2F%2Faeo,16,101.86999999999998,101.86999999999998,13
2026-05-22,Off-Facebook+Installs,6746466099,0408_Luma_iOS_AEO_MCY+%286894809601315%29,2,147.70999999999995,47.959999999999994,29
2026-05-22,Off-Facebook+Installs,6746466099,Luma+ios_zjc_20260502_AEO_1+%28120244337810030256%29,2,0,0,0
2026-05-22,Off-Facebook+Installs,6746782904,Romi+iOS_syh_260416_AEO+%28120242387409150055%29,4,0,0,0
2026-05-22,Off-Facebook+Installs,6746782904,Romi+ios_zjc_20260520_VO_ABO2+%28120244697036660055%29,1,0,0,0
2026-05-22,TikTok+SAN,6746466099,,52,915.2500000000005,259.67000000000013,75
2026-05-22,TikTok+SAN,6746466099,0509-lhtt-Luma+25-%2F%2Fs%2B%2B+cj+%281864613296193889%29,28,124.75999999999993,90.82999999999998,24
2026-05-22,TikTok+SAN,6746466099,0509-lhtt-Luma+25-%2F%2Fs%2B%2B+vo+%281864606132513969%29,9,75.88,71.89,12
2026-05-22,TikTok+SAN,6746466099,0509-lhtt-Luma+26-%2F%2Fs%2B%2B+cj+%281864605963826721%29,7,43.93000000000001,15.96,7
2026-05-22,TikTok+SAN,6746466099,Luma_ios_AEO_MCY_0127_s%2B_2+%281855466155544610%29,5,0,0,0
2026-05-22,TikTok+SAN,6746466099,Luma_ios_AEO_MCY_0228_s%2B_1+%281858365270760530%29,8,11.97,11.97,3
2026-05-22,TikTok+SAN,6746466099,Luma_ios_wcx_aeo_0120_smart_02+%281854728351163506%29,183,791.6600000000009,656.9000000000007,134
2026-05-22,TikTok+SAN,6746466099,Luma_ios_wcx_aeo_1119_smart++%281849118725316657%29,225,2112.490000000001,1171.4500000000012,251
2026-05-22,TikTok+SAN,6746466099,Luma_ios_wcx_aeo_1225_smart++%281852385308106114%29,88,591.0100000000006,257.5600000000001,99
2026-05-22,TikTok+SAN,6746466099,Luma_ios_zmf_0408_smart_purchase_01+%281861791826664593%29,18,128.82999999999998,102.88,17
2026-05-22,TikTok+SAN,6746466099,Luma_ios_zmf_0522_smart_purchase_01+%281865790292845713%29,4,7.98,7.98,2
2026-05-23,Facebook+Installs,6746466099,0219_Luma_iOS_AEO_MCY+%286866373524315%29,16,105.81999999999998,89.86,18
2026-05-23,Facebook+Installs,6746466099,0407_Luma_iOS_AEO_MCY+%286894235051515%29,3,241.89,141.9,11
2026-05-23,Facebook+Installs,6746466099,0408_Luma_iOS_AEO_MCY+%286894809601315%29,1,0,0,0
2026-05-23,Facebook+Installs,6746466099,0417-2-Luma-ios-VO-cbo-zm1+%286939989053243%29,2,0,0,0
2026-05-23,Facebook+Installs,6746466099,0423-1-Luma-ios-VO-cbo-zm1+%286944142889643%29,43,750.3400000000005,342.7500000000001,66
2026-05-23,Facebook+Installs,6746466099,1230_Luma_iOS_AEO_MCY+%286848133765315%29,10,151.87,141.88,13
2026-05-23,Facebook+Installs,6746466099,Luma+iOS_cy1_260520_aeo+%28120245599901710256%29,6,198.90000000000003,0,10
2026-05-23,Facebook+Installs,6746466099,Luma+iOS_cy1_260521_aeo+%28120245700444740256%29,5,0,0,0
2026-05-23,Facebook+Installs,6746466099,Luma+iOS_syh_260422_AEO+%28120241407442320137%29,38,592.4600000000004,177.83000000000007,54
2026-05-23,Facebook+Installs,6746466099,Luma+ios_wvv_20260421_AEO_1+%286903634491915%29,1,0,0,0
2026-05-23,Facebook+Installs,6746466099,Luma+ios_wvv_20260429_AEO_1+%286908533021715%29,41,294.55000000000007,98.80999999999997,45
2026-05-23,Facebook+Installs,6746466099,Luma+ios_wvv_260515_AEO+%286919840060715%29,6,0,0,0
2026-05-23,Facebook+Installs,6746466099,Luma+ios_zjc_20260502_AEO_1+%28120244337810030256%29,69,508.3600000000004,326.53000000000026,64
2026-05-23,Facebook+Installs,6746466099,Luma+ios_zjc_20260502_VO_ABO+%28120244401001560256%29,35,187.75000000000003,125.85999999999994,25
2026-05-23,Facebook+Installs,6746466099,Luma_ios_zmf_abo_0331_1+%286993503324612%29,14,41.91000000000001,41.91000000000001,9
2026-05-23,Facebook+Installs,6746466099,Luma_ios_zmf_abo_1220_2+%286945556930012%29,17,85.93,55.940000000000005,7
2026-05-23,Facebook+Installs,6746782904,%EF%BC%88%E5%85%AC%E4%B8%BB%E5%8F%AF%E4%BB%A5%E5%85%B3%EF%BC%890523-Romi-ios-AEO-abo-zm1+%286949656440244%29,1,3.99,0,1
2026-05-23,Facebook+Installs,6746782904,0425-Romi-ios-VO-cbo-zm1+%286929615678044%29,2,3.99,0,1
2026-05-23,Facebook+Installs,6746782904,0513-Romi-ios-AEO-abo-zm1+%286941788247044%29,37,248.5900000000002,208.6900000000001,41
2026-05-23,Facebook+Installs,6746782904,0521-Romi-ios-AEO-abo-zm1+%286947979274444%29,2,0,0,0
2026-05-23,Facebook+Installs,6746782904,0523-Romi-ios-AEO-abo-zm1+%286949656440244%29,49,173.69,173.69,31
2026-05-23,Facebook+Installs,6746782904,3.14+AEOc+cbo+cyl+%28120241002174210475%29,107,679.9300000000007,453.33000000000044,107
2026-05-23,Facebook+Installs,6746782904,4.18+VOc+cyl+%28120242759838130475%29,37,581.4400000000004,293.7300000000002,56
2026-05-23,Facebook+Installs,6746782904,5.13+VOc+cyl+%28120244392044050475%29,34,377.62000000000023,205.80000000000007,38
2026-05-23,Facebook+Installs,6746782904,Romi+iOS_ZJC_2600522_VO+%28120244855947250055%29,14,1130.3900000000003,196.87000000000006,61
2026-05-23,Facebook+Installs,6746782904,Romi+iOS_syh_260416_AEO+%28120242387409150055%29,30,87.84999999999998,75.88,15
2026-05-23,Facebook+Installs,6746782904,Romi+iOS_syh_260416_VO+%28120242388498510055%29,33,138.86,58.88000000000002,14
2026-05-23,Facebook+Installs,6746782904,Romi+ios_wvv_0523_vo+%28120245553663320517%29,6,15.96,7.98,4
2026-05-23,Facebook+Installs,6746782904,Romi+ios_wvv_260501_aeo_1+%28120243842848770517%29,31,222.74000000000007,154.83999999999997,26
2026-05-23,Facebook+Installs,6746782904,Romi_ios_zmf_purchase_abo_0320_1+%28120248735216530151%29,6,95.75999999999999,3.99,24
2026-05-23,Facebook+Installs,6746782904,Romi_ios_zmf_purchase_abo_0521_1+%28120252448482300151%29,1,213.89000000000004,173.92000000000002,11
2026-05-23,Facebook+Installs,6746782904,Romi_ios_zmf_vo_cbo_0319_2+%28120243482931960228%29,11,23.940000000000005,15.96,6
2026-05-23,Facebook+Installs,6746782904,Romi_ios_zmf_vo_cbo_0325_1+%28120243690432680228%29,17,106.81999999999998,106.81999999999998,18
2026-05-23,Instagram+Installs,6746466099,0219_Luma_iOS_AEO_MCY+%286866373524315%29,16,51.95,51.95,5
2026-05-23,Instagram+Installs,6746466099,0407_Luma_iOS_AEO_MCY+%286894235051515%29,5,103.84999999999997,55.940000000000005,15
2026-05-23,Instagram+Installs,6746466099,0408_Luma_iOS_AEO_MCY+%286894809601315%29,13,295.44000000000034,25.950000000000003,56
2026-05-23,Instagram+Installs,6746466099,0417-2-Luma-ios-VO-cbo-zm1+%286939989053243%29,9,529.83,219.91000000000003,17
2026-05-23,Instagram+Installs,6746466099,0423-1-Luma-ios-VO-cbo-zm1+%286944142889643%29,12,255.73000000000013,86.94,27
2026-05-23,Instagram+Installs,6746466099,1230_Luma_iOS_AEO_MCY+%286848133765315%29,3,0,0,0
2026-05-23,Instagram+Installs,6746466099,Luma+iOS_cy1_260520_aeo+%28120245599901710256%29,12,37.95,33.96,5
2026-05-23,Instagram+Installs,6746466099,Luma+iOS_cy1_260521_aeo+%28120245700444740256%29,13,54.93000000000001,54.93000000000001,7
2026-05-23,Instagram+Installs,6746466099,Luma+iOS_syh_260422_AEO+%28120241407442320137%29,58,211.57000000000008,122.74999999999994,43
2026-05-23,Instagram+Installs,6746466099,Luma+ios_wvv_20260421_AEO_1+%286903634491915%29,11,21.96,21.96,4
2026-05-23,Instagram+Installs,6746466099,Luma+ios_wvv_20260429_AEO_1+%286908533021715%29,6,3.99,3.99,1
2026-05-23,Instagram+Installs,6746466099,Luma+ios_wvv_260515_AEO+%286919840060715%29,18,15.96,7.98,4
2026-05-23,Instagram+Installs,6746466099,Luma+ios_zjc_20260502_AEO_1+%28120244337810030256%29,87,562.1800000000004,415.41000000000025,82
2026-05-23,Instagram+Installs,6746466099,Luma+ios_zjc_20260502_VO_ABO+%28120244401001560256%29,66,594.0300000000005,332.3800000000003,97
2026-05-23,Instagram+Installs,6746466099,Luma_ios_zmf_abo_0331_1+%286993503324612%29,3,7.98,0,2
2026-05-23,Instagram+Installs,6746466099,Luma_ios_zmf_abo_1220_2+%286945556930012%29,20,164.83000000000004,138.88,17
2026-05-23,Instagram+Installs,6746782904,0416-22-Romi-ios-VO-cbo-zm1+%286928215078844%29,4,0,0,0
2026-05-23,Instagram+Installs,6746782904,0425-Romi-ios-VO-cbo-zm1+%286929615678044%29,8,38.93000000000001,18.98,7
2026-05-23,Instagram+Installs,6746782904,3.14+AEOc+cbo+cyl+%28120241002174210475%29,211,1324.270000000002,696.540000000001,273
2026-05-23,Instagram+Installs,6746782904,4.18+VOc+cyl+%28120242759838130475%29,37,346.59000000000026,282.7500000000001,41
2026-05-23,Instagram+Installs,6746782904,5.13+VOc+cyl+%28120244392044050475%29,55,873.0300000000008,563.4800000000004,97
2026-05-23,Instagram+Installs,6746782904,Romi+iOS_ZJC_2600522_VO+%28120244855947250055%29,11,147.85,48.95,15
2026-05-23,Instagram+Installs,6746782904,Romi+iOS_syh_260416_AEO+%28120242387409150055%29,23,142.85999999999996,107.87999999999997,14
2026-05-23,Instagram+Installs,6746782904,Romi+iOS_syh_260416_VO+%28120242388498510055%29,16,312.4800000000002,239.59000000000012,52
2026-05-23,Instagram+Installs,6746782904,Romi_ios_zmf_purchase_abo_0320_1+%28120248735216530151%29,4,30.950000000000003,7.98,5
2026-05-23,Instagram+Installs,6746782904,Romi_ios_zmf_purchase_abo_0521_1+%28120252448482300151%29,6,7.98,7.98,2
2026-05-23,Instagram+Installs,6746782904,Romi_ios_zmf_vo_cbo_0319_2+%28120243482931960228%29,3,0,0,0
2026-05-23,Instagram+Installs,6746782904,Romi_ios_zmf_vo_cbo_0325_1+%28120243690432680228%29,2,97.92999999999999,59.980000000000004,7
2026-05-23,Luma+ios+FB+W2A,6746466099,0422-liuh-Luma+ios-%2F%2Faeo,11,87.85999999999999,71.9,14
2026-05-23,Off-Facebook+Installs,6746782904,Romi+iOS_syh_260416_AEO+%28120242387409150055%29,4,46.91000000000001,42.92000000000001,9
2026-05-23,TikTok+SAN,6746466099,,68,702.4500000000004,317.70000000000016,55
2026-05-23,TikTok+SAN,6746466099,0509-lhtt-Luma+25-%2F%2Fs%2B%2B+cj+%281864613296193889%29,16,13.98,9.99,2
2026-05-23,TikTok+SAN,6746466099,0509-lhtt-Luma+25-%2F%2Fs%2B%2B+vo+%281864606132513969%29,35,538.5700000000003,408.6700000000002,43
2026-05-23,TikTok+SAN,6746466099,0509-lhtt-Luma+25-%2F%2Fs%2B%2B+vo_1+%281865874720870849%29,8,440.36000000000047,252.76000000000013,64
2026-05-23,TikTok+SAN,6746466099,0509-lhtt-Luma+26-%2F%2Fs%2B%2B+cj+%281864605963826721%29,5,62.94,38.96,6
2026-05-23,TikTok+SAN,6746466099,Luma_ios_AEO_MCY_0127_s%2B_2+%281855466155544610%29,4,0,0,0
2026-05-23,TikTok+SAN,6746466099,Luma_ios_AEO_MCY_0228_s%2B_1+%281858365270760530%29,9,160.73000000000005,94.85,27
2026-05-23,TikTok+SAN,6746466099,Luma_ios_wcx_aeo_0120_smart_02+%281854728351163506%29,172,765.9700000000007,532.2800000000004,103
2026-05-23,TikTok+SAN,6746466099,Luma_ios_wcx_aeo_1119_smart++%281849118725316657%29,265,1330.0000000000016,766.9300000000007,200
2026-05-23,TikTok+SAN,6746466099,Luma_ios_wcx_aeo_1225_smart++%281852385308106114%29,60,97.86000000000001,39.90000000000001,14
2026-05-23,TikTok+SAN,6746466099,Luma_ios_zmf_0408_smart_purchase_01+%281861791826664593%29,14,19.950000000000003,19.950000000000003,5
2026-05-23,TikTok+SAN,6746466099,Luma_ios_zmf_0522_smart_purchase_01+%281865790292845713%29,2,3.99,3.99,1
2026-05-24,Facebook+Installs,6746466099,0219_Luma_iOS_AEO_MCY+%286866373524315%29,16,73.9,73.9,10
2026-05-24,Facebook+Installs,6746466099,0407_Luma_iOS_AEO_MCY+%286894235051515%29,10,54.890000000000015,54.890000000000015,11
2026-05-24,Facebook+Installs,6746466099,0408_Luma_iOS_AEO_MCY+%286894809601315%29,19,81.85000000000001,77.86000000000001,15
2026-05-24,Facebook+Installs,6746466099,0417-2-Luma-ios-VO-cbo-zm1+%286939989053243%29,11,3.99,3.99,1
2026-05-24,Facebook+Installs,6746466099,0423-1-Luma-ios-VO-cbo-zm1+%286944142889643%29,95,435.53000000000026,311.64000000000016,47
2026-05-24,Facebook+Installs,6746466099,1230_Luma_iOS_AEO_MCY+%286848133765315%29,18,256.76000000000005,62.93000000000001,24
2026-05-24,Facebook+Installs,6746466099,Luma+iOS_cy1_260520_aeo+%28120245599901710256%29,5,0,0,0
2026-05-24,Facebook+Installs,6746466099,Luma+iOS_cy1_260521_aeo+%28120245700444740256%29,7,81.81,31.92000000000001,19
2026-05-24,Facebook+Installs,6746466099,Luma+iOS_syh_260422_AEO+%28120241407442320137%29,60,295.67000000000013,116.84999999999998,33
2026-05-24,Facebook+Installs,6746466099,Luma+ios_wvv_20260421_AEO_1+%286903634491915%29,2,0,0,0
2026-05-24,Facebook+Installs,6746466099,Luma+ios_wvv_20260429_AEO_1+%286908533021715%29,36,239.70000000000013,184.78000000000006,30
2026-05-24,Facebook+Installs,6746466099,Luma+ios_wvv_20260524_AEO_1+%286926931692515%29,4,0,0,0
2026-05-24,Facebook+Installs,6746466099,Luma+ios_wvv_260515_AEO+%286919840060715%29,3,41.95,3.99,5
2026-05-24,Facebook+Installs,6746466099,Luma+ios_zjc_20260502_AEO_1+%28120244337810030256%29,75,1675.430000000001,262.5500000000001,157
2026-05-24,Facebook+Installs,6746466099,Luma+ios_zjc_20260502_VO_ABO+%28120244401001560256%29,28,29.940000000000005,15.96,6
2026-05-24,Facebook+Installs,6746466099,Luma_ios_zmf_abo_0331_1+%286993503324612%29,18,237.61000000000016,139.78,39
2026-05-24,Facebook+Installs,6746466099,Luma_ios_zmf_abo_1220_2+%286945556930012%29,29,115.81999999999998,107.83999999999999,18
2026-05-24,Facebook+Installs,6746782904,%EF%BC%88%E5%85%AC%E4%B8%BB%E5%8F%AF%E4%BB%A5%E5%85%B3%EF%BC%890523-Romi-ios-AEO-abo-zm1+%286949656440244%29,1,55.92000000000001,0,8
2026-05-24,Facebook+Installs,6746782904,0416-22-Romi-ios-VO-cbo-zm1+%286928215078844%29,13,149.73000000000002,51.90000000000001,27
2026-05-24,Facebook+Installs,6746782904,0425-Romi-ios-VO-cbo-zm1+%286929615678044%29,3,177.89000000000004,109.96000000000001,11
2026-05-24,Facebook+Installs,6746782904,0513-Romi-ios-AEO-abo-zm1+%286941788247044%29,41,307.6200000000002,161.78000000000003,38
2026-05-24,Facebook+Installs,6746782904,0523-Romi-ios-AEO-abo-zm1%EF%BC%88%E8%A7%82%E5%AF%9F%EF%BC%89+%286949656440244%29,0,3.99,0,1
2026-05-24,Facebook+Installs,6746782904,0523-Romi-ios-AEO-abo-zm1+%286949656440244%29,55,205.75000000000006,105.87999999999998,25
2026-05-24,Facebook+Installs,6746782904,3.14+AEOc+cbo+cyl+%28120241002174210475%29,47,119.82999999999996,105.84999999999997,17
2026-05-24,Facebook+Installs,6746782904,4.18+VOc+cyl+%28120242759838130475%29,25,487.92000000000075,164.70000000000005,108
2026-05-24,Facebook+Installs,6746782904,5.13+VOc+cyl+%28120244392044050475%29,36,1098.9500000000007,133.81999999999996,105
2026-05-24,Facebook+Installs,6746782904,Romi+iOS_ZJC_2600522_VO+%28120244855947250055%29,26,186.79000000000008,140.89,21
2026-05-24,Facebook+Installs,6746782904,Romi+iOS_syh_260416_AEO+%28120242387409150055%29,40,242.66000000000014,198.68000000000012,34
2026-05-24,Facebook+Installs,6746782904,Romi+iOS_syh_260416_VO+%28120242388498510055%29,49,1646.2300000000014,613.3400000000004,177
2026-05-24,Facebook+Installs,6746782904,Romi+ios_wvv_260501_aeo_1+%28120243842848770517%29,41,751.2700000000004,487.66000000000014,73
2026-05-24,Facebook+Installs,6746782904,Romi+ios_wvv_260501_vo_1+%28120243842848770517%29,0,717.5800000000003,0,42
2026-05-24,Facebook+Installs,6746782904,Romi+ios_wvv_260524_VO_cc+%28120245642417830517%29,14,107.8,77.82000000000001,20
2026-05-24,Facebook+Installs,6746782904,Romi+ios_zjc_20260520_VO_ABO+%28120244694965560055%29,11,206.78000000000006,198.80000000000004,22
2026-05-24,Facebook+Installs,6746782904,Romi_ios_zmf_purchase_abo_0320_1+%28120248735216530151%29,4,37.959999999999994,9.99,4
2026-05-24,Facebook+Installs,6746782904,Romi_ios_zmf_purchase_abo_0521_1+%28120252448482300151%29,3,0,0,0
2026-05-24,Facebook+Installs,6746782904,Romi_ios_zmf_vo_cbo_0319_2+%28120243482931960228%29,17,234.66000000000008,108.79999999999997,34
2026-05-24,Facebook+Installs,6746782904,Romi_ios_zmf_vo_cbo_0325_1+%28120243690432680228%29,18,297.67000000000013,257.77000000000004,33
2026-05-24,Instagram+Installs,6746466099,0219_Luma_iOS_AEO_MCY+%286866373524315%29,15,161.82000000000002,96.86,18
2026-05-24,Instagram+Installs,6746466099,0407_Luma_iOS_AEO_MCY+%286894235051515%29,11,78.94999999999999,78.94999999999999,5
2026-05-24,Instagram+Installs,6746466099,0408_Luma_iOS_AEO_MCY+%286894809601315%29,38,118.84999999999997,118.84999999999997,15
2026-05-24,Instagram+Installs,6746466099,0417-2-Luma-ios-VO-cbo-zm1+%286939989053243%29,9,94.90999999999997,78.94999999999999,9
2026-05-24,Instagram+Installs,6746466099,0423-1-Luma-ios-VO-cbo-zm1+%286944142889643%29,39,433.4200000000003,325.6600000000001,58
2026-05-24,Instagram+Installs,6746466099,1230_Luma_iOS_AEO_MCY+%286848133765315%29,3,18.98,14.99,2
2026-05-24,Instagram+Installs,6746466099,Luma+iOS_cy1_260520_aeo+%28120245599901710256%29,8,105.83999999999997,105.83999999999997,16
2026-05-24,Instagram+Installs,6746466099,Luma+iOS_cy1_260521_aeo+%28120245700444740256%29,5,11.97,11.97,3
2026-05-24,Instagram+Installs,6746466099,Luma+iOS_syh_260422_AEO+%28120241407442320137%29,72,340.4400000000002,264.5600000000001,56
2026-05-24,Instagram+Installs,6746466099,Luma+ios_wvv_20260421_AEO_1+%286903634491915%29,6,26.96,3.99,4
2026-05-24,Instagram+Installs,6746466099,Luma+ios_wvv_20260429_AEO_1+%286908533021715%29,7,61.91000000000001,7.98,9
2026-05-24,Instagram+Installs,6746466099,Luma+ios_wvv_20260524_AEO_1+%286926931692515%29,14,111.84999999999997,33.97,15
2026-05-24,Instagram+Installs,6746466099,Luma+ios_wvv_260515_AEO+%286919840060715%29,17,33.98,33.98,2
2026-05-24,Instagram+Installs,6746466099,Luma+ios_zjc_20260502_AEO_1+%28120244337810030256%29,115,849.6700000000009,477.29000000000036,133
2026-05-24,Instagram+Installs,6746466099,Luma+ios_zjc_20260502_VO_ABO+%28120244401001560256%29,90,816.9900000000008,655.2400000000006,101
2026-05-24,Instagram+Installs,6746466099,Luma_ios_zmf_abo_0331_1+%286993503324612%29,8,41.96,33.98,4
2026-05-24,Instagram+Installs,6746466099,Luma_ios_zmf_abo_1220_2+%286945556930012%29,28,397.5700000000002,338.65000000000015,43
2026-05-24,Instagram+Installs,6746782904,0416-22-Romi-ios-VO-cbo-zm1+%286928215078844%29,10,369.6700000000002,297.7400000000001,33
2026-05-24,Instagram+Installs,6746782904,0425-Romi-ios-VO-cbo-zm1+%286929615678044%29,22,958.6200000000011,351.69000000000017,138
2026-05-24,Instagram+Installs,6746782904,3.14+AEOc+cbo+cyl+%28120241002174210475%29,110,743.0500000000006,495.4100000000003,95
2026-05-24,Instagram+Installs,6746782904,4.18+VOc+cyl+%28120242759838130475%29,18,102.88999999999997,76.94,11
2026-05-24,Instagram+Installs,6746782904,5.13+VOc+cyl+%28120244392044050475%29,29,81.85,81.85,15
2026-05-24,Instagram+Installs,6746782904,Romi+iOS_ZJC_2600522_VO+%28120244855947250055%29,12,15.96,11.97,4
2026-05-24,Instagram+Installs,6746782904,Romi+iOS_syh_260416_AEO+%28120242387409150055%29,33,75.84,47.91000000000001,16
2026-05-24,Instagram+Installs,6746782904,Romi+iOS_syh_260416_VO+%28120242388498510055%29,38,747.2300000000005,447.4000000000004,77
2026-05-24,Instagram+Installs,6746782904,Romi+ios_zjc_20260520_VO_ABO+%28120244694965560055%29,22,161.87,124.91999999999997,13
2026-05-24,Instagram+Installs,6746782904,Romi_ios_zmf_purchase_abo_0320_1+%28120248735216530151%29,5,0,0,0
2026-05-24,Instagram+Installs,6746782904,Romi_ios_zmf_purchase_abo_0521_1+%28120252448482300151%29,11,7.98,7.98,2
2026-05-24,Instagram+Installs,6746782904,Romi_ios_zmf_vo_cbo_0319_2+%28120243482931960228%29,3,0,0,0
2026-05-24,Instagram+Installs,6746782904,Romi_ios_zmf_vo_cbo_0325_1+%28120243690432680228%29,16,76.88999999999999,34.940000000000005,11
2026-05-24,Luma+ios+FB+W2A,6746466099,0422-liuh-Luma+ios-%2F%2Faeo,12,41.95,41.95,5
2026-05-24,Off-Facebook+Installs,6746466099,0408_Luma_iOS_AEO_MCY+%286894809601315%29,2,0,0,0
2026-05-24,Off-Facebook+Installs,6746466099,Luma+ios_zjc_20260502_AEO_1+%28120244337810030256%29,2,0,0,0
2026-05-24,Off-Facebook+Installs,6746782904,Romi+iOS_syh_260416_AEO+%28120242387409150055%29,8,135.68999999999994,0,31
2026-05-24,TikTok+SAN,6746466099,,69,633.3900000000004,191.82000000000005,61
2026-05-24,TikTok+SAN,6746466099,0509-lhtt-Luma+25-%2F%2Fs%2B%2B+cj+%281864613296193889%29,19,113.94,73.95,6
2026-05-24,TikTok+SAN,6746466099,0509-lhtt-Luma+25-%2F%2Fs%2B%2B+vo+%281864606132513969%29,34,725.2600000000006,404.69000000000017,74
2026-05-24,TikTok+SAN,6746466099,0509-lhtt-Luma+25-%2F%2Fs%2B%2B+vo_1+%281865874720870849%29,1,3.99,0,1
2026-05-24,TikTok+SAN,6746466099,0509-lhtt-Luma+26-%2F%2Fs%2B%2B+cj+%281864605963826721%29,6,51.90000000000001,39.93000000000001,10
2026-05-24,TikTok+SAN,6746466099,Luma_ios_AEO_MCY_0127_s%2B_2+%281855466155544610%29,9,25.950000000000003,17.97,5
2026-05-24,TikTok+SAN,6746466099,Luma_ios_AEO_MCY_0228_s%2B_1+%281858365270760530%29,11,45.95,45.95,5
2026-05-24,TikTok+SAN,6746466099,Luma_ios_wcx_aeo_0120_smart_02+%281854728351163506%29,185,875.7200000000009,590.1100000000006,128
2026-05-24,TikTok+SAN,6746466099,Luma_ios_wcx_aeo_1119_smart++%281849118725316657%29,248,2306.1799999999985,1326.1800000000014,282
2026-05-24,TikTok+SAN,6746466099,Luma_ios_wcx_aeo_1225_smart++%281852385308106114%29,72,580.2000000000004,200.67000000000004,80
2026-05-24,TikTok+SAN,6746466099,Luma_ios_zmf_0408_smart_purchase_01+%281861791826664593%29,15,147.83,143.84,17
2026-05-25,Facebook+Installs,6746466099,0219_Luma_iOS_AEO_MCY+%286866373524315%29,22,71.88000000000001,45.93000000000001,12
2026-05-25,Facebook+Installs,6746466099,0407_Luma_iOS_AEO_MCY+%286894235051515%29,9,42.96,42.96,4
2026-05-25,Facebook+Installs,6746466099,0408_Luma_iOS_AEO_MCY+%286894809601315%29,17,126.80999999999997,73.86,19
2026-05-25,Facebook+Installs,6746466099,0417-2-Luma-ios-VO-cbo-zm1+%286939989053243%29,13,363.6300000000001,87.80999999999999,37
2026-05-25,Facebook+Installs,6746466099,0423-1-Luma-ios-VO-cbo-zm1+%286944142889643%29,50,348.66000000000014,182.84,34
2026-05-25,Facebook+Installs,6746466099,1230_Luma_iOS_AEO_MCY+%286848133765315%29,14,293.93,93.95,7
2026-05-25,Facebook+Installs,6746466099,Luma+iOS_cy1_260520_aeo+%28120245599901710256%29,1,0,0,0
2026-05-25,Facebook+Installs,6746466099,Luma+iOS_cy1_260521_aeo+%28120245700444740256%29,6,39.93000000000001,19.950000000000003,7
2026-05-25,Facebook+Installs,6746466099,Luma+iOS_syh_260422_AEO+%28120241407442320137%29,87,510.4400000000003,259.6400000000001,56
2026-05-25,Facebook+Installs,6746466099,Luma+ios_wvv_20260421_AEO_1+%286903634491915%29,4,11.97,3.99,3
2026-05-25,Facebook+Installs,6746466099,Luma+ios_wvv_20260429_AEO_1+%286908533021715%29,23,181.62000000000006,55.86000000000002,38
2026-05-25,Facebook+Installs,6746466099,Luma+ios_wvv_260515_AEO+%286919840060715%29,7,0,0,0
2026-05-25,Facebook+Installs,6746466099,Luma+ios_zjc_20260502_AEO_1+%28120244337810030256%29,74,504.20000000000044,276.5500000000001,80
2026-05-25,Facebook+Installs,6746466099,Luma+ios_zjc_20260502_VO_ABO+%28120244401001560256%29,51,402.1000000000006,262.4500000000003,90
2026-05-25,Facebook+Installs,6746466099,Luma_ios_zmf_abo_0331_1+%286993503324612%29,23,15.96,15.96,4
2026-05-25,Facebook+Installs,6746466099,Luma_ios_zmf_abo_1220_2+%286945556930012%29,31,140.78,86.87,22
2026-05-25,Facebook+Installs,6746782904,%EF%BC%88%E5%85%AC%E4%B8%BB%E5%8F%AF%E4%BB%A5%E5%85%B3%EF%BC%890523-Romi-ios-AEO-abo-zm1+%286949656440244%29,1,51.90000000000001,0,10
2026-05-25,Facebook+Installs,6746782904,0416-22-Romi-ios-VO-cbo-zm1+%286928215078844%29,18,290.83000000000004,61.93000000000001,17
2026-05-25,Facebook+Installs,6746782904,0425-Romi-ios-VO-cbo-zm1+%286929615678044%29,4,65.93,65.93,7
2026-05-25,Facebook+Installs,6746782904,0513-Romi-ios-AEO-abo-zm1+%286941788247044%29,48,305.50000000000017,159.73,50
2026-05-25,Facebook+Installs,6746782904,0523-Romi-ios-AEO-abo-zm1+%286949656440244%29,60,545.3600000000004,403.47000000000025,64
2026-05-25,Facebook+Installs,6746782904,3.14+AEOc+cbo+cyl+%28120241002174210475%29,46,448.43000000000035,191.77000000000004,57
2026-05-25,Facebook+Installs,6746782904,4.18+VOc+cyl+%28120242759838130475%29,10,0,0,0
2026-05-25,Facebook+Installs,6746782904,5.13+VOc+cyl+%28120244392044050475%29,5,0,0,0
2026-05-25,Facebook+Installs,6746782904,Romi+iOS_ZJC_2600522_VO+%28120244855947250055%29,10,137.92,33.98,8
2026-05-25,Facebook+Installs,6746782904,Romi+iOS_syh_260416_AEO+%28120242387409150055%29,36,219.54000000000013,215.55000000000013,46
2026-05-25,Facebook+Installs,6746782904,Romi+iOS_syh_260416_VO+%28120242388498510055%29,63,1309.8600000000008,548.5400000000002,114
2026-05-25,Facebook+Installs,6746782904,Romi+ios_wvv_260501_aeo_1+%28120243842848770517%29,45,1610.8500000000008,530.4800000000004,115
2026-05-25,Facebook+Installs,6746782904,Romi+ios_wvv_260501_vo_1+%28120243842848770517%29,2,309.91,0,9
2026-05-25,Facebook+Installs,6746782904,Romi+ios_wvv_260524_VO_cc+%28120245642417830517%29,13,9.99,9.99,1
2026-05-25,Facebook+Installs,6746782904,Romi+ios_zjc_20260520_VO_ABO+%28120244694965560055%29,22,109.87999999999997,109.87999999999997,12
2026-05-25,Facebook+Installs,6746782904,Romi_ios_zmf_purchase_abo_0320_1+%28120248735216530151%29,1,0,0,0
2026-05-25,Facebook+Installs,6746782904,Romi_ios_zmf_purchase_abo_0521_1+%28120252448482300151%29,3,0,0,0
2026-05-25,Facebook+Installs,6746782904,Romi_ios_zmf_vo_cbo_0319_2+%28120243482931960228%29,11,167.68,38.93000000000001,32
2026-05-25,Facebook+Installs,6746782904,Romi_ios_zmf_vo_cbo_0325_1+%28120243690432680228%29,15,88.88,80.9,12
2026-05-25,Instagram+Installs,6746466099,0219_Luma_iOS_AEO_MCY+%286866373524315%29,17,105.86,51.90000000000001,14
2026-05-25,Instagram+Installs,6746466099,0407_Luma_iOS_AEO_MCY+%286894235051515%29,13,85.83999999999999,61.90000000000001,16
2026-05-25,Instagram+Installs,6746466099,0408_Luma_iOS_AEO_MCY+%286894809601315%29,20,701.7100000000008,127.77999999999996,129
2026-05-25,Instagram+Installs,6746466099,0417-2-Luma-ios-VO-cbo-zm1+%286939989053243%29,8,41.96,33.98,4
2026-05-25,Instagram+Installs,6746466099,0423-1-Luma-ios-VO-cbo-zm1+%286944142889643%29,47,140.80999999999997,89.91,19
2026-05-25,Instagram+Installs,6746466099,1230_Luma_iOS_AEO_MCY+%286848133765315%29,8,17.97,17.97,3
2026-05-25,Instagram+Installs,6746466099,Luma+iOS_cy1_260520_aeo+%28120245599901710256%29,5,0,0,0
2026-05-25,Instagram+Installs,6746466099,Luma+iOS_cy1_260521_aeo+%28120245700444740256%29,4,14.99,14.99,1
2026-05-25,Instagram+Installs,6746466099,Luma+iOS_syh_260422_AEO+%28120241407442320137%29,50,312.48000000000025,216.69000000000008,52
2026-05-25,Instagram+Installs,6746466099,Luma+ios_cy1_0419_aeo+%28120243309592160256%29,1,3.99,3.99,1
2026-05-25,Instagram+Installs,6746466099,Luma+ios_wvv_20260421_AEO_1+%286903634491915%29,14,342.58000000000015,76.85,42
2026-05-25,Instagram+Installs,6746466099,Luma+ios_wvv_20260429_AEO_1+%286908533021715%29,12,0,0,0
2026-05-25,Instagram+Installs,6746466099,Luma+ios_wvv_260515_AEO+%286919840060715%29,11,47.92,0,8
2026-05-25,Instagram+Installs,6746466099,Luma+ios_zjc_20260502_AEO_1+%28120244337810030256%29,88,421.38000000000034,283.5200000000002,62
2026-05-25,Instagram+Installs,6746466099,Luma+ios_zjc_20260502_VO_ABO+%28120244401001560256%29,79,812.2900000000005,554.4000000000004,71
2026-05-25,Instagram+Installs,6746466099,Luma_ios_zmf_abo_0331_1+%286993503324612%29,12,53.93000000000001,41.96,7
2026-05-25,Instagram+Installs,6746466099,Luma_ios_zmf_abo_1220_2+%286945556930012%29,40,342.4000000000003,128.78,60
2026-05-25,Instagram+Installs,6746782904,0416-22-Romi-ios-VO-cbo-zm1+%286928215078844%29,44,964.0800000000006,142.77999999999997,92
2026-05-25,Instagram+Installs,6746782904,0425-Romi-ios-VO-cbo-zm1+%286929615678044%29,17,419.5800000000002,139.84,42
2026-05-25,Instagram+Installs,6746782904,3.14+AEOc+cbo+cyl+%28120241002174210475%29,77,416.12000000000046,240.47000000000014,88
2026-05-25,Instagram+Installs,6746782904,4.18+VOc+cyl+%28120242759838130475%29,14,169.77000000000007,107.90999999999998,23
2026-05-25,Instagram+Installs,6746782904,5.13+VOc+cyl+%28120244392044050475%29,11,302.70000000000005,78.86999999999999,30
2026-05-25,Instagram+Installs,6746782904,Romi+iOS_ZJC_2600522_VO+%28120244855947250055%29,21,203.78000000000003,109.81,22
2026-05-25,Instagram+Installs,6746782904,Romi+iOS_syh_260416_AEO+%28120242387409150055%29,60,685.9000000000007,376.31000000000034,110
2026-05-25,Instagram+Installs,6746782904,Romi+iOS_syh_260416_VO+%28120242388498510055%29,46,162.81000000000003,125.86,19
2026-05-25,Instagram+Installs,6746782904,Romi+ios_zjc_20260520_VO_ABO+%28120244694965560055%29,17,361.36000000000047,41.940000000000005,64
2026-05-25,Instagram+Installs,6746782904,Romi_ios_zmf_purchase_abo_0320_1+%28120248735216530151%29,5,11.97,11.97,3
2026-05-25,Instagram+Installs,6746782904,Romi_ios_zmf_purchase_abo_0521_1+%28120252448482300151%29,3,29.99,29.99,1
2026-05-25,Instagram+Installs,6746782904,Romi_ios_zmf_vo_cbo_0319_2+%28120243482931960228%29,2,44.93000000000001,44.93000000000001,7
2026-05-25,Instagram+Installs,6746782904,Romi_ios_zmf_vo_cbo_0325_1+%28120243690432680228%29,10,70.92,51.940000000000005,8
2026-05-25,Luma+ios+FB+W2A,6746466099,%7B%7Bcampaign.name%7D%7D,1,0,0,0
2026-05-25,Luma+ios+FB+W2A,6746466099,0422-liuh-Luma+ios-%2F%2Faeo,16,138.78999999999996,110.81999999999995,21
2026-05-25,Off-Facebook+Installs,6746466099,0408_Luma_iOS_AEO_MCY+%286894809601315%29,1,65.88000000000001,7.98,12
2026-05-25,Off-Facebook+Installs,6746466099,Luma+iOS_syh_260422_AEO+%28120241407442320137%29,1,27.97,0,3
2026-05-25,Off-Facebook+Installs,6746782904,0516-Romi-ios-VO-cbo-zm1+%286944095568244%29,1,0,0,0
2026-05-25,Off-Facebook+Installs,6746782904,Romi+iOS_syh_260416_AEO+%28120242387409150055%29,12,113.88000000000001,39.90000000000001,12
2026-05-25,Off-Facebook+Installs,6746782904,Romi+iOS_syh_260416_VO+%28120242388498510055%29,2,0,0,0
2026-05-25,TikTok+SAN,6746466099,,57,699.5800000000011,268.5200000000002,142
2026-05-25,TikTok+SAN,6746466099,0509-lhtt-Luma+25-%2F%2Fs%2B%2B+cj+%281864613296193889%29,23,52.91000000000001,33.93000000000001,9
2026-05-25,TikTok+SAN,6746466099,0509-lhtt-Luma+25-%2F%2Fs%2B%2B+vo+%281864606132513969%29,45,459.41000000000037,187.70000000000013,59
2026-05-25,TikTok+SAN,6746466099,0509-lhtt-Luma+25-%2F%2Fs%2B%2B+vo_1+%281865874720870849%29,9,39.93000000000001,39.93000000000001,7
2026-05-25,TikTok+SAN,6746466099,0509-lhtt-Luma+26-%2F%2Fs%2B%2B+cj+%281864605963826721%29,3,0,0,0
2026-05-25,TikTok+SAN,6746466099,Luma_ios_AEO_MCY_0127_s%2B_2+%281855466155544610%29,9,7.98,7.98,2
2026-05-25,TikTok+SAN,6746466099,Luma_ios_AEO_MCY_0228_s%2B_1+%281858365270760530%29,10,3.99,3.99,1
2026-05-25,TikTok+SAN,6746466099,Luma_ios_wcx_aeo_0120_smart_02+%281854728351163506%29,178,1421.1700000000012,835.9600000000006,183
2026-05-25,TikTok+SAN,6746466099,Luma_ios_wcx_aeo_1119_smart++%281849118725316657%29,286,3564.5799999999717,1167.4900000000011,342
2026-05-25,TikTok+SAN,6746466099,Luma_ios_wcx_aeo_1225_smart++%281852385308106114%29,115,859.2100000000006,618.4400000000004,79
2026-05-25,TikTok+SAN,6746466099,Luma_ios_zmf_0408_smart_purchase_01+%281861791826664593%29,28,562.73,93.88999999999997,27
2026-05-25,TikTok+SAN,6746466099,Luma_ios_zmf_0522_smart_purchase_01+%281865790292845713%29,1,0,0,0
2026-05-26,Facebook+Installs,6746466099,0219_Luma_iOS_AEO_MCY+%286866373524315%29,30,71.88000000000001,23.940000000000005,12
2026-05-26,Facebook+Installs,6746466099,0407_Luma_iOS_AEO_MCY+%286894235051515%29,4,3.99,3.99,1
2026-05-26,Facebook+Installs,6746466099,0408_Luma_iOS_AEO_MCY+%286894809601315%29,10,66.89000000000001,58.91000000000001,11
2026-05-26,Facebook+Installs,6746466099,0417-2-Luma-ios-VO-cbo-zm1+%286939989053243%29,11,45.95,11.97,5
2026-05-26,Facebook+Installs,6746466099,0423-1-Luma-ios-VO-cbo-zm1+%286944142889643%29,34,361.5800000000002,219.79000000000002,42
2026-05-26,Facebook+Installs,6746466099,1230_Luma_iOS_AEO_MCY+%286848133765315%29,12,772.810000000001,43.93000000000001,119
2026-05-26,Facebook+Installs,6746466099,Luma+iOS_cy1_260520_aeo+%28120245599901710256%29,2,15.96,15.96,4
2026-05-26,Facebook+Installs,6746466099,Luma+iOS_cy1_260521_aeo+%28120245700444740256%29,4,11.97,0,3
2026-05-26,Facebook+Installs,6746466099,Luma+iOS_cy1_260525_aeo+%28120245980448170256%29,2,0,0,0
2026-05-26,Facebook+Installs,6746466099,Luma+iOS_syh_260422_AEO+%28120241407442320137%29,80,908.1100000000006,315.6800000000001,89
2026-05-26,Facebook+Installs,6746466099,Luma+ios_wvv_20260421_AEO_1+%286903634491915%29,4,3.99,3.99,1
2026-05-26,Facebook+Installs,6746466099,Luma+ios_wvv_20260429_AEO_1+%286908533021715%29,27,400.7900000000001,113.90999999999998,21
2026-05-26,Facebook+Installs,6746466099,Luma+ios_wvv_260515_AEO+%286919840060715%29,5,0,0,0
2026-05-26,Facebook+Installs,6746466099,Luma+ios_zjc_20260502_AEO_1+%28120244337810030256%29,44,348.4500000000002,109.77999999999996,55
2026-05-26,Facebook+Installs,6746466099,Luma+ios_zjc_20260502_VO_ABO+%28120244401001560256%29,26,213.70000000000002,119.80999999999995,30
2026-05-26,Facebook+Installs,6746466099,Luma_ios_zmf_abo_0331_1+%286993503324612%29,16,33.97,0,3
2026-05-26,Facebook+Installs,6746466099,Luma_ios_zmf_abo_1220_2+%286945556930012%29,31,101.86,101.86,14
2026-05-26,Facebook+Installs,6746782904,%EF%BC%88%E5%85%AC%E4%B8%BB%E5%8F%AF%E4%BB%A5%E5%85%B3%EF%BC%890523-Romi-ios-AEO-abo-zm1+%286949656440244%29,1,0,0,0
2026-05-26,Facebook+Installs,6746782904,0416-22-Romi-ios-VO-cbo-zm1+%286928215078844%29,20,203.85,3.99,15
2026-05-26,Facebook+Installs,6746782904,0425-Romi-ios-VO-cbo-zm1+%286929615678044%29,12,47.91000000000001,21.96,9
2026-05-26,Facebook+Installs,6746782904,0513-Romi-ios-AEO-abo-zm1+%286941788247044%29,37,108.76999999999997,104.77999999999997,23
2026-05-26,Facebook+Installs,6746782904,0523-Romi-ios-AEO-abo-zm1+%286949656440244%29,29,70.88000000000001,54.92000000000001,12
2026-05-26,Facebook+Installs,6746782904,3.14+AEOc+cbo+cyl+%28120241002174210475%29,101,433.49000000000024,175.75000000000003,51
2026-05-26,Facebook+Installs,6746782904,4.18+VOc+cyl+%28120242759838130475%29,38,289.57000000000016,135.84999999999997,43
2026-05-26,Facebook+Installs,6746782904,5.13+VOc+cyl+%28120244392044050475%29,27,297.6200000000001,145.79999999999998,38
2026-05-26,Facebook+Installs,6746782904,Romi+iOS_ZJC_2600522_VO+%28120244855947250055%29,6,28.97,28.97,3
2026-05-26,Facebook+Installs,6746782904,Romi+iOS_syh_260416_AEO+%28120242387409150055%29,35,102.77,67.83000000000003,23
2026-05-26,Facebook+Installs,6746782904,Romi+iOS_syh_260416_VO+%28120242388498510055%29,45,884.8900000000008,543.4300000000003,111
2026-05-26,Facebook+Installs,6746782904,Romi+ios_wvv_260501_aeo_1+%28120243842848770517%29,51,329.66000000000014,303.7100000000001,34
2026-05-26,Facebook+Installs,6746782904,Romi+ios_wvv_260501_vo_1+%28120243842848770517%29,0,3.99,0,1
2026-05-26,Facebook+Installs,6746782904,Romi+ios_wvv_260524_VO_cc+%28120245642417830517%29,25,1203.1500000000005,121.85,85
2026-05-26,Facebook+Installs,6746782904,Romi+ios_zjc_20260520_VO_ABO+%28120244694965560055%29,9,0,0,0
2026-05-26,Facebook+Installs,6746782904,Romi_ios_zmf_purchase_abo_0320_1+%28120248735216530151%29,6,28.97,28.97,3
2026-05-26,Facebook+Installs,6746782904,Romi_ios_zmf_purchase_abo_0521_1+%28120252448482300151%29,3,0,0,0
2026-05-26,Facebook+Installs,6746782904,Romi_ios_zmf_vo_cbo_0319_2+%28120243482931960228%29,10,244.6500000000002,128.90999999999997,35
2026-05-26,Facebook+Installs,6746782904,Romi_ios_zmf_vo_cbo_0325_1+%28120243690432680228%29,14,188.7800000000001,146.87,22
2026-05-26,Instagram+Installs,6746466099,0219_Luma_iOS_AEO_MCY+%286866373524315%29,13,0,0,0
2026-05-26,Instagram+Installs,6746466099,0407_Luma_iOS_AEO_MCY+%286894235051515%29,4,68.96000000000001,68.96000000000001,4
2026-05-26,Instagram+Installs,6746466099,0408_Luma_iOS_AEO_MCY+%286894809601315%29,20,64.88000000000001,52.91000000000001,12
2026-05-26,Instagram+Installs,6746466099,0417-2-Luma-ios-VO-cbo-zm1+%286939989053243%29,9,147.76999999999998,15.96,23
2026-05-26,Instagram+Installs,6746466099,0423-1-Luma-ios-VO-cbo-zm1+%286944142889643%29,29,323.5400000000002,179.76000000000002,46
2026-05-26,Instagram+Installs,6746466099,1230_Luma_iOS_AEO_MCY+%286848133765315%29,2,0,0,0
2026-05-26,Instagram+Installs,6746466099,Luma+iOS_cy1_260520_aeo+%28120245599901710256%29,12,43.92000000000001,21.96,8
2026-05-26,Instagram+Installs,6746466099,Luma+iOS_cy1_260521_aeo+%28120245700444740256%29,6,33.98,29.99,2
2026-05-26,Instagram+Installs,6746466099,Luma+iOS_cy1_260525_aeo+%28120245980448170256%29,15,93.86999999999996,89.87999999999997,13
2026-05-26,Instagram+Installs,6746466099,Luma+iOS_syh_260422_AEO+%28120241407442320137%29,64,658.0700000000006,287.5300000000002,93
2026-05-26,Instagram+Installs,6746466099,Luma+ios_wvv_20260421_AEO_1+%286903634491915%29,8,111.74999999999997,57.87000000000002,25
2026-05-26,Instagram+Installs,6746466099,Luma+ios_wvv_20260429_AEO_1+%286908533021715%29,6,0,0,0
2026-05-26,Instagram+Installs,6746466099,Luma+ios_wvv_260515_AEO+%286919840060715%29,7,15.96,15.96,4
2026-05-26,Instagram+Installs,6746466099,Luma+ios_zjc_20260502_AEO_1+%28120244337810030256%29,54,148.75000000000003,136.78,25
2026-05-26,Instagram+Installs,6746466099,Luma+ios_zjc_20260502_VO_ABO+%28120244401001560256%29,45,477.1200000000005,105.78999999999998,88
2026-05-26,Instagram+Installs,6746466099,Luma_ios_zmf_abo_0331_1+%286993503324612%29,7,3.99,3.99,1
2026-05-26,Instagram+Installs,6746466099,Luma_ios_zmf_abo_1220_2+%286945556930012%29,33,240.5900000000002,168.77000000000004,41
2026-05-26,Instagram+Installs,6746782904,0416-22-Romi-ios-VO-cbo-zm1+%286928215078844%29,8,39.93000000000001,39.93000000000001,7
2026-05-26,Instagram+Installs,6746782904,0425-Romi-ios-VO-cbo-zm1+%286929615678044%29,16,249.63000000000008,143.73999999999998,37
2026-05-26,Instagram+Installs,6746782904,3.14+AEOc+cbo+cyl+%28120241002174210475%29,243,1845.7700000000018,897.8200000000008,223
2026-05-26,Instagram+Installs,6746782904,4.18+VOc+cyl+%28120242759838130475%29,63,630.8000000000008,389.2600000000004,120
2026-05-26,Instagram+Installs,6746782904,5.13+VOc+cyl+%28120244392044050475%29,61,279.7100000000001,153.82999999999998,29
2026-05-26,Instagram+Installs,6746782904,Romi+iOS_ZJC_2600522_VO+%28120244855947250055%29,10,49.890000000000015,15.96,11
2026-05-26,Instagram+Installs,6746782904,Romi+iOS_syh_260416_AEO+%28120242387409150055%29,57,248.45000000000022,99.77999999999999,55
2026-05-26,Instagram+Installs,6746782904,Romi+iOS_syh_260416_VO+%28120242388498510055%29,40,296.6300000000001,145.78999999999996,37
2026-05-26,Instagram+Installs,6746782904,Romi+ios_zjc_20260520_VO_ABO+%28120244694965560055%29,13,51.90000000000001,31.950000000000003,10
2026-05-26,Instagram+Installs,6746782904,Romi_ios_zmf_purchase_abo_0320_1+%28120248735216530151%29,8,22.97,0,3
2026-05-26,Instagram+Installs,6746782904,Romi_ios_zmf_purchase_abo_0521_1+%28120252448482300151%29,6,25.950000000000003,13.98,5
2026-05-26,Instagram+Installs,6746782904,Romi_ios_zmf_vo_cbo_0319_2+%28120243482931960228%29,4,39.94,11.97,6
2026-05-26,Instagram+Installs,6746782904,Romi_ios_zmf_vo_cbo_0325_1+%28120243690432680228%29,5,3.99,3.99,1
2026-05-26,Luma+ios+FB+W2A,6746466099,%7B%7Bcampaign.name%7D%7D,1,0,0,0
2026-05-26,Luma+ios+FB+W2A,6746466099,0422-liuh-Luma+ios-%2F%2Faeo,7,109.77999999999999,41.91000000000001,22
2026-05-26,Off-Facebook+Installs,6746466099,0219_Luma_iOS_AEO_MCY+%286866373524315%29,1,0,0,0
2026-05-26,Off-Facebook+Installs,6746466099,0408_Luma_iOS_AEO_MCY+%286894809601315%29,1,3.99,3.99,1
2026-05-26,Off-Facebook+Installs,6746782904,3.14+AEOc+cbo+cyl+%28120241002174210475%29,1,0,0,0
2026-05-26,Off-Facebook+Installs,6746782904,Romi+iOS_syh_260416_AEO+%28120242387409150055%29,5,11.97,0,3
2026-05-26,TikTok+SAN,6746466099,,47,362.35000000000036,168.73000000000005,65
2026-05-26,TikTok+SAN,6746466099,0509-lhtt-Luma+25-%2F%2Fs%2B%2B+cj+%281864613296193889%29,17,121.89999999999998,19.950000000000003,10
2026-05-26,TikTok+SAN,6746466099,0509-lhtt-Luma+25-%2F%2Fs%2B%2B+vo+%281864606132513969%29,39,289.59000000000015,229.71000000000006,41
2026-05-26,TikTok+SAN,6746466099,0509-lhtt-Luma+25-%2F%2Fs%2B%2B+vo_1+%281865874720870849%29,14,259.7000000000001,109.88999999999997,30
2026-05-26,TikTok+SAN,6746466099,0509-lhtt-Luma+26-%2F%2Fs%2B%2B+cj+%281864605963826721%29,4,9.99,9.99,1
2026-05-26,TikTok+SAN,6746466099,Luma_ios_AEO_MCY_0127_s%2B_2+%281855466155544610%29,6,3.99,3.99,1
2026-05-26,TikTok+SAN,6746466099,Luma_ios_AEO_MCY_0228_s%2B_1+%281858365270760530%29,10,13.98,13.98,2
2026-05-26,TikTok+SAN,6746466099,Luma_ios_wcx_aeo_0120_smart_02+%281854728351163506%29,173,1625.1700000000014,853.9600000000007,183
2026-05-26,TikTok+SAN,6746466099,Luma_ios_wcx_aeo_1119_smart++%281849118725316657%29,252,1492.8800000000015,587.0600000000005,212
2026-05-26,TikTok+SAN,6746466099,Luma_ios_wcx_aeo_1225_smart++%281852385308106114%29,9,48.92000000000001,11.97,8
2026-05-26,TikTok+SAN,6746466099,Luma_ios_zmf_0408_smart_purchase_01+%281861791826664593%29,20,49.890000000000015,45.90000000000001,11
2026-05-27,Facebook+Installs,6746466099,0219_Luma_iOS_AEO_MCY+%286866373524315%29,19,204.71000000000006,82.88,29
2026-05-27,Facebook+Installs,6746466099,0407_Luma_iOS_AEO_MCY+%286894235051515%29,3,3.99,3.99,1
2026-05-27,Facebook+Installs,6746466099,0408_Luma_iOS_AEO_MCY+%286894809601315%29,24,38.93000000000001,26.96,7
2026-05-27,Facebook+Installs,6746466099,0417-2-Luma-ios-VO-cbo-zm1+%286939989053243%29,12,50.93000000000001,50.93000000000001,7
2026-05-27,Facebook+Installs,6746466099,0423-1-Luma-ios-VO-cbo-zm1+%286944142889643%29,39,156.71,148.73,29
2026-05-27,Facebook+Installs,6746466099,0527-Luma-ios-VO-cbo-zm1+%286976296826443%29,7,43.97,43.97,3
2026-05-27,Facebook+Installs,6746466099,1230_Luma_iOS_AEO_MCY+%286848133765315%29,7,205.5000000000001,35.91000000000001,50
2026-05-27,Facebook+Installs,6746466099,Luma+iOS_cy1_260521_aeo+%28120245700444740256%29,3,11.97,11.97,3
2026-05-27,Facebook+Installs,6746466099,Luma+iOS_cy1_260525_aeo+%28120245980448170256%29,11,18.98,18.98,2
2026-05-27,Facebook+Installs,6746466099,Luma+iOS_syh_260422_AEO+%28120241407442320137%29,61,587.3500000000004,344.7000000000001,65
2026-05-27,Facebook+Installs,6746466099,Luma+ios_wvv_20260421_AEO_1+%286903634491915%29,3,3.99,0,1
2026-05-27,Facebook+Installs,6746466099,Luma+ios_wvv_20260429_AEO_1+%286908533021715%29,18,51.87000000000002,51.87000000000002,13
2026-05-27,Facebook+Installs,6746466099,Luma+ios_wvv_260515_AEO+%286919840060715%29,3,0,0,0
2026-05-27,Facebook+Installs,6746466099,Luma+ios_zjc_20260502_AEO_1+%28120244337810030256%29,42,159.88,92.94,12
2026-05-27,Facebook+Installs,6746466099,Luma+ios_zjc_20260502_VO_ABO+%28120244401001560256%29,13,11.97,7.98,3
2026-05-27,Facebook+Installs,6746466099,Luma_ios_zmf_abo_0331_1+%286993503324612%29,26,123.83999999999996,85.87999999999998,16
2026-05-27,Facebook+Installs,6746466099,Luma_ios_zmf_abo_1220_2+%286945556930012%29,19,29.940000000000005,25.950000000000003,6
2026-05-27,Facebook+Installs,6746782904,%EF%BC%88%E5%85%AC%E4%B8%BB%E5%8F%AF%E4%BB%A5%E5%85%B3%EF%BC%890523-Romi-ios-AEO-abo-zm1+%286949656440244%29,0,3.99,0,1
2026-05-27,Facebook+Installs,6746782904,0416-22-Romi-ios-VO-cbo-zm1+%286928215078844%29,28,309.7000000000002,281.77000000000015,30
2026-05-27,Facebook+Installs,6746782904,0425-Romi-ios-VO-cbo-zm1+%286929615678044%29,14,23.940000000000005,23.940000000000005,6
2026-05-27,Facebook+Installs,6746782904,0513-Romi-ios-AEO-abo-zm1+%286941788247044%29,32,453.16000000000054,182.75,84
2026-05-27,Facebook+Installs,6746782904,0523-Romi-ios-AEO-abo-zm1+%286949656440244%29,26,70.85000000000001,42.92000000000001,15
2026-05-27,Facebook+Installs,6746782904,3.14+AEOc+cbo+cyl+%28120241002174210475%29,56,377.55000000000024,178.76000000000005,45
2026-05-27,Facebook+Installs,6746782904,4.18+VOc+cyl+%28120242759838130475%29,19,85.91,62.940000000000005,9
2026-05-27,Facebook+Installs,6746782904,5.13+VOc+cyl+%28120244392044050475%29,21,750.7000000000002,314.8200000000001,30
2026-05-27,Facebook+Installs,6746782904,Romi+iOS_ZJC_2600522_VO+%28120244855947250055%29,18,740.500000000001,77.89,150
2026-05-27,Facebook+Installs,6746782904,Romi+iOS_syh_260416_AEO+%28120242387409150055%29,44,241.54000000000016,88.85,46
2026-05-27,Facebook+Installs,6746782904,Romi+iOS_syh_260416_VO+%28120242388498510055%29,61,1522.650000000001,749.1800000000005,135
2026-05-27,Facebook+Installs,6746782904,Romi+ios_wvv_260501_aeo_1+%28120243842848770517%29,29,273.4700000000002,184.61000000000007,53
2026-05-27,Facebook+Installs,6746782904,Romi+ios_wvv_260524_VO_cc+%28120245642417830517%29,14,325.72000000000014,223.82000000000005,28
2026-05-27,Facebook+Installs,6746782904,Romi+ios_zjc_20260520_VO_ABO+%28120244694965560055%29,6,0,0,0
2026-05-27,Facebook+Installs,6746782904,Romi_ios_zmf_purchase_abo_0320_1+%28120248735216530151%29,6,0,0,0
2026-05-27,Facebook+Installs,6746782904,Romi_ios_zmf_vo_cbo_0319_2+%28120243482931960228%29,10,133.82999999999998,133.82999999999998,17
2026-05-27,Facebook+Installs,6746782904,Romi_ios_zmf_vo_cbo_0325_1+%28120243690432680228%29,12,100.85,96.86,15
2026-05-27,Instagram+Installs,6746466099,0219_Luma_iOS_AEO_MCY+%286866373524315%29,13,95.78999999999998,55.890000000000015,21
2026-05-27,Instagram+Installs,6746466099,0407_Luma_iOS_AEO_MCY+%286894235051515%29,11,53.93,53.93,7
2026-05-27,Instagram+Installs,6746466099,0408_Luma_iOS_AEO_MCY+%286894809601315%29,14,7.98,7.98,2
2026-05-27,Instagram+Installs,6746466099,0417-2-Luma-ios-VO-cbo-zm1+%286939989053243%29,8,501.77000000000004,87.90999999999998,23
2026-05-27,Instagram+Installs,6746466099,0423-1-Luma-ios-VO-cbo-zm1+%286944142889643%29,31,908.2400000000005,208.75000000000003,76
2026-05-27,Instagram+Installs,6746466099,0527-Luma-ios-VO-cbo-zm1+%286976296826443%29,4,19.950000000000003,19.950000000000003,5
2026-05-27,Instagram+Installs,6746466099,Luma+iOS_cy1_260520_aeo+%28120245599901710256%29,5,3.99,3.99,1
2026-05-27,Instagram+Installs,6746466099,Luma+iOS_cy1_260521_aeo+%28120245700444740256%29,6,34.940000000000005,15.96,6
2026-05-27,Instagram+Installs,6746466099,Luma+iOS_cy1_260525_aeo+%28120245980448170256%29,5,106.81999999999998,60.890000000000015,18
2026-05-27,Instagram+Installs,6746466099,Luma+iOS_syh_260422_AEO+%28120241407442320137%29,65,279.65000000000015,212.76000000000008,35
2026-05-27,Instagram+Installs,6746466099,Luma+ios_cy1_0419_aeo+%28120243309592160256%29,2,7.98,0,2
2026-05-27,Instagram+Installs,6746466099,Luma+ios_wvv_20260421_AEO_1+%286903634491915%29,16,87.87999999999998,69.91,12
2026-05-27,Instagram+Installs,6746466099,Luma+ios_wvv_20260429_AEO_1+%286908533021715%29,3,0,0,0
2026-05-27,Instagram+Installs,6746466099,Luma+ios_wvv_260515_AEO+%286919840060715%29,2,38.93000000000001,26.96,7
2026-05-27,Instagram+Installs,6746466099,Luma+ios_zjc_20260502_AEO_1+%28120244337810030256%29,50,245.6200000000002,189.76000000000008,38
2026-05-27,Instagram+Installs,6746466099,Luma+ios_zjc_20260502_VO_ABO+%28120244401001560256%29,15,85.83000000000001,19.950000000000003,17
2026-05-27,Instagram+Installs,6746466099,Luma_ios_zmf_abo_0331_1+%286993503324612%29,4,0,0,0
2026-05-27,Instagram+Installs,6746466099,Luma_ios_zmf_abo_1220_2+%286945556930012%29,38,126.86999999999996,122.87999999999997,13
2026-05-27,Instagram+Installs,6746782904,0416-22-Romi-ios-VO-cbo-zm1+%286928215078844%29,23,224.74999999999994,106.83999999999996,25
2026-05-27,Instagram+Installs,6746782904,0425-Romi-ios-VO-cbo-zm1+%286929615678044%29,23,218.79000000000002,202.82999999999998,21
2026-05-27,Instagram+Installs,6746782904,3.14+AEOc+cbo+cyl+%28120241002174210475%29,170,1704.1800000000023,542.0300000000007,282
2026-05-27,Instagram+Installs,6746782904,4.18+VOc+cyl+%28120242759838130475%29,30,107.82999999999997,95.85999999999999,17
2026-05-27,Instagram+Installs,6746782904,5.13+VOc+cyl+%28120244392044050475%29,38,279.65000000000015,255.71000000000012,35
2026-05-27,Instagram+Installs,6746782904,Romi+iOS_ZJC_2600522_VO+%28120244855947250055%29,20,135.93,135.93,7
2026-05-27,Instagram+Installs,6746782904,Romi+iOS_syh_260416_AEO+%28120242387409150055%29,57,210.64000000000007,133.74999999999997,36
2026-05-27,Instagram+Installs,6746782904,Romi+iOS_syh_260416_VO+%28120242388498510055%29,47,2132.06,508.67000000000024,94
2026-05-27,Instagram+Installs,6746782904,Romi+ios_zjc_20260520_VO_ABO+%28120244694965560055%29,1,0,0,0
2026-05-27,Instagram+Installs,6746782904,Romi_ios_zmf_purchase_abo_0320_1+%28120248735216530151%29,10,17.97,17.97,3
2026-05-27,Instagram+Installs,6746782904,Romi_ios_zmf_vo_cbo_0319_2+%28120243482931960228%29,9,167.88,73.93,12
2026-05-27,Luma+ios+FB+W2A,6746466099,0422-liuh-Luma+ios-%2F%2Faeo,4,0,0,0
2026-05-27,Off-Facebook+Installs,6746782904,3.14+AEOc+cbo+cyl+%28120241002174210475%29,5,0,0,0
2026-05-27,Off-Facebook+Installs,6746782904,Romi+iOS_ZJC_2600522_VO+%28120244855947250055%29,1,69.94,0,6
2026-05-27,Off-Facebook+Installs,6746782904,Romi+iOS_syh_260416_AEO+%28120242387409150055%29,6,51.95,33.98,5
2026-05-27,Off-Facebook+Installs,6746782904,Romi+iOS_syh_260416_VO+%28120242388498510055%29,2,0,0,0
2026-05-27,Off-Facebook+Installs,6746782904,Romi_ios_zmf_vo_cbo_0319_2+%28120243482931960228%29,1,139.94,69.99,6
2026-05-27,TikTok+SAN,6746466099,,35,116.77999999999996,86.83999999999999,22
2026-05-27,TikTok+SAN,6746466099,+%281854728351163506%29,12,40.940000000000005,40.940000000000005,6
2026-05-27,TikTok+SAN,6746466099,0509-lhtt-Luma+25-%2F%2Fs%2B%2B+cj+%281864613296193889%29,16,59.85000000000002,31.92000000000001,15
2026-05-27,TikTok+SAN,6746466099,0509-lhtt-Luma+25-%2F%2Fs%2B%2B+vo+%281864606132513969%29,14,71.9,53.93000000000001,10
2026-05-27,TikTok+SAN,6746466099,0509-lhtt-Luma+25-%2F%2Fs%2B%2B+vo_1+%281865874720870849%29,11,165.85,0,15
2026-05-27,TikTok+SAN,6746466099,Luma_ios_AEO_MCY_0127_s%2B_2+%281855466155544610%29,5,249.80000000000004,97.88999999999999,20
2026-05-27,TikTok+SAN,6746466099,Luma_ios_AEO_MCY_0228_s%2B_1+%281858365270760530%29,5,7.98,7.98,2
2026-05-27,TikTok+SAN,6746466099,Luma_ios_wcx_aeo_0120_smart_02+%281854728351163506%29,172,845.7400000000008,379.25000000000034,126
2026-05-27,TikTok+SAN,6746466099,Luma_ios_wcx_aeo_1119_smart++%281849118725316657%29,122,1250.5100000000011,760.2100000000005,149
2026-05-27,TikTok+SAN,6746466099,Luma_ios_wcx_aeo_1225_smart++%281852385308106114%29,64,173.70000000000007,153.75000000000003,30
2026-05-27,TikTok+SAN,6746466099,Luma_ios_zmf_0408_smart_purchase_01+%281861791826664593%29,36,221.66000000000014,177.73000000000008,34
2026-05-27,TikTok+SAN,6746466099,Luma_ios_zmf_0527_smart_purchase_02+%281866238180806929%29,8,18.98,18.98,2
2026-05-27,TikTok+SAN,6746466099,Luma_ios_zmf_0527_smart_troas_01+%281866236097846497%29,7,23.940000000000005,19.950000000000003,6
2026-05-28,Facebook+Installs,6746466099,0219_Luma_iOS_AEO_MCY+%286866373524315%29,9,21.96,7.98,4
2026-05-28,Facebook+Installs,6746466099,0407_Luma_iOS_AEO_MCY+%286894235051515%29,7,7.98,7.98,2
2026-05-28,Facebook+Installs,6746466099,0408_Luma_iOS_AEO_MCY+%286894809601315%29,14,0,0,0
2026-05-28,Facebook+Installs,6746466099,0417-2-Luma-ios-VO-cbo-zm1+%286939989053243%29,14,54.92000000000001,44.93000000000001,8
2026-05-28,Facebook+Installs,6746466099,0423-1-Luma-ios-VO-cbo-zm1+%286944142889643%29,39,145.76000000000002,117.82999999999998,24
2026-05-28,Facebook+Installs,6746466099,0527-Luma-ios-VO-cbo-zm1+%286976296826443%29,5,80.91,76.92,9
2026-05-28,Facebook+Installs,6746466099,1230_Luma_iOS_AEO_MCY+%286848133765315%29,6,296.52000000000015,23.97,48
2026-05-28,Facebook+Installs,6746466099,Luma+iOS_cy1_260521_aeo+%28120245700444740256%29,3,113.75999999999996,7.98,24
2026-05-28,Facebook+Installs,6746466099,Luma+iOS_cy1_260525_aeo+%28120245980448170256%29,3,78.94999999999999,74.96,5
2026-05-28,Facebook+Installs,6746466099,Luma+iOS_syh_260422_AEO+%28120241407442320137%29,61,486.2400000000004,270.5800000000001,76
2026-05-28,Facebook+Installs,6746466099,Luma+ios_wvv_20260421_AEO_1+%286903634491915%29,1,61.940000000000005,61.940000000000005,6
2026-05-28,Facebook+Installs,6746466099,Luma+ios_wvv_20260429_AEO_1+%286908533021715%29,18,13.98,13.98,2
2026-05-28,Facebook+Installs,6746466099,Luma+ios_wvv_260515_AEO+%286919840060715%29,1,0,0,0
2026-05-28,Facebook+Installs,6746466099,Luma+ios_zjc_20260502_AEO_1+%28120244337810030256%29,16,137.78999999999996,137.78999999999996,21
2026-05-28,Facebook+Installs,6746466099,Luma+ios_zjc_20260502_VO_ABO+%28120244401001560256%29,10,579.6200000000001,193.79999999999998,38
2026-05-28,Facebook+Installs,6746466099,Luma_ios_zmf_abo_0331_1+%286993503324612%29,25,213.8200000000001,133.95,18
2026-05-28,Facebook+Installs,6746466099,Luma_ios_zmf_abo_1220_2+%286945556930012%29,33,200.6400000000001,110.84999999999998,36
2026-05-28,Facebook+Installs,6746782904,%EF%BC%88%E5%85%AC%E4%B8%BB%E5%8F%AF%E4%BB%A5%E5%85%B3%EF%BC%890523-Romi-ios-AEO-abo-zm1+%286949656440244%29,1,0,0,0
2026-05-28,Facebook+Installs,6746782904,0416-22-Romi-ios-VO-cbo-zm1+%286928215078844%29,17,238.7900000000001,178.84000000000006,21
2026-05-28,Facebook+Installs,6746782904,0425-Romi-ios-VO-cbo-zm1+%286929615678044%29,3,0,0,0
2026-05-28,Facebook+Installs,6746782904,0513-Romi-ios-AEO-abo-zm1+%286941788247044%29,39,810.9300000000006,243.66000000000005,107
2026-05-28,Facebook+Installs,6746782904,0523-Romi-ios-AEO-abo-zm1%EF%BC%88%E8%A7%82%E5%AF%9F%EF%BC%89+%286949656440244%29,0,19.99,0,1
2026-05-28,Facebook+Installs,6746782904,0523-Romi-ios-AEO-abo-zm1+%286949656440244%29,22,18.98,14.99,2
2026-05-28,Facebook+Installs,6746782904,3.14+AEOc+cbo+cyl+%28120241002174210475%29,57,194.74000000000012,140.82000000000005,26
2026-05-28,Facebook+Installs,6746782904,4.18+VOc+cyl+%28120242759838130475%29,15,545.6200000000001,212.82000000000002,38
2026-05-28,Facebook+Installs,6746782904,5.13+VOc+cyl+%28120244392044050475%29,6,59.890000000000015,19.99,11
2026-05-28,Facebook+Installs,6746782904,5.28+AEOc+cyl+%28120245760502160475%29,2,0,0,0
2026-05-28,Facebook+Installs,6746782904,Romi+iOS_ZJC_2600522_VO+%28120244855947250055%29,3,47.959999999999994,47.959999999999994,4
2026-05-28,Facebook+Installs,6746782904,Romi+iOS_syh_260416_AEO+%28120242387409150055%29,32,458.41000000000025,150.71999999999997,59
2026-05-28,Facebook+Installs,6746782904,Romi+iOS_syh_260416_VO+%28120242388498510055%29,59,738.1900000000005,260.7100000000001,81
2026-05-28,Facebook+Installs,6746782904,Romi+ios_wvv_260501_aeo_1+%28120243842848770517%29,51,321.5200000000002,155.76999999999998,48
2026-05-28,Facebook+Installs,6746782904,Romi+ios_wvv_260501_vo_1+%28120243842848770517%29,0,63.840000000000025,0,16
2026-05-28,Facebook+Installs,6746782904,Romi+ios_wvv_260524_VO_cc+%28120245642417830517%29,6,0,0,0
2026-05-28,Facebook+Installs,6746782904,Romi+ios_wvv_260528_VO+%28120245866516720517%29,2,32.96,32.96,4
2026-05-28,Facebook+Installs,6746782904,Romi_ios_zmf_purchase_abo_0320_1+%28120248735216530151%29,15,61.90000000000001,35.95,10
2026-05-28,Facebook+Installs,6746782904,Romi_ios_zmf_purchase_abo_0528_1+%28120252900813130151%29,13,19.950000000000003,19.950000000000003,5
2026-05-28,Facebook+Installs,6746782904,Romi_ios_zmf_vo_cbo_0319_2+%28120243482931960228%29,14,296.43000000000023,134.75999999999996,57
2026-05-28,Facebook+Installs,6746782904,Romi_ios_zmf_vo_cbo_0325_1+%28120243690432680228%29,14,125.75999999999998,49.890000000000015,24
2026-05-28,Instagram+Installs,6746466099,0219_Luma_iOS_AEO_MCY+%286866373524315%29,13,18.98,3.99,2
2026-05-28,Instagram+Installs,6746466099,0407_Luma_iOS_AEO_MCY+%286894235051515%29,4,3.99,3.99,1
2026-05-28,Instagram+Installs,6746466099,0408_Luma_iOS_AEO_MCY+%286894809601315%29,13,18.98,18.98,2
2026-05-28,Instagram+Installs,6746466099,0417-2-Luma-ios-VO-cbo-zm1+%286939989053243%29,9,147.88,9.99,12
2026-05-28,Instagram+Installs,6746466099,0423-1-Luma-ios-VO-cbo-zm1+%286944142889643%29,18,172.64000000000004,138.70999999999998,36
2026-05-28,Instagram+Installs,6746466099,0527-Luma-ios-VO-cbo-zm1+%286976296826443%29,4,0,0,0
2026-05-28,Instagram+Installs,6746466099,1230_Luma_iOS_AEO_MCY+%286848133765315%29,3,0,0,0
2026-05-28,Instagram+Installs,6746466099,Luma+iOS_cy1_260520_aeo+%28120245599901710256%29,5,11.97,11.97,3
2026-05-28,Instagram+Installs,6746466099,Luma+iOS_cy1_260521_aeo+%28120245700444740256%29,5,0,0,0
2026-05-28,Instagram+Installs,6746466099,Luma+iOS_cy1_260525_aeo+%28120245980448170256%29,4,14.99,14.99,1
2026-05-28,Instagram+Installs,6746466099,Luma+iOS_cy1_260527_aeo+%28120246074925440256%29,1,0,0,0
2026-05-28,Instagram+Installs,6746466099,Luma+iOS_syh_260422_AEO+%28120241407442320137%29,62,251.55000000000013,112.75999999999998,45
2026-05-28,Instagram+Installs,6746466099,Luma+ios_wvv_20260421_AEO_1+%286903634491915%29,4,70.85000000000001,58.88000000000002,15
2026-05-28,Instagram+Installs,6746466099,Luma+ios_wvv_20260429_AEO_1+%286908533021715%29,4,31.92000000000001,3.99,8
2026-05-28,Instagram+Installs,6746466099,Luma+ios_wvv_260515_AEO+%286919840060715%29,4,35.91000000000001,35.91000000000001,9
2026-05-28,Instagram+Installs,6746466099,Luma+ios_zjc_20260502_AEO_1+%28120244337810030256%29,25,0,0,0
2026-05-28,Instagram+Installs,6746466099,Luma+ios_zjc_20260502_VO_ABO+%28120244401001560256%29,6,49.97,39.98,3
2026-05-28,Instagram+Installs,6746466099,Luma_ios_zmf_abo_0331_1+%286993503324612%29,4,7.98,7.98,2
2026-05-28,Instagram+Installs,6746466099,Luma_ios_zmf_abo_1220_2+%286945556930012%29,46,381.4900000000003,219.79000000000005,51
2026-05-28,Instagram+Installs,6746782904,0416-22-Romi-ios-VO-cbo-zm1+%286928215078844%29,25,324.6700000000002,266.7600000000001,33
2026-05-28,Instagram+Installs,6746782904,0425-Romi-ios-VO-cbo-zm1+%286929615678044%29,15,0,0,0
2026-05-28,Instagram+Installs,6746782904,3.14+AEOc+cbo+cyl+%28120241002174210475%29,125,962.3300000000012,434.32000000000033,167
2026-05-28,Instagram+Installs,6746782904,4.18+VOc+cyl+%28120242759838130475%29,36,400.3400000000004,244.62000000000012,66
2026-05-28,Instagram+Installs,6746782904,5.13+VOc+cyl+%28120244392044050475%29,23,309.3100000000003,91.77,69
2026-05-28,Instagram+Installs,6746782904,Romi+iOS_ZJC_2600522_VO+%28120244855947250055%29,3,0,0,0
2026-05-28,Instagram+Installs,6746782904,Romi+iOS_syh_260416_AEO+%28120242387409150055%29,32,327.5600000000001,119.76999999999995,44
2026-05-28,Instagram+Installs,6746782904,Romi+iOS_syh_260416_VO+%28120242388498510055%29,66,1056.640000000001,615.4500000000004,136
2026-05-28,Instagram+Installs,6746782904,Romi+ios_zjc_20260520_VO_ABO+%28120244694965560055%29,2,0,0,0
2026-05-28,Instagram+Installs,6746782904,Romi_ios_zmf_purchase_abo_0320_1+%28120248735216530151%29,7,3.99,3.99,1
2026-05-28,Instagram+Installs,6746782904,Romi_ios_zmf_purchase_abo_0528_1+%28120252900813130151%29,23,72.9,68.91000000000001,10
2026-05-28,Instagram+Installs,6746782904,Romi_ios_zmf_vo_cbo_0319_2+%28120243482931960228%29,5,0,0,0
2026-05-28,Instagram+Installs,6746782904,Romi_ios_zmf_vo_cbo_0325_1+%28120243690432680228%29,1,39.98,0,2
2026-05-28,Luma+ios+FB+W2A,6746466099,0528-lhfb-Luma+ios-%2F%2Faaa+aeo1,19,297.5400000000002,134.78999999999996,46
2026-05-28,Off-Facebook+Installs,6746466099,0219_Luma_iOS_AEO_MCY+%286866373524315%29,1,0,0,0
2026-05-28,Off-Facebook+Installs,6746782904,3.14+AEOc+cbo+cyl+%28120241002174210475%29,1,0,0,0
2026-05-28,Off-Facebook+Installs,6746782904,Romi+iOS_syh_260416_AEO+%28120242387409150055%29,7,17.97,0,3
2026-05-28,TikTok+SAN,6746466099,,59,340.6100000000001,221.73000000000005,39
2026-05-28,TikTok+SAN,6746466099,0509-lhtt-Luma+25-%2F%2Fs%2B%2B+cj+%281864613296193889%29,9,0,0,0
2026-05-28,TikTok+SAN,6746466099,0509-lhtt-Luma+25-%2F%2Fs%2B%2B+vo+%281864606132513969%29,2,0,0,0
2026-05-28,TikTok+SAN,6746466099,0509-lhtt-Luma+25-%2F%2Fs%2B%2B+vo_1+%281865874720870849%29,1,0,0,0
2026-05-28,TikTok+SAN,6746466099,Luma_ios_AEO_MCY_0127_s%2B_2+%281855466155544610%29,6,171.92000000000002,7.98,8
2026-05-28,TikTok+SAN,6746466099,Luma_ios_AEO_MCY_0228_s%2B_1+%281858365270760530%29,10,164.91000000000003,64.96,9
2026-05-28,TikTok+SAN,6746466099,Luma_ios_wcx_aeo_0120_smart_02+%281854728351163506%29,279,2164.329999999999,1157.730000000001,267
2026-05-28,TikTok+SAN,6746466099,Luma_ios_wcx_aeo_1119_smart++%281849118725316657%29,181,1091.720000000001,527.2000000000005,128
2026-05-28,TikTok+SAN,6746466099,Luma_ios_wcx_aeo_1225_smart++%281852385308106114%29,104,837.9800000000007,574.3300000000004,102
2026-05-28,TikTok+SAN,6746466099,Luma_ios_zmf_0408_smart_purchase_01+%281861791826664593%29,30,219.5800000000001,51.90000000000001,42
2026-05-28,TikTok+SAN,6746466099,Luma_ios_zmf_0527_smart_purchase_02+%281866238180806929%29,1,0,0,0
2026-05-28,TikTok+SAN,6746466099,Luma_ios_zmf_0527_smart_troas_01+%281866236097846497%29,1,302.74000000000007,38.93000000000001,26
2026-05-29,Facebook+Installs,6746466099,0219_Luma_iOS_AEO_MCY+%286866373524315%29,28,52.95,52.95,5
2026-05-29,Facebook+Installs,6746466099,0407_Luma_iOS_AEO_MCY+%286894235051515%29,2,7.98,7.98,2
2026-05-29,Facebook+Installs,6746466099,0408_Luma_iOS_AEO_MCY+%286894809601315%29,13,3.99,3.99,1
2026-05-29,Facebook+Installs,6746466099,0417-2-Luma-ios-VO-cbo-zm1+%286939989053243%29,9,34.940000000000005,26.96,6
2026-05-29,Facebook+Installs,6746466099,0423-1-Luma-ios-VO-cbo-zm1+%286944142889643%29,49,789.7400000000008,464.3700000000003,126
2026-05-29,Facebook+Installs,6746466099,1230_Luma_iOS_AEO_MCY+%286848133765315%29,7,515.7000000000002,109.97,30
2026-05-29,Facebook+Installs,6746466099,Luma+iOS_cy1_260521_aeo+%28120245700444740256%29,8,15.96,15.96,4
2026-05-29,Facebook+Installs,6746466099,Luma+iOS_cy1_260525_aeo+%28120245980448170256%29,12,73.86999999999999,29.940000000000005,13
2026-05-29,Facebook+Installs,6746466099,Luma+iOS_syh_260422_AEO+%28120241407442320137%29,71,194.64000000000007,156.72,36
2026-05-29,Facebook+Installs,6746466099,Luma+ios_wvv_20260421_AEO_1+%286903634491915%29,6,15.96,15.96,4
2026-05-29,Facebook+Installs,6746466099,Luma+ios_wvv_20260429_AEO_1+%286908533021715%29,20,51.96000000000001,51.96000000000001,4
2026-05-29,Facebook+Installs,6746466099,Luma+ios_wvv_260515_AEO+%286919840060715%29,5,0,0,0
2026-05-29,Facebook+Installs,6746466099,Luma+ios_zjc_20260502_AEO_1+%28120244337810030256%29,42,398.43000000000023,296.5700000000001,57
2026-05-29,Facebook+Installs,6746466099,Luma+ios_zjc_20260502_VO_ABO+%28120244401001560256%29,5,0,0,0
2026-05-29,Facebook+Installs,6746466099,Luma_ios_zmf_abo_0331_1+%286993503324612%29,32,298.6100000000002,231.71000000000012,39
2026-05-29,Facebook+Installs,6746466099,Luma_ios_zmf_abo_1220_2+%286945556930012%29,44,128.71999999999994,64.88000000000001,28
2026-05-29,Facebook+Installs,6746782904,%EF%BC%88%E5%85%AC%E4%B8%BB%E5%8F%AF%E4%BB%A5%E5%85%B3%EF%BC%890523-Romi-ios-AEO-abo-zm1+%286949656440244%29,4,7.98,7.98,2
2026-05-29,Facebook+Installs,6746782904,0416-22-Romi-ios-VO-cbo-zm1+%286928215078844%29,21,124.79999999999997,102.83999999999999,20
2026-05-29,Facebook+Installs,6746782904,0425-Romi-ios-VO-cbo-zm1+%286929615678044%29,12,509.37000000000046,217.7600000000001,63
2026-05-29,Facebook+Installs,6746782904,0513-Romi-ios-AEO-abo-zm1+%286941788247044%29,48,298.6500000000001,246.69000000000008,35
2026-05-29,Facebook+Installs,6746782904,0523-Romi-ios-AEO-abo-zm1%EF%BC%88%E8%A7%82%E5%AF%9F%EF%BC%89+%286949656440244%29,3,0,0,0
2026-05-29,Facebook+Installs,6746782904,0523-Romi-ios-AEO-abo-zm1+%286949656440244%29,24,124.92,124.92,8
2026-05-29,Facebook+Installs,6746782904,3.14+AEOc+cbo+cyl+%28120241002174210475%29,71,418.43000000000035,284.6800000000001,57
2026-05-29,Facebook+Installs,6746782904,4.18+VOc+cyl+%28120242759838130475%29,13,99.83999999999996,83.87999999999998,16
2026-05-29,Facebook+Installs,6746782904,5.13+VOc+cyl+%28120244392044050475%29,22,392.61000000000024,316.71000000000015,39
2026-05-29,Facebook+Installs,6746782904,Romi+iOS_syh_260416_AEO+%28120242387409150055%29,27,292.5000000000002,116.77999999999999,50
2026-05-29,Facebook+Installs,6746782904,Romi+iOS_syh_260416_VO+%28120242388498510055%29,77,1243.730000000001,668.2800000000004,127
2026-05-29,Facebook+Installs,6746782904,Romi+ios_wvv_260501_aeo_1+%28120243842848770517%29,46,327.64000000000016,171.8,36
2026-05-29,Facebook+Installs,6746782904,Romi+ios_wvv_260501_vo_1+%28120243842848770517%29,0,201.5100000000001,0,49
2026-05-29,Facebook+Installs,6746782904,Romi+ios_wvv_260524_VO_cc+%28120245642417830517%29,6,27.97,0,3
2026-05-29,Facebook+Installs,6746782904,Romi_ios_zmf_purchase_abo_0320_1+%28120248735216530151%29,11,127.89999999999998,127.89999999999998,10
2026-05-29,Facebook+Installs,6746782904,Romi_ios_zmf_purchase_abo_0528_1+%28120252900813130151%29,7,0,0,0
2026-05-29,Facebook+Installs,6746782904,Romi_ios_zmf_vo_cbo_0319_2+%28120243482931960228%29,22,393.46000000000026,233.71000000000004,54
2026-05-29,Facebook+Installs,6746782904,Romi_ios_zmf_vo_cbo_0325_1+%28120243690432680228%29,12,139.79999999999998,139.79999999999998,20
2026-05-29,Instagram+Installs,6746466099,0219_Luma_iOS_AEO_MCY+%286866373524315%29,6,126.91999999999997,78.97,8
2026-05-29,Instagram+Installs,6746466099,0407_Luma_iOS_AEO_MCY+%286894235051515%29,5,7.98,7.98,2
2026-05-29,Instagram+Installs,6746466099,0408_Luma_iOS_AEO_MCY+%286894809601315%29,19,68.9,42.95,10
2026-05-29,Instagram+Installs,6746466099,0417-2-Luma-ios-VO-cbo-zm1+%286939989053243%29,9,89.89999999999999,59.93000000000001,10
2026-05-29,Instagram+Installs,6746466099,0423-1-Luma-ios-VO-cbo-zm1+%286944142889643%29,30,149.83,141.85,17
2026-05-29,Instagram+Installs,6746466099,1230_Luma_iOS_AEO_MCY+%286848133765315%29,6,101.89999999999999,33.98,10
2026-05-29,Instagram+Installs,6746466099,Luma+iOS_cy1_260520_aeo+%28120245599901710256%29,3,0,0,0
2026-05-29,Instagram+Installs,6746466099,Luma+iOS_cy1_260521_aeo+%28120245700444740256%29,1,0,0,0
2026-05-29,Instagram+Installs,6746466099,Luma+iOS_cy1_260525_aeo+%28120245980448170256%29,10,264.59000000000015,164.74,41
2026-05-29,Instagram+Installs,6746466099,Luma+iOS_syh_260422_AEO+%28120241407442320137%29,63,160.73,81.83999999999999,27
2026-05-29,Instagram+Installs,6746466099,Luma+ios_wvv_20260421_AEO_1+%286903634491915%29,17,277.7900000000001,121.89999999999998,21
2026-05-29,Instagram+Installs,6746466099,Luma+ios_wvv_20260429_AEO_1+%286908533021715%29,3,7.98,0,2
2026-05-29,Instagram+Installs,6746466099,Luma+ios_wvv_260515_AEO+%286919840060715%29,2,0,0,0
2026-05-29,Instagram+Installs,6746466099,Luma+ios_zjc_20260502_AEO_1+%28120244337810030256%29,39,152.76999999999998,34.940000000000005,23
2026-05-29,Instagram+Installs,6746466099,Luma+ios_zjc_20260502_VO_ABO+%28120244401001560256%29,12,272.5800000000002,208.71000000000012,42
2026-05-29,Instagram+Installs,6746466099,Luma_ios_zmf_abo_0331_1+%286993503324612%29,2,0,0,0
2026-05-29,Instagram+Installs,6746466099,Luma_ios_zmf_abo_1220_2+%286945556930012%29,41,339.3000000000004,173.70000000000005,70
2026-05-29,Instagram+Installs,6746782904,0416-22-Romi-ios-VO-cbo-zm1+%286928215078844%29,24,341.41000000000037,45.940000000000005,59
2026-05-29,Instagram+Installs,6746782904,0425-Romi-ios-VO-cbo-zm1+%286929615678044%29,13,378.71000000000015,205.86000000000004,29
2026-05-29,Instagram+Installs,6746782904,3.14+AEOc+cbo+cyl+%28120241002174210475%29,150,1456.7900000000018,458.2300000000005,221
2026-05-29,Instagram+Installs,6746782904,4.18+VOc+cyl+%28120242759838130475%29,50,521.6700000000002,241.84000000000003,33
2026-05-29,Instagram+Installs,6746782904,5.13+VOc+cyl+%28120244392044050475%29,35,106.83,63.87000000000002,17
2026-05-29,Instagram+Installs,6746782904,Romi+iOS_syh_260416_AEO+%28120242387409150055%29,32,99.77999999999997,75.84,22
2026-05-29,Instagram+Installs,6746782904,Romi+iOS_syh_260416_VO+%28120242388498510055%29,47,294.3800000000003,202.61000000000007,62
2026-05-29,Instagram+Installs,6746782904,Romi_ios_zmf_purchase_abo_0320_1+%28120248735216530151%29,7,7.98,0,2
2026-05-29,Instagram+Installs,6746782904,Romi_ios_zmf_purchase_abo_0528_1+%28120252900813130151%29,28,7.98,7.98,2
2026-05-29,Instagram+Installs,6746782904,Romi_ios_zmf_vo_cbo_0319_2+%28120243482931960228%29,7,233.95000000000002,3.99,5
2026-05-29,Instagram+Installs,6746782904,Romi_ios_zmf_vo_cbo_0325_1+%28120243690432680228%29,3,0,0,0
2026-05-29,Luma+ios+FB+W2A,6746466099,0528-lhfb-Luma+ios-%2F%2Faaa+aeo1,28,643.2100000000005,333.72,79
2026-05-29,Off-Facebook+Installs,6746466099,Luma+ios_zjc_20260502_AEO_1+%28120244337810030256%29,3,0,0,0
2026-05-29,Off-Facebook+Installs,6746782904,0416-22-Romi-ios-VO-cbo-zm1+%286928215078844%29,2,7.98,7.98,2
2026-05-29,Off-Facebook+Installs,6746782904,3.14+AEOc+cbo+cyl+%28120241002174210475%29,2,11.97,0,3
2026-05-29,Off-Facebook+Installs,6746782904,5.13+VOc+cyl+%28120244392044050475%29,1,0,0,0
2026-05-29,Off-Facebook+Installs,6746782904,Romi+iOS_syh_260416_AEO+%28120242387409150055%29,3,59.97,39.98,3
2026-05-29,Off-Facebook+Installs,6746782904,Romi+iOS_syh_260416_VO+%28120242388498510055%29,3,0,0,0
2026-05-29,TikTok+SAN,6746466099,,56,259.52000000000015,147.73,48
2026-05-29,TikTok+SAN,6746466099,0509-lhtt-Luma+25-%2F%2Fs%2B%2B+cj+%281864613296193889%29,7,11.97,11.97,3
2026-05-29,TikTok+SAN,6746466099,0509-lhtt-Luma+25-%2F%2Fs%2B%2B+vo+%281864606132513969%29,10,115.89999999999999,17.97,10
2026-05-29,TikTok+SAN,6746466099,0509-lhtt-Luma+26-%2F%2Fs%2B%2B+cj+%281864605963826721%29,1,57.92000000000001,57.92000000000001,8
2026-05-29,TikTok+SAN,6746466099,Luma_ios_AEO_MCY_0228_s%2B_1+%281858365270760530%29,13,66.94,58.959999999999994,6
2026-05-29,TikTok+SAN,6746466099,Luma_ios_wcx_aeo_0120_smart_02+%281854728351163506%29,244,1701.620000000002,865.7900000000009,238
2026-05-29,TikTok+SAN,6746466099,Luma_ios_wcx_aeo_1119_smart++%281849118725316657%29,213,1361.9200000000017,947.590000000001,208
2026-05-29,TikTok+SAN,6746466099,Luma_ios_wcx_aeo_1225_smart++%281852385308106114%29,85,428.30000000000047,359.43000000000035,70
2026-05-29,TikTok+SAN,6746466099,Luma_ios_zmf_0408_smart_purchase_01+%281861791826664593%29,30,60.890000000000015,56.90000000000001,11
2026-05-30,Facebook+Installs,6746466099,0219_Luma_iOS_AEO_MCY+%286866373524315%29,25,171.75,84.87999999999998,25
2026-05-30,Facebook+Installs,6746466099,0407_Luma_iOS_AEO_MCY+%286894235051515%29,9,33.98,33.98,2
2026-05-30,Facebook+Installs,6746466099,0408_Luma_iOS_AEO_MCY+%286894809601315%29,19,11.97,11.97,3
2026-05-30,Facebook+Installs,6746466099,0417-2-Luma-ios-VO-cbo-zm1+%286939989053243%29,14,53.96,43.97,4
2026-05-30,Facebook+Installs,6746466099,0423-1-Luma-ios-VO-cbo-zm1+%286944142889643%29,81,490.31000000000046,330.6100000000002,69
2026-05-30,Facebook+Installs,6746466099,1230_Luma_iOS_AEO_MCY+%286848133765315%29,11,171.9,79.97999999999999,10
2026-05-30,Facebook+Installs,6746466099,Luma+iOS_cy1_260521_aeo+%28120245700444740256%29,4,14.99,0,1
2026-05-30,Facebook+Installs,6746466099,Luma+iOS_cy1_260525_aeo+%28120245980448170256%29,19,73.83000000000001,27.930000000000007,17
2026-05-30,Facebook+Installs,6746466099,Luma+iOS_cy1_260529_aeo+%28120246299865950256%29,1,0,0,0
2026-05-30,Facebook+Installs,6746466099,Luma+iOS_syh_260422_AEO+%28120241407442320137%29,84,353.5200000000002,188.71000000000004,48
2026-05-30,Facebook+Installs,6746466099,Luma+ios_wvv_20260421_AEO_1+%286903634491915%29,1,0,0,0
2026-05-30,Facebook+Installs,6746466099,Luma+ios_wvv_20260429_AEO_1+%286908533021715%29,27,166.77000000000004,86.87,23
2026-05-30,Facebook+Installs,6746466099,Luma+ios_zjc_20260502_AEO_1+%28120244337810030256%29,53,681.1300000000006,413.55000000000024,87
2026-05-30,Facebook+Installs,6746466099,Luma+ios_zjc_20260502_VO_ABO+%28120244401001560256%29,25,102.79999999999998,63.87000000000002,20
2026-05-30,Facebook+Installs,6746466099,Luma_ios_zmf_abo_0331_1+%286993503324612%29,45,468.6200000000001,52.91000000000001,38
2026-05-30,Facebook+Installs,6746466099,Luma_ios_zmf_abo_1220_2+%286945556930012%29,49,249.52000000000015,115.78999999999995,48
2026-05-30,Facebook+Installs,6746782904,%EF%BC%88%E5%85%AC%E4%B8%BB%E5%8F%AF%E4%BB%A5%E5%85%B3%EF%BC%890523-Romi-ios-AEO-abo-zm1+%286949656440244%29,10,131.76999999999998,47.91000000000001,23
2026-05-30,Facebook+Installs,6746782904,0416-22-Romi-ios-VO-cbo-zm1+%286928215078844%29,31,403.5200000000004,229.89000000000004,48
2026-05-30,Facebook+Installs,6746782904,0425-Romi-ios-VO-cbo-zm1+%286929615678044%29,9,56.90000000000001,52.91000000000001,10
2026-05-30,Facebook+Installs,6746782904,0513-Romi-ios-AEO-abo-zm1+%286941788247044%29,59,535.3100000000004,357.6100000000001,69
2026-05-30,Facebook+Installs,6746782904,3.14+AEOc+cbo+cyl+%28120241002174210475%29,89,595.2100000000005,317.6200000000002,79
2026-05-30,Facebook+Installs,6746782904,4.18+VOc+cyl+%28120242759838130475%29,15,27.930000000000007,23.940000000000005,7
2026-05-30,Facebook+Installs,6746782904,5.13+VOc+cyl+%28120244392044050475%29,16,326.53000000000026,140.8,47
2026-05-30,Facebook+Installs,6746782904,Romi+iOS_ZJC_2600522_VO+%28120244855947250055%29,2,0,0,0
2026-05-30,Facebook+Installs,6746782904,Romi+iOS_syh_260416_AEO+%28120242387409150055%29,34,95.83999999999997,71.9,16
2026-05-30,Facebook+Installs,6746782904,Romi+iOS_syh_260416_VO+%28120242388498510055%29,68,712.2900000000004,471.4900000000003,71
2026-05-30,Facebook+Installs,6746782904,Romi+ios_wvv_260501_aeo_1+%28120243842848770517%29,37,273.66000000000014,249.7200000000001,34
2026-05-30,Facebook+Installs,6746782904,Romi+ios_wvv_260501_vo_1+%28120243842848770517%29,0,153.81,0,19
2026-05-30,Facebook+Installs,6746782904,Romi+ios_wvv_260530_aeo+%28120246075137210517%29,23,45.90000000000001,37.92000000000001,10
2026-05-30,Facebook+Installs,6746782904,Romi_ios_zmf_purchase_abo_0320_1+%28120248735216530151%29,13,639.6900000000002,153.94,31
2026-05-30,Facebook+Installs,6746782904,Romi_ios_zmf_purchase_abo_0528_1+%28120252900813130151%29,6,0,0,0
2026-05-30,Facebook+Installs,6746782904,Romi_ios_zmf_vo_cbo_0319_2+%28120243482931960228%29,29,434.2200000000004,334.40000000000026,78
2026-05-30,Facebook+Installs,6746782904,Romi_ios_zmf_vo_cbo_0325_1+%28120243690432680228%29,4,81.81,77.82000000000001,19
2026-05-30,Instagram+Installs,6746466099,0219_Luma_iOS_AEO_MCY+%286866373524315%29,13,35.91000000000001,35.91000000000001,9
2026-05-30,Instagram+Installs,6746466099,0407_Luma_iOS_AEO_MCY+%286894235051515%29,4,166.64999999999998,35.91000000000001,35
2026-05-30,Instagram+Installs,6746466099,0408_Luma_iOS_AEO_MCY+%286894809601315%29,8,3.99,3.99,1
2026-05-30,Instagram+Installs,6746466099,0417-2-Luma-ios-VO-cbo-zm1+%286939989053243%29,14,588.4600000000004,148.91,54
2026-05-30,Instagram+Installs,6746466099,0423-1-Luma-ios-VO-cbo-zm1+%286944142889643%29,34,151.72,121.77999999999994,28
2026-05-30,Instagram+Installs,6746466099,1230_Luma_iOS_AEO_MCY+%286848133765315%29,8,92.85999999999997,76.89999999999999,14
2026-05-30,Instagram+Installs,6746466099,Luma+iOS_cy1_260521_aeo+%28120245700444740256%29,1,0,0,0
2026-05-30,Instagram+Installs,6746466099,Luma+iOS_cy1_260525_aeo+%28120245980448170256%29,3,0,0,0
2026-05-30,Instagram+Installs,6746466099,Luma+iOS_cy1_260529_aeo+%28120246299865950256%29,5,148.92000000000002,108.94,8
2026-05-30,Instagram+Installs,6746466099,Luma+iOS_syh_260422_AEO+%28120241407442320137%29,48,175.75000000000003,135.80999999999997,25
2026-05-30,Instagram+Installs,6746466099,Luma+ios_wvv_20260421_AEO_1+%286903634491915%29,3,0,0,0
2026-05-30,Instagram+Installs,6746466099,Luma+ios_wvv_20260429_AEO_1+%286908533021715%29,8,19.950000000000003,19.950000000000003,5
2026-05-30,Instagram+Installs,6746466099,Luma+ios_wvv_260515_AEO+%286919840060715%29,1,0,0,0
2026-05-30,Instagram+Installs,6746466099,Luma+ios_zjc_20260502_AEO_1+%28120244337810030256%29,56,299.48000000000025,213.6800000000001,52
2026-05-30,Instagram+Installs,6746466099,Luma+ios_zjc_20260502_VO_ABO+%28120244401001560256%29,25,367.62000000000023,199.85000000000002,38
2026-05-30,Instagram+Installs,6746466099,Luma_ios_zmf_abo_0331_1+%286993503324612%29,8,18.98,18.98,2
2026-05-30,Instagram+Installs,6746466099,Luma_ios_zmf_abo_1220_2+%286945556930012%29,14,19.99,19.99,1
2026-05-30,Instagram+Installs,6746782904,0416-22-Romi-ios-VO-cbo-zm1+%286928215078844%29,20,973.1400000000006,429.3500000000004,86
2026-05-30,Instagram+Installs,6746782904,0425-Romi-ios-VO-cbo-zm1+%286929615678044%29,18,42.92000000000001,42.92000000000001,8
2026-05-30,Instagram+Installs,6746782904,3.14+AEOc+cbo+cyl+%28120241002174210475%29,183,598.9600000000007,360.37000000000035,104
2026-05-30,Instagram+Installs,6746782904,4.18+VOc+cyl+%28120242759838130475%29,66,350.30000000000035,310.40000000000026,70
2026-05-30,Instagram+Installs,6746782904,5.13+VOc+cyl+%28120244392044050475%29,38,291.65000000000015,237.7400000000001,35
2026-05-30,Instagram+Installs,6746782904,Romi+iOS_syh_260416_AEO+%28120242387409150055%29,19,86.88000000000001,28.97,12
2026-05-30,Instagram+Installs,6746782904,Romi+iOS_syh_260416_VO+%28120242388498510055%29,59,660.0700000000006,375.3500000000004,93
2026-05-30,Instagram+Installs,6746782904,Romi_ios_zmf_purchase_abo_0320_1+%28120248735216530151%29,10,3.99,3.99,1
2026-05-30,Instagram+Installs,6746782904,Romi_ios_zmf_purchase_abo_0528_1+%28120252900813130151%29,13,21.96,21.96,4
2026-05-30,Instagram+Installs,6746782904,Romi_ios_zmf_vo_cbo_0319_2+%28120243482931960228%29,13,288.6400000000002,156.87,36
2026-05-30,Instagram+Installs,6746782904,Romi_ios_zmf_vo_cbo_0325_1+%28120243690432680228%29,1,0,0,0
2026-05-30,Luma+ios+FB+W2A,6746466099,0528-lhfb-Luma+ios-%2F%2Faaa+aeo1,16,231.86000000000004,195.92,14
2026-05-30,Luma+ios+FB+W2A,6746466099,0530-lhfb-Luma+ios-%2F%2Faaa+aeo2,10,3.99,3.99,1
2026-05-30,Off-Facebook+Installs,6746466099,0219_Luma_iOS_AEO_MCY+%286866373524315%29,2,72.93999999999998,3.99,6
2026-05-30,Off-Facebook+Installs,6746466099,0407_Luma_iOS_AEO_MCY+%286894235051515%29,1,19.950000000000003,0,5
2026-05-30,Off-Facebook+Installs,6746466099,Luma+ios_zjc_20260502_AEO_1+%28120244337810030256%29,2,0,0,0
2026-05-30,Off-Facebook+Installs,6746782904,0416-22-Romi-ios-VO-cbo-zm1+%286928215078844%29,2,0,0,0
2026-05-30,Off-Facebook+Installs,6746782904,3.14+AEOc+cbo+cyl+%28120241002174210475%29,3,0,0,0
2026-05-30,Off-Facebook+Installs,6746782904,4.18+VOc+cyl+%28120242759838130475%29,2,79.97999999999999,69.99,2
2026-05-30,Off-Facebook+Installs,6746782904,Romi+iOS_syh_260416_AEO+%28120242387409150055%29,4,0,0,0
2026-05-30,Off-Facebook+Installs,6746782904,Romi_ios_zmf_vo_cbo_0319_2+%28120243482931960228%29,1,0,0,0
2026-05-30,TikTok+SAN,6746466099,,48,519.2800000000003,292.52000000000015,72
2026-05-30,TikTok+SAN,6746466099,0509-lhtt-Luma+25-%2F%2Fs%2B%2B+cj+%281864613296193889%29,10,0,0,0
2026-05-30,TikTok+SAN,6746466099,Luma_ios_AEO_MCY_0127_s%2B_2+%281855466155544610%29,4,7.98,7.98,2
2026-05-30,TikTok+SAN,6746466099,Luma_ios_AEO_MCY_0228_s%2B_1+%281858365270760530%29,9,67.86000000000001,53.88000000000002,14
2026-05-30,TikTok+SAN,6746466099,Luma_ios_wcx_aeo_0120_smart_02+%281854728351163506%29,186,1180.2600000000014,713.9300000000007,174
2026-05-30,TikTok+SAN,6746466099,Luma_ios_wcx_aeo_1119_smart++%281849118725316657%29,198,1515.4500000000012,976.8900000000008,155
2026-05-30,TikTok+SAN,6746466099,Luma_ios_wcx_aeo_1225_smart++%281852385308106114%29,96,598.0000000000006,333.4900000000002,100
2026-05-30,TikTok+SAN,6746466099,Luma_ios_zmf_0408_smart_purchase_01+%281861791826664593%29,16,17.97,17.97,3
2026-05-30,TikTok+SAN,6746466099,Luma_ios_zmf_0530_smart_purchase_01+%281866502474543474%29,5,474.6700000000002,135.87,33
2026-05-30,TikTok+SAN,6746466099,Luma_ios_zmf_0530_smart_purchase_02+%281866502530364481%29,5,101.91999999999999,91.92999999999999,8
2026-05-31,Facebook+Installs,6746466099,0219_Luma_iOS_AEO_MCY+%286866373524315%29,31,55.86000000000002,23.940000000000005,14
2026-05-31,Facebook+Installs,6746466099,0407_Luma_iOS_AEO_MCY+%286894235051515%29,2,14.99,0,1
2026-05-31,Facebook+Installs,6746466099,0408_Luma_iOS_AEO_MCY+%286894809601315%29,17,7.98,7.98,2
2026-05-31,Facebook+Installs,6746466099,0417-2-Luma-ios-VO-cbo-zm1+%286939989053243%29,14,13.98,9.99,2
2026-05-31,Facebook+Installs,6746466099,0423-1-Luma-ios-VO-cbo-zm1+%286944142889643%29,67,242.7300000000001,166.81000000000003,27
2026-05-31,Facebook+Installs,6746466099,1230_Luma_iOS_AEO_MCY+%286848133765315%29,11,120.86999999999998,80.88999999999999,13
2026-05-31,Facebook+Installs,6746466099,Luma+iOS_cy1_260521_aeo+%28120245700444740256%29,1,0,0,0
2026-05-31,Facebook+Installs,6746466099,Luma+iOS_cy1_260525_aeo+%28120245980448170256%29,12,41.940000000000005,23.97,6
2026-05-31,Facebook+Installs,6746466099,Luma+iOS_syh_260422_AEO+%28120241407442320137%29,92,689.630000000001,300.55000000000024,137
2026-05-31,Facebook+Installs,6746466099,Luma+ios_wvv_20260421_AEO_1+%286903634491915%29,5,23.979999999999997,3.99,2
2026-05-31,Facebook+Installs,6746466099,Luma+ios_wvv_20260429_AEO_1+%286908533021715%29,27,81.89999999999998,57.96,10
2026-05-31,Facebook+Installs,6746466099,Luma+ios_zjc_20260502_AEO_1+%28120244337810030256%29,56,164.76000000000002,140.81999999999996,24
2026-05-31,Facebook+Installs,6746466099,Luma+ios_zjc_20260502_VO_ABO+%28120244401001560256%29,30,133.88,103.88999999999999,12
2026-05-31,Facebook+Installs,6746466099,Luma_ios_zmf_abo_0331_1+%286993503324612%29,46,86.83999999999999,56.90000000000001,16
2026-05-31,Facebook+Installs,6746466099,Luma_ios_zmf_abo_1220_2+%286945556930012%29,23,146.83,89.89,17
2026-05-31,Facebook+Installs,6746782904,%EF%BC%88%E5%85%AC%E4%B8%BB%E5%8F%AF%E4%BB%A5%E5%85%B3%EF%BC%890523-Romi-ios-AEO-abo-zm1+%286949656440244%29,1,0,0,0
2026-05-31,Facebook+Installs,6746782904,0416-22-Romi-ios-VO-cbo-zm1+%286928215078844%29,37,67.86000000000001,63.87000000000002,14
2026-05-31,Facebook+Installs,6746782904,0425-Romi-ios-VO-cbo-zm1+%286929615678044%29,9,137.86999999999998,71.94,13
2026-05-31,Facebook+Installs,6746782904,0513-Romi-ios-AEO-abo-zm1+%286941788247044%29,67,224.63000000000014,182.72000000000006,37
2026-05-31,Facebook+Installs,6746782904,3.14+AEOc+cbo+cyl+%28120241002174210475%29,103,701.3400000000004,104.83999999999997,66
2026-05-31,Facebook+Installs,6746782904,4.18+VOc+cyl+%28120242759838130475%29,16,175.77,46.940000000000005,23
2026-05-31,Facebook+Installs,6746782904,5.13+VOc+cyl+%28120244392044050475%29,23,195.73000000000002,195.73000000000002,27
2026-05-31,Facebook+Installs,6746782904,Romi+iOS_syh_260416_AEO+%28120242387409150055%29,37,47.92000000000001,43.93000000000001,8
2026-05-31,Facebook+Installs,6746782904,Romi+iOS_syh_260416_VO+%28120242388498510055%29,96,667.3500000000004,519.4900000000002,65
2026-05-31,Facebook+Installs,6746782904,Romi+ios_wvv_260501_aeo_1+%28120243842848770517%29,27,238.76000000000008,238.76000000000008,24
2026-05-31,Facebook+Installs,6746782904,Romi+ios_wvv_260501_vo_1+%28120243842848770517%29,0,218.62000000000015,0,38
2026-05-31,Facebook+Installs,6746782904,Romi+ios_wvv_260530_aeo+%28120246075137210517%29,1,0,0,0
2026-05-31,Facebook+Installs,6746782904,Romi_ios_zmf_purchase_abo_0320_1+%28120248735216530151%29,23,39.90000000000001,39.90000000000001,10
2026-05-31,Facebook+Installs,6746782904,Romi_ios_zmf_purchase_abo_0528_1+%28120252900813130151%29,17,52.940000000000005,52.940000000000005,6
2026-05-31,Facebook+Installs,6746782904,Romi_ios_zmf_vo_cbo_0319_2+%28120243482931960228%29,38,270.5700000000002,186.78000000000006,43
2026-05-31,Facebook+Installs,6746782904,Romi_ios_zmf_vo_cbo_0325_1+%28120243690432680228%29,10,362.46000000000026,104.81999999999996,54
2026-05-31,Instagram+Installs,6746466099,0219_Luma_iOS_AEO_MCY+%286866373524315%29,15,56.90000000000001,18.98,10
2026-05-31,Instagram+Installs,6746466099,0407_Luma_iOS_AEO_MCY+%286894235051515%29,14,33.97,33.97,3
2026-05-31,Instagram+Installs,6746466099,0408_Luma_iOS_AEO_MCY+%286894809601315%29,12,7.98,3.99,2
2026-05-31,Instagram+Installs,6746466099,0417-2-Luma-ios-VO-cbo-zm1+%286939989053243%29,5,13.98,9.99,2
2026-05-31,Instagram+Installs,6746466099,0423-1-Luma-ios-VO-cbo-zm1+%286944142889643%29,42,407.59000000000026,284.84000000000003,41
2026-05-31,Instagram+Installs,6746466099,1230_Luma_iOS_AEO_MCY+%286848133765315%29,5,0,0,0
2026-05-31,Instagram+Installs,6746466099,Luma+iOS_cy1_260520_aeo+%28120245599901710256%29,0,3.99,0,1
2026-05-31,Instagram+Installs,6746466099,Luma+iOS_cy1_260525_aeo+%28120245980448170256%29,2,0,0,0
2026-05-31,Instagram+Installs,6746466099,Luma+iOS_cy1_260529_aeo+%28120246299865950256%29,6,11.97,3.99,3
2026-05-31,Instagram+Installs,6746466099,Luma+iOS_syh_260422_AEO+%28120241407442320137%29,54,215.6600000000001,150.78,34
2026-05-31,Instagram+Installs,6746466099,Luma+ios_wvv_20260421_AEO_1+%286903634491915%29,16,99.82,99.82,18
2026-05-31,Instagram+Installs,6746466099,Luma+ios_wvv_20260429_AEO_1+%286908533021715%29,8,0,0,0
2026-05-31,Instagram+Installs,6746466099,Luma+ios_wvv_260515_AEO+%286919840060715%29,2,0,0,0
2026-05-31,Instagram+Installs,6746466099,Luma+ios_zjc_20260502_AEO_1+%28120244337810030256%29,89,360.41000000000037,278.53000000000026,59
2026-05-31,Instagram+Installs,6746466099,Luma+ios_zjc_20260502_VO_ABO+%28120244401001560256%29,27,349.7600000000001,241.79000000000008,24
2026-05-31,Instagram+Installs,6746466099,Luma_ios_zmf_abo_0331_1+%286993503324612%29,5,0,0,0
2026-05-31,Instagram+Installs,6746466099,Luma_ios_zmf_abo_1220_2+%286945556930012%29,21,122.78999999999996,49.93000000000001,21
2026-05-31,Instagram+Installs,6746782904,0416-22-Romi-ios-VO-cbo-zm1+%286928215078844%29,44,512.4500000000003,172.75000000000006,55
2026-05-31,Instagram+Installs,6746782904,0425-Romi-ios-VO-cbo-zm1+%286929615678044%29,32,29.940000000000005,7.98,6
2026-05-31,Instagram+Installs,6746782904,3.14+AEOc+cbo+cyl+%28120241002174210475%29,126,266.65000000000015,212.74000000000007,35
2026-05-31,Instagram+Installs,6746782904,4.18+VOc+cyl+%28120242759838130475%29,57,427.44000000000034,288.64000000000016,56
2026-05-31,Instagram+Installs,6746782904,5.13+VOc+cyl+%28120244392044050475%29,58,615.3500000000005,492.5700000000003,65
2026-05-31,Instagram+Installs,6746782904,Romi+iOS_syh_260416_AEO+%28120242387409150055%29,20,7.98,3.99,2
2026-05-31,Instagram+Installs,6746782904,Romi+iOS_syh_260416_VO+%28120242388498510055%29,52,478.3400000000004,342.5600000000002,66
2026-05-31,Instagram+Installs,6746782904,Romi_ios_zmf_purchase_abo_0320_1+%28120248735216530151%29,7,27.930000000000007,23.940000000000005,7
2026-05-31,Instagram+Installs,6746782904,Romi_ios_zmf_purchase_abo_0528_1+%28120252900813130151%29,11,31.92000000000001,31.92000000000001,8
2026-05-31,Instagram+Installs,6746782904,Romi_ios_zmf_vo_cbo_0319_2+%28120243482931960228%29,15,89.81999999999998,45.93000000000001,18
2026-05-31,Instagram+Installs,6746782904,Romi_ios_zmf_vo_cbo_0325_1+%28120243690432680228%29,6,42.92000000000001,42.92000000000001,8
2026-05-31,Luma+ios+FB+W2A,6746466099,0528-lhfb-Luma+ios-%2F%2Faaa+aeo1,8,3.99,3.99,1
2026-05-31,Luma+ios+FB+W2A,6746466099,0530-lhfb-Luma+ios-%2F%2Faaa+aeo2,2,0,0,0
2026-05-31,Off-Facebook+Installs,6746466099,0219_Luma_iOS_AEO_MCY+%286866373524315%29,3,34.97,34.97,3
2026-05-31,Off-Facebook+Installs,6746466099,Luma+iOS_syh_260422_AEO+%28120241407442320137%29,1,0,0,0
2026-05-31,Off-Facebook+Installs,6746466099,Luma+ios_wvv_20260429_AEO_1+%286908533021715%29,1,0,0,0
2026-05-31,Off-Facebook+Installs,6746782904,3.14+AEOc+cbo+cyl+%28120241002174210475%29,7,0,0,0
2026-05-31,Off-Facebook+Installs,6746782904,Romi+iOS_syh_260416_AEO+%28120242387409150055%29,4,0,0,0
2026-05-31,Off-Facebook+Installs,6746782904,Romi+iOS_syh_260416_VO+%28120242388498510055%29,0,3.99,0,1
2026-05-31,TikTok+SAN,6746466099,,52,1063.8200000000008,507.26000000000045,118
2026-05-31,TikTok+SAN,6746466099,0509-lhtt-Luma+25-%2F%2Fs%2B%2B+cj+%281864613296193889%29,7,0,0,0
2026-05-31,TikTok+SAN,6746466099,0509-lhtt-Luma+25-%2F%2Fs%2B%2B+vo+%281864606132513969%29,16,92.81,49.890000000000015,19
2026-05-31,TikTok+SAN,6746466099,Luma_ios_AEO_MCY_0127_s%2B_2+%281855466155544610%29,4,0,0,0
2026-05-31,TikTok+SAN,6746466099,Luma_ios_AEO_MCY_0228_s%2B_1+%281858365270760530%29,5,17.97,17.97,3
2026-05-31,TikTok+SAN,6746466099,Luma_ios_wcx_aeo_0120_smart_02+%281854728351163506%29,224,1290.3100000000013,845.8400000000008,169
2026-05-31,TikTok+SAN,6746466099,Luma_ios_wcx_aeo_1119_smart++%281849118725316657%29,215,2378.359999999997,904.9100000000009,264
2026-05-31,TikTok+SAN,6746466099,Luma_ios_wcx_aeo_1225_smart++%281852385308106114%29,100,494.2800000000005,324.63000000000017,72
2026-05-31,TikTok+SAN,6746466099,Luma_ios_zmf_0408_smart_purchase_01+%281861791826664593%29,27,351.48000000000025,53.92000000000001,52
2026-05-31,TikTok+SAN,6746466099,Luma_ios_zmf_0530_smart_purchase_01+%281866502474543474%29,3,0,0,0
2026-05-31,TikTok+SAN,6746466099,Luma_ios_zmf_0530_smart_purchase_02+%281866502530364481%29,6,187.6200000000001,131.75999999999996,38
2026-06-01,Facebook+Installs,6746466099,0219_Luma_iOS_AEO_MCY+%286866373524315%29,19,54.92000000000001,3.99,8
2026-06-01,Facebook+Installs,6746466099,0407_Luma_iOS_AEO_MCY+%286894235051515%29,8,23.940000000000005,23.940000000000005,6
2026-06-01,Facebook+Installs,6746466099,0408_Luma_iOS_AEO_MCY+%286894809601315%29,18,262.76000000000005,72.92,24
2026-06-01,Facebook+Installs,6746466099,0417-2-Luma-ios-VO-cbo-zm1+%286939989053243%29,24,210.73000000000002,142.77999999999997,27
2026-06-01,Facebook+Installs,6746466099,0423-1-Luma-ios-VO-cbo-zm1+%286944142889643%29,49,395.82000000000005,108.91999999999997,18
2026-06-01,Facebook+Installs,6746466099,1230_Luma_iOS_AEO_MCY+%286848133765315%29,15,554.6300000000002,178.87000000000003,37
2026-06-01,Facebook+Installs,6746466099,Luma+iOS_cy1_260525_aeo+%28120245980448170256%29,4,0,0,0
2026-06-01,Facebook+Installs,6746466099,Luma+iOS_cy1_260529_aeo+%28120246299865950256%29,2,0,0,0
2026-06-01,Facebook+Installs,6746466099,Luma+iOS_syh_260422_AEO+%28120241407442320137%29,62,214.67000000000004,82.85,33
2026-06-01,Facebook+Installs,6746466099,Luma+ios_wvv_20260421_AEO_1+%286903634491915%29,16,310.6600000000001,67.9,34
2026-06-01,Facebook+Installs,6746466099,Luma+ios_wvv_20260429_AEO_1+%286908533021715%29,6,7.98,7.98,2
2026-06-01,Facebook+Installs,6746466099,Luma+ios_wvv_260515_AEO+%286919840060715%29,2,0,0,0
2026-06-01,Facebook+Installs,6746466099,Luma+ios_zjc_20260502_AEO_1+%28120244337810030256%29,40,154.74,90.84,26
2026-06-01,Facebook+Installs,6746466099,Luma+ios_zjc_20260502_VO_ABO+%28120244401001560256%29,37,367.58000000000015,288.6700000000001,42
2026-06-01,Facebook+Installs,6746466099,Luma_ios_zmf_abo_0331_1+%286993503324612%29,30,39.90000000000001,0,10
2026-06-01,Facebook+Installs,6746466099,Luma_ios_zmf_abo_1220_2+%286945556930012%29,31,140.72,76.85000000000001,28
2026-06-01,Facebook+Installs,6746782904,%EF%BC%88%E5%85%AC%E4%B8%BB%E5%8F%AF%E4%BB%A5%E5%85%B3%EF%BC%890523-Romi-ios-AEO-abo-zm1+%286949656440244%29,1,0,0,0
2026-06-01,Facebook+Installs,6746782904,0416-22-Romi-ios-VO-cbo-zm1+%286928215078844%29,32,458.4200000000003,281.5400000000002,58
2026-06-01,Facebook+Installs,6746782904,0425-Romi-ios-VO-cbo-zm1+%286929615678044%29,9,50.93000000000001,50.93000000000001,7
2026-06-01,Facebook+Installs,6746782904,0513-Romi-ios-AEO-abo-zm1+%286941788247044%29,65,325.4600000000002,223.6100000000001,54
2026-06-01,Facebook+Installs,6746782904,3.14+AEOc+cbo+cyl+%28120241002174210475%29,74,629.6200000000001,143.84,38
2026-06-01,Facebook+Installs,6746782904,4.18+VOc+cyl+%28120242759838130475%29,39,239.6000000000001,109.83999999999996,40
2026-06-01,Facebook+Installs,6746782904,5.13+VOc+cyl+%28120244392044050475%29,34,590.4900000000002,212.74000000000004,51
2026-06-01,Facebook+Installs,6746782904,Romi+iOS_syh_260416_AEO+%28120242387409150055%29,29,386.6500000000002,216.82000000000008,35
2026-06-01,Facebook+Installs,6746782904,Romi+iOS_syh_260416_VO+%28120242388498510055%29,100,2153.019999999999,739.1500000000005,198
2026-06-01,Facebook+Installs,6746782904,Romi+ios_wvv_260501_aeo_1+%28120243842848770517%29,50,129.84999999999997,129.84999999999997,15
2026-06-01,Facebook+Installs,6746782904,Romi+ios_wvv_260501_vo_1+%28120243842848770517%29,15,280.8,93.92999999999998,20
2026-06-01,Facebook+Installs,6746782904,Romi+ios_wvv_260530_aeo+%28120246075137210517%29,45,83.82,75.84,18
2026-06-01,Facebook+Installs,6746782904,Romi_ios_zmf_purchase_abo_0320_1+%28120248735216530151%29,16,3.99,3.99,1
2026-06-01,Facebook+Installs,6746782904,Romi_ios_zmf_purchase_abo_0528_1+%28120252900813130151%29,23,192.64000000000001,51.949999999999996,36
2026-06-01,Facebook+Installs,6746782904,Romi_ios_zmf_vo_cbo_0319_2+%28120243482931960228%29,59,771.1000000000006,428.4500000000003,90
2026-06-01,Facebook+Installs,6746782904,Romi_ios_zmf_vo_cbo_0325_1+%28120243690432680228%29,14,56.90000000000001,48.92000000000001,10
2026-06-01,Instagram+Installs,6746466099,0219_Luma_iOS_AEO_MCY+%286866373524315%29,17,204.64000000000013,89.89999999999998,36
2026-06-01,Instagram+Installs,6746466099,0407_Luma_iOS_AEO_MCY+%286894235051515%29,5,31.92000000000001,31.92000000000001,8
2026-06-01,Instagram+Installs,6746466099,0408_Luma_iOS_AEO_MCY+%286894809601315%29,26,112.83999999999996,96.87999999999998,16
2026-06-01,Instagram+Installs,6746466099,0417-2-Luma-ios-VO-cbo-zm1+%286939989053243%29,3,21.96,21.96,4
2026-06-01,Instagram+Installs,6746466099,0423-1-Luma-ios-VO-cbo-zm1+%286944142889643%29,32,312.49000000000024,142.78,51
2026-06-01,Instagram+Installs,6746466099,1230_Luma_iOS_AEO_MCY+%286848133765315%29,6,15.96,15.96,4
2026-06-01,Instagram+Installs,6746466099,Luma+iOS_cy1_260525_aeo+%28120245980448170256%29,6,57.92000000000001,3.99,8
2026-06-01,Instagram+Installs,6746466099,Luma+iOS_cy1_260529_aeo+%28120246299865950256%29,4,3.99,3.99,1
2026-06-01,Instagram+Installs,6746466099,Luma+iOS_syh_260422_AEO+%28120241407442320137%29,42,160.79,86.88999999999999,21
2026-06-01,Instagram+Installs,6746466099,Luma+ios_wvv_20260421_AEO_1+%286903634491915%29,3,15.96,15.96,4
2026-06-01,Instagram+Installs,6746466099,Luma+ios_zjc_20260502_AEO_1+%28120244337810030256%29,48,82.82,58.88000000000002,18
2026-06-01,Instagram+Installs,6746466099,Luma+ios_zjc_20260502_VO_ABO+%28120244401001560256%29,34,413.2900000000005,136.82999999999998,71
2026-06-01,Instagram+Installs,6746466099,Luma_ios_zmf_abo_0331_1+%286993503324612%29,8,7.98,3.99,2
2026-06-01,Instagram+Installs,6746466099,Luma_ios_zmf_abo_1220_2+%286945556930012%29,13,0,0,0
2026-06-01,Instagram+Installs,6746782904,0416-22-Romi-ios-VO-cbo-zm1+%286928215078844%29,31,375.54000000000036,303.65000000000026,46
2026-06-01,Instagram+Installs,6746782904,0425-Romi-ios-VO-cbo-zm1+%286929615678044%29,29,625.1000000000006,324.49000000000024,90
2026-06-01,Instagram+Installs,6746782904,3.14+AEOc+cbo+cyl+%28120241002174210475%29,115,831.8800000000007,366.4600000000002,112
2026-06-01,Instagram+Installs,6746782904,4.18+VOc+cyl+%28120242759838130475%29,40,193.79000000000008,185.81000000000006,21
2026-06-01,Instagram+Installs,6746782904,5.13+VOc+cyl+%28120244392044050475%29,60,449.48000000000025,285.6400000000001,52
2026-06-01,Instagram+Installs,6746782904,Romi+iOS_syh_260416_AEO+%28120242387409150055%29,16,68.87,68.87,13
2026-06-01,Instagram+Installs,6746782904,Romi+iOS_syh_260416_VO+%28120242388498510055%29,73,599.2600000000004,260.6800000000001,74
2026-06-01,Instagram+Installs,6746782904,Romi_ios_zmf_purchase_abo_0320_1+%28120248735216530151%29,9,11.97,7.98,3
2026-06-01,Instagram+Installs,6746782904,Romi_ios_zmf_purchase_abo_0528_1+%28120252900813130151%29,16,0,0,0
2026-06-01,Instagram+Installs,6746782904,Romi_ios_zmf_vo_cbo_0319_2+%28120243482931960228%29,17,78.86,22.97,14
2026-06-01,Instagram+Installs,6746782904,Romi_ios_zmf_vo_cbo_0325_1+%28120243690432680228%29,7,53.88000000000002,49.890000000000015,12
2026-06-01,Luma+ios+FB+W2A,6746466099,0528-lhfb-Luma+ios-%2F%2Faaa+aeo1,6,44.98,44.98,2
2026-06-01,Luma+ios+FB+W2A,6746466099,0530-lhfb-Luma+ios-%2F%2Faaa+aeo2,3,0,0,0
2026-06-01,Off-Facebook+Installs,6746466099,0219_Luma_iOS_AEO_MCY+%286866373524315%29,3,139.82999999999998,33.96,17
2026-06-01,Off-Facebook+Installs,6746466099,0408_Luma_iOS_AEO_MCY+%286894809601315%29,2,0,0,0
2026-06-01,Off-Facebook+Installs,6746466099,Luma+iOS_syh_260422_AEO+%28120241407442320137%29,1,0,0,0
2026-06-01,Off-Facebook+Installs,6746782904,3.14+AEOc+cbo+cyl+%28120241002174210475%29,4,64.91000000000001,7.98,9
2026-06-01,Off-Facebook+Installs,6746782904,Romi+iOS_syh_260416_AEO+%28120242387409150055%29,4,15.96,15.96,4
2026-06-01,Off-Facebook+Installs,6746782904,Romi+iOS_syh_260416_VO+%28120242388498510055%29,1,173.88,69.99,12
2026-06-01,TikTok+SAN,6746466099,,52,561.4800000000002,263.6600000000001,52
2026-06-01,TikTok+SAN,6746466099,0509-lhtt-Luma+25-%2F%2Fs%2B%2B+cj+%281864613296193889%29,2,0,0,0
2026-06-01,TikTok+SAN,6746466099,0509-lhtt-Luma+25-%2F%2Fs%2B%2B+vo+%281864606132513969%29,21,337.76000000000005,95.89999999999998,24
2026-06-01,TikTok+SAN,6746466099,0509-lhtt-Luma+25-%2F%2Fs%2B%2B+vo_1+%281865874720870849%29,1,0,0,0
2026-06-01,TikTok+SAN,6746466099,Luma_ios_AEO_MCY_0127_s%2B_2+%281855466155544610%29,2,139.88,17.97,12
2026-06-01,TikTok+SAN,6746466099,Luma_ios_AEO_MCY_0228_s%2B_1+%281858365270760530%29,6,0,0,0
2026-06-01,TikTok+SAN,6746466099,Luma_ios_wcx_aeo_0120_smart_02+%281854728351163506%29,163,572.0000000000006,353.30000000000035,100
2026-06-01,TikTok+SAN,6746466099,Luma_ios_wcx_aeo_1119_smart++%281849118725316657%29,311,2248.75,1023.8300000000007,225
2026-06-01,TikTok+SAN,6746466099,Luma_ios_wcx_aeo_1225_smart++%281852385308106114%29,68,538.0800000000005,241.6000000000001,92
2026-06-01,TikTok+SAN,6746466099,Luma_ios_zmf_0408_smart_purchase_01+%281861791826664593%29,2,67.92,0,8
2026-06-01,TikTok+SAN,6746466099,Luma_ios_zmf_0530_smart_purchase_02+%281866502530364481%29,8,38.97,0,3
2026-06-02,Facebook+Installs,6746466099,0219_Luma_iOS_AEO_MCY+%286866373524315%29,36,53.93,49.94,7
2026-06-02,Facebook+Installs,6746466099,0407_Luma_iOS_AEO_MCY+%286894235051515%29,2,7.98,7.98,2
2026-06-02,Facebook+Installs,6746466099,0408_Luma_iOS_AEO_MCY+%286894809601315%29,18,96.82999999999998,23.940000000000005,17
2026-06-02,Facebook+Installs,6746466099,0417-2-Luma-ios-VO-cbo-zm1+%286939989053243%29,12,67.95,57.96,5
2026-06-02,Facebook+Installs,6746466099,0423-1-Luma-ios-VO-cbo-zm1+%286944142889643%29,43,249.73000000000005,119.82999999999998,27
2026-06-02,Facebook+Installs,6746466099,1230_Luma_iOS_AEO_MCY+%286848133765315%29,15,111.92,7.98,8
2026-06-02,Facebook+Installs,6746466099,Luma+iOS_cy1_260525_aeo+%28120245980448170256%29,3,23.940000000000005,0,6
2026-06-02,Facebook+Installs,6746466099,Luma+iOS_syh_260422_AEO+%28120241407442320137%29,39,92.85000000000001,72.86000000000001,15
2026-06-02,Facebook+Installs,6746466099,Luma+ios_wvv_20260421_AEO_1+%286903634491915%29,12,89.92999999999999,85.94,7
2026-06-02,Facebook+Installs,6746466099,Luma+ios_wvv_20260429_AEO_1+%286908533021715%29,13,85.94999999999997,73.97999999999999,5
2026-06-02,Facebook+Installs,6746466099,Luma+ios_zjc_20260502_AEO_1+%28120244337810030256%29,31,372.5300000000002,93.85,47
2026-06-02,Facebook+Installs,6746466099,Luma+ios_zjc_20260502_VO_ABO+%28120244401001560256%29,32,359.4900000000003,179.77000000000004,51
2026-06-02,Facebook+Installs,6746466099,Luma_ios_zmf_abo_0331_1+%286993503324612%29,29,37.96,37.96,4
2026-06-02,Facebook+Installs,6746466099,Luma_ios_zmf_abo_1220_2+%286945556930012%29,37,302.71000000000004,106.82999999999998,29
2026-06-02,Facebook+Installs,6746782904,0416-22-Romi-ios-VO-cbo-zm1+%286928215078844%29,33,49.93000000000001,37.96,7
2026-06-02,Facebook+Installs,6746782904,0425-Romi-ios-VO-cbo-zm1+%286929615678044%29,5,0,0,0
2026-06-02,Facebook+Installs,6746782904,0513-Romi-ios-AEO-abo-zm1+%286941788247044%29,54,190.69000000000005,141.76999999999998,31
2026-06-02,Facebook+Installs,6746782904,3.14+AEOc+cbo+cyl+%28120241002174210475%29,151,797.8700000000009,509.3500000000005,113
2026-06-02,Facebook+Installs,6746782904,4.18+VOc+cyl+%28120242759838130475%29,43,638.9700000000007,329.57000000000016,103
2026-06-02,Facebook+Installs,6746782904,5.13+VOc+cyl+%28120244392044050475%29,68,435.4400000000004,279.70000000000016,56
2026-06-02,Facebook+Installs,6746782904,Romi+iOS_syh_260416_AEO+%28120242387409150055%29,23,84.86,70.88000000000001,14
2026-06-02,Facebook+Installs,6746782904,Romi+iOS_syh_260416_VO+%28120242388498510055%29,92,1012.8000000000009,469.3500000000004,120
2026-06-02,Facebook+Installs,6746782904,Romi+ios_wvv_260501_vo_1+%28120243842848770517%29,61,715.2200000000006,349.5300000000003,78
2026-06-02,Facebook+Installs,6746782904,Romi+ios_wvv_260530_aeo+%28120246075137210517%29,17,0,0,0
2026-06-02,Facebook+Installs,6746782904,Romi_ios_wcx_purchase_abo_0601+%28120238248406890517%29,30,86.84999999999998,86.84999999999998,15
2026-06-02,Facebook+Installs,6746782904,Romi_ios_wcx_purchase_abo_0601_new+%28120246355153120517%29,15,39.940000000000005,39.940000000000005,6
2026-06-02,Facebook+Installs,6746782904,Romi_ios_wcx_purchase_abo_0602+%28120238248406890517%29,31,360.59000000000015,140.81999999999996,41
2026-06-02,Facebook+Installs,6746782904,Romi_ios_wcx_purchase_abo_0602+%28120242153491500517%29,1,0,0,0
2026-06-02,Facebook+Installs,6746782904,Romi_ios_wcx_purchase_abo_0602_new+%28120246355153120517%29,8,87.86,83.87,14
2026-06-02,Facebook+Installs,6746782904,Romi_ios_wcx_purchase_abo_0602_old+%28120242153491500517%29,3,3.99,3.99,1
2026-06-02,Facebook+Installs,6746782904,Romi_ios_zmf_purchase_abo_0320_1+%28120248735216530151%29,12,31.92000000000001,27.930000000000007,8
2026-06-02,Facebook+Installs,6746782904,Romi_ios_zmf_purchase_abo_0528_1+%28120252900813130151%29,22,180.75,69.91000000000001,25
2026-06-02,Facebook+Installs,6746782904,Romi_ios_zmf_vo_cbo_0319_2+%28120243482931960228%29,84,1053.3200000000013,476.3200000000004,168
2026-06-02,Facebook+Installs,6746782904,Romi_ios_zmf_vo_cbo_0325_1+%28120243690432680228%29,11,269.71000000000015,148.85000000000002,29
2026-06-02,Instagram+Installs,6746466099,0219_Luma_iOS_AEO_MCY+%286866373524315%29,16,19.950000000000003,15.96,5
2026-06-02,Instagram+Installs,6746466099,0407_Luma_iOS_AEO_MCY+%286894235051515%29,7,155.80999999999997,47.940000000000005,19
2026-06-02,Instagram+Installs,6746466099,0408_Luma_iOS_AEO_MCY+%286894809601315%29,30,61.90000000000001,37.96,10
2026-06-02,Instagram+Installs,6746466099,0417-2-Luma-ios-VO-cbo-zm1+%286939989053243%29,5,29.940000000000005,15.96,6
2026-06-02,Instagram+Installs,6746466099,0423-1-Luma-ios-VO-cbo-zm1+%286944142889643%29,14,7.98,7.98,2
2026-06-02,Instagram+Installs,6746466099,1230_Luma_iOS_AEO_MCY+%286848133765315%29,7,92.85999999999997,92.85999999999997,14
2026-06-02,Instagram+Installs,6746466099,Luma+iOS_cy1_260525_aeo+%28120245980448170256%29,9,29.940000000000005,29.940000000000005,6
2026-06-02,Instagram+Installs,6746466099,Luma+iOS_cy1_260529_aeo+%28120246299865950256%29,9,3.99,3.99,1
2026-06-02,Instagram+Installs,6746466099,Luma+iOS_syh_260422_AEO+%28120241407442320137%29,34,125.73999999999997,57.87000000000002,26
2026-06-02,Instagram+Installs,6746466099,Luma+ios_wvv_20260421_AEO_1+%286903634491915%29,14,29.940000000000005,29.940000000000005,6
2026-06-02,Instagram+Installs,6746466099,Luma+ios_zjc_20260502_AEO_1+%28120244337810030256%29,65,242.62000000000012,220.66000000000008,38
2026-06-02,Instagram+Installs,6746466099,Luma+ios_zjc_20260502_VO_ABO+%28120244401001560256%29,40,933.0000000000008,519.5600000000003,100
2026-06-02,Instagram+Installs,6746466099,Luma_ios_zmf_abo_0331_1+%286993503324612%29,4,107.93999999999998,43.97,6
2026-06-02,Instagram+Installs,6746466099,Luma_ios_zmf_abo_1220_2+%286945556930012%29,7,0,0,0
2026-06-02,Instagram+Installs,6746782904,0416-22-Romi-ios-VO-cbo-zm1+%286928215078844%29,26,103.96,103.96,4
2026-06-02,Instagram+Installs,6746782904,0425-Romi-ios-VO-cbo-zm1+%286929615678044%29,14,57.94,27.96,6
2026-06-02,Instagram+Installs,6746782904,3.14+AEOc+cbo+cyl+%28120241002174210475%29,216,1424.1000000000013,831.0100000000006,190
2026-06-02,Instagram+Installs,6746782904,4.18+VOc+cyl+%28120242759838130475%29,64,524.1600000000005,229.67000000000013,84
2026-06-02,Instagram+Installs,6746782904,5.13+VOc+cyl+%28120244392044050475%29,85,697.1300000000006,553.3500000000004,87
2026-06-02,Instagram+Installs,6746782904,Romi+iOS_syh_260416_AEO+%28120242387409150055%29,14,0,0,0
2026-06-02,Instagram+Installs,6746782904,Romi+iOS_syh_260416_VO+%28120242388498510055%29,61,314.47000000000025,114.79999999999997,53
2026-06-02,Instagram+Installs,6746782904,Romi_ios_zmf_purchase_abo_0320_1+%28120248735216530151%29,7,108.85999999999996,104.86999999999996,14
2026-06-02,Instagram+Installs,6746782904,Romi_ios_zmf_purchase_abo_0528_1+%28120252900813130151%29,10,0,0,0
2026-06-02,Instagram+Installs,6746782904,Romi_ios_zmf_vo_cbo_0319_2+%28120243482931960228%29,27,364.7300000000001,42.92000000000001,27
2026-06-02,Instagram+Installs,6746782904,Romi_ios_zmf_vo_cbo_0325_1+%28120243690432680228%29,5,45.93000000000001,37.95,7
2026-06-02,Luma+ios+FB+W2A,6746466099,0528-lhfb-Luma+ios-%2F%2Faaa+aeo1,3,0,0,0
2026-06-02,Luma+ios+FB+W2A,6746466099,0530-lhfb-Luma+ios-%2F%2Faaa+aeo2,4,3.99,3.99,1
2026-06-02,Off-Facebook+Installs,6746466099,0219_Luma_iOS_AEO_MCY+%286866373524315%29,3,3.99,0,1
2026-06-02,Off-Facebook+Installs,6746466099,Luma+iOS_syh_260422_AEO+%28120241407442320137%29,1,0,0,0
2026-06-02,Off-Facebook+Installs,6746466099,Luma+ios_wvv_20260421_AEO_1+%286903634491915%29,2,0,0,0
2026-06-02,Off-Facebook+Installs,6746782904,3.14+AEOc+cbo+cyl+%28120241002174210475%29,6,3.99,3.99,1
2026-06-02,Off-Facebook+Installs,6746782904,Romi+iOS_syh_260416_AEO+%28120242387409150055%29,5,0,0,0
2026-06-02,Off-Facebook+Installs,6746782904,Romi+iOS_syh_260416_VO+%28120242388498510055%29,5,37.96,37.96,4
2026-06-02,Off-Facebook+Installs,6746782904,Romi_ios_wcx_purchase_abo_0601_new+%28120246355153120517%29,1,0,0,0
2026-06-02,Off-Facebook+Installs,6746782904,Romi_ios_zmf_vo_cbo_0325_1+%28120243690432680228%29,1,41.96,33.98,4
2026-06-02,TikTok+SAN,6746466099,,62,605.1700000000004,220.5900000000001,83
2026-06-02,TikTok+SAN,6746466099,0509-lhtt-Luma+25-%2F%2Fs%2B%2B+vo+%281864606132513969%29,17,509.5000000000002,182.75000000000003,50
2026-06-02,TikTok+SAN,6746466099,Luma+ios_wvv_20260602_aeo_s%2B%E5%8D%87%E7%BA%A7_+%281866792086393938%29,5,3.99,3.99,1
2026-06-02,TikTok+SAN,6746466099,Luma_ios_AEO_MCY_0127_s%2B_2+%281855466155544610%29,3,13.98,0,2
2026-06-02,TikTok+SAN,6746466099,Luma_ios_AEO_MCY_0228_s%2B_1+%281858365270760530%29,11,57.94,57.94,6
2026-06-02,TikTok+SAN,6746466099,Luma_ios_wcx_aeo_0120_smart_02+%281854728351163506%29,153,948.8300000000008,413.4400000000003,117
2026-06-02,TikTok+SAN,6746466099,Luma_ios_wcx_aeo_1119_smart++%281849118725316657%29,282,1570.0300000000016,948.8100000000009,197
2026-06-02,TikTok+SAN,6746466099,Luma_ios_wcx_aeo_1225_smart++%281852385308106114%29,74,790.1200000000006,387.48000000000025,88
2026-06-02,TikTok+SAN,6746466099,Luma_ios_zmf_0408_smart_purchase_01+%281861791826664593%29,13,71.89,71.89,11
2026-06-02,TikTok+SAN,6746466099,Luma_ios_zmf_0530_smart_purchase_01+%281866502474543474%29,9,67.91000000000001,67.91000000000001,9
2026-06-02,TikTok+SAN,6746466099,Luma_ios_zmf_0530_smart_purchase_02+%281866502530364481%29,3,32.96,14.99,4
2026-06-03,Facebook+Installs,6746466099,0219_Luma_iOS_AEO_MCY+%286866373524315%29,16,25.950000000000003,25.950000000000003,5
2026-06-03,Facebook+Installs,6746466099,0407_Luma_iOS_AEO_MCY+%286894235051515%29,9,23.940000000000005,23.940000000000005,6
2026-06-03,Facebook+Installs,6746466099,0408_Luma_iOS_AEO_MCY+%286894809601315%29,16,61.90000000000001,61.90000000000001,10
2026-06-03,Facebook+Installs,6746466099,0417-2-Luma-ios-VO-cbo-zm1+%286939989053243%29,20,128.78999999999994,57.940000000000005,21
2026-06-03,Facebook+Installs,6746466099,0423-1-Luma-ios-VO-cbo-zm1+%286944142889643%29,34,594.3800000000003,96.91999999999999,62
2026-06-03,Facebook+Installs,6746466099,1230_Luma_iOS_AEO_MCY+%286848133765315%29,13,877.2200000000006,169.85000000000008,78
2026-06-03,Facebook+Installs,6746466099,Luma+iOS_cy1_260525_aeo+%28120245980448170256%29,5,3.99,3.99,1
2026-06-03,Facebook+Installs,6746466099,Luma+iOS_cy1_260529_aeo+%28120246299865950256%29,2,37.92000000000001,13.98,8
2026-06-03,Facebook+Installs,6746466099,Luma+iOS_syh_260422_AEO+%28120241407442320137%29,53,221.7000000000001,55.890000000000015,30
2026-06-03,Facebook+Installs,6746466099,Luma+ios_wvv_20260421_AEO_1+%286903634491915%29,6,0,0,0
2026-06-03,Facebook+Installs,6746466099,Luma+ios_wvv_20260429_AEO_1+%286908533021715%29,16,41.95,41.95,5
2026-06-03,Facebook+Installs,6746466099,Luma+ios_zjc_20260502_AEO_1+%28120244337810030256%29,30,129.74999999999997,45.90000000000001,25
2026-06-03,Facebook+Installs,6746466099,Luma+ios_zjc_20260502_VO_ABO+%28120244401001560256%29,23,41.940000000000005,41.940000000000005,6
2026-06-03,Facebook+Installs,6746466099,Luma_ios_zmf_abo_0331_1+%286993503324612%29,29,146.82,108.86999999999998,18
2026-06-03,Facebook+Installs,6746466099,Luma_ios_zmf_abo_1220_2+%286945556930012%29,39,158.74,74.92,26
2026-06-03,Facebook+Installs,6746782904,0416-22-Romi-ios-VO-cbo-zm1+%286928215078844%29,33,324.5400000000003,217.7500000000001,46
2026-06-03,Facebook+Installs,6746782904,0425-Romi-ios-VO-cbo-zm1+%286929615678044%29,9,0,0,0
2026-06-03,Facebook+Installs,6746782904,0513-Romi-ios-AEO-abo-zm1+%286941788247044%29,60,224.6900000000001,113.83999999999999,31
2026-06-03,Facebook+Installs,6746782904,3.14+AEOc+cbo+cyl+%28120241002174210475%29,136,696.0700000000006,294.5000000000002,93
2026-06-03,Facebook+Installs,6746782904,4.18+VOc+cyl+%28120242759838130475%29,27,363.25000000000034,185.65,75
2026-06-03,Facebook+Installs,6746782904,5.13+VOc+cyl+%28120244392044050475%29,53,640.0900000000006,213.7000000000001,91
2026-06-03,Facebook+Installs,6746782904,Romi+iOS_syh_260416_AEO+%28120242387409150055%29,21,105.83999999999997,89.88,16
2026-06-03,Facebook+Installs,6746782904,Romi+iOS_syh_260416_VO+%28120242388498510055%29,93,1297.5000000000011,759.1100000000006,150
2026-06-03,Facebook+Installs,6746782904,Romi+ios_wvv_260501_vo_1+%28120243842848770517%29,23,157.79,90.86999999999999,21
2026-06-03,Facebook+Installs,6746782904,Romi+ios_wvv_260530_aeo+%28120246075137210517%29,12,47.96,47.96,4
2026-06-03,Facebook+Installs,6746782904,Romi_ios_wcx_purchase_abo_0602+%28120238248406890517%29,63,340.60000000000014,227.74000000000004,40
2026-06-03,Facebook+Installs,6746782904,Romi_ios_wcx_purchase_abo_0602_new+%28120246355153120517%29,14,11.97,11.97,3
2026-06-03,Facebook+Installs,6746782904,Romi_ios_zmf_purchase_abo_0320_1+%28120248735216530151%29,11,26.96,26.96,4
2026-06-03,Facebook+Installs,6746782904,Romi_ios_zmf_purchase_abo_0528_1+%28120252900813130151%29,13,42.92000000000001,42.92000000000001,8
2026-06-03,Facebook+Installs,6746782904,Romi_ios_zmf_vo_cbo_0319_2+%28120243482931960228%29,68,1529.8900000000008,346.6100000000003,111
2026-06-03,Facebook+Installs,6746782904,Romi_ios_zmf_vo_cbo_0325_1+%28120243690432680228%29,7,11.97,11.97,3
2026-06-03,Instagram+Installs,6746466099,0219_Luma_iOS_AEO_MCY+%286866373524315%29,20,23.940000000000005,19.950000000000003,6
2026-06-03,Instagram+Installs,6746466099,0407_Luma_iOS_AEO_MCY+%286894235051515%29,4,0,0,0
2026-06-03,Instagram+Installs,6746466099,0408_Luma_iOS_AEO_MCY+%286894809601315%29,15,13.98,13.98,2
2026-06-03,Instagram+Installs,6746466099,0417-2-Luma-ios-VO-cbo-zm1+%286939989053243%29,4,0,0,0
2026-06-03,Instagram+Installs,6746466099,0423-1-Luma-ios-VO-cbo-zm1+%286944142889643%29,13,69.97,29.99,3
2026-06-03,Instagram+Installs,6746466099,1230_Luma_iOS_AEO_MCY+%286848133765315%29,11,7.98,7.98,2
2026-06-03,Instagram+Installs,6746466099,Luma+iOS_cy1_260525_aeo+%28120245980448170256%29,8,13.98,3.99,2
2026-06-03,Instagram+Installs,6746466099,Luma+iOS_cy1_260529_aeo+%28120246299865950256%29,11,60.93000000000001,60.93000000000001,7
2026-06-03,Instagram+Installs,6746466099,Luma+iOS_syh_260422_AEO+%28120241407442320137%29,35,146.76,142.76999999999998,24
2026-06-03,Instagram+Installs,6746466099,Luma+ios_wvv_20260421_AEO_1+%286903634491915%29,10,11.97,11.97,3
2026-06-03,Instagram+Installs,6746466099,Luma+ios_wvv_20260429_AEO_1+%286908533021715%29,4,7.98,7.98,2
2026-06-03,Instagram+Installs,6746466099,Luma+ios_zjc_20260502_AEO_1+%28120244337810030256%29,56,79.88,61.91000000000001,12
2026-06-03,Instagram+Installs,6746466099,Luma+ios_zjc_20260502_VO_ABO+%28120244401001560256%29,31,253.62000000000012,103.79999999999998,38
2026-06-03,Instagram+Installs,6746466099,Luma_ios_zmf_abo_1220_2+%286945556930012%29,14,131.89,51.94,11
2026-06-03,Instagram+Installs,6746782904,0416-22-Romi-ios-VO-cbo-zm1+%286928215078844%29,18,66.9,30.950000000000003,10
2026-06-03,Instagram+Installs,6746782904,0425-Romi-ios-VO-cbo-zm1+%286929615678044%29,11,92.96,18.98,4
2026-06-03,Instagram+Installs,6746782904,3.14+AEOc+cbo+cyl+%28120241002174210475%29,101,410.18000000000046,198.63000000000008,82
2026-06-03,Instagram+Installs,6746782904,4.18+VOc+cyl+%28120242759838130475%29,34,233.66000000000008,179.75,34
2026-06-03,Instagram+Installs,6746782904,5.13+VOc+cyl+%28120244392044050475%29,87,863.9500000000007,426.4100000000003,105
2026-06-03,Instagram+Installs,6746782904,Romi+iOS_syh_260416_AEO+%28120242387409150055%29,10,0,0,0
2026-06-03,Instagram+Installs,6746782904,Romi+iOS_syh_260416_VO+%28120242388498510055%29,53,350.50000000000034,276.6400000000002,50
2026-06-03,Instagram+Installs,6746782904,Romi_ios_zmf_purchase_abo_0320_1+%28120248735216530151%29,12,65.88000000000001,65.88000000000001,12
2026-06-03,Instagram+Installs,6746782904,Romi_ios_zmf_purchase_abo_0528_1+%28120252900813130151%29,6,0,0,0
2026-06-03,Instagram+Installs,6746782904,Romi_ios_zmf_vo_cbo_0319_2+%28120243482931960228%29,20,56.95,41.96,5
2026-06-03,Instagram+Installs,6746782904,Romi_ios_zmf_vo_cbo_0325_1+%28120243690432680228%29,10,41.91000000000001,29.940000000000005,9
2026-06-03,Off-Facebook+Installs,6746466099,0219_Luma_iOS_AEO_MCY+%286866373524315%29,1,3.99,3.99,1
2026-06-03,Off-Facebook+Installs,6746466099,0408_Luma_iOS_AEO_MCY+%286894809601315%29,2,0,0,0
2026-06-03,Off-Facebook+Installs,6746782904,3.14+AEOc+cbo+cyl+%28120241002174210475%29,13,3.99,3.99,1
2026-06-03,Off-Facebook+Installs,6746782904,5.13+VOc+cyl+%28120244392044050475%29,3,0,0,0
2026-06-03,Off-Facebook+Installs,6746782904,Romi+iOS_syh_260416_AEO+%28120242387409150055%29,1,0,0,0
2026-06-03,Off-Facebook+Installs,6746782904,Romi+iOS_syh_260416_VO+%28120242388498510055%29,2,0,0,0
2026-06-03,Off-Facebook+Installs,6746782904,Romi_ios_zmf_vo_cbo_0319_2+%28120243482931960228%29,1,17.97,17.97,3
2026-06-03,TikTok+SAN,6746466099,,45,118.81999999999998,80.87,18
2026-06-03,TikTok+SAN,6746466099,0509-lhtt-Luma+25-%2F%2Fs%2B%2B+vo+%281864606132513969%29,14,69.84000000000002,53.88000000000002,16
2026-06-03,TikTok+SAN,6746466099,Luma+ios_wvv_20260602_aeo_s%2B%E5%8D%87%E7%BA%A7_+%281866792086393938%29,4,3.99,0,1
2026-06-03,TikTok+SAN,6746466099,Luma+ios_wvv_20260603_vo_s%2B%E5%8D%87%E7%BA%A7_+%281866850902558161%29,9,39.90000000000001,39.90000000000001,10
2026-06-03,TikTok+SAN,6746466099,Luma+ios_wvv_20260603_vo_s%2B%E5%8D%87%E7%BA%A7_1+%281866850902558145%29,1,0,0,0
2026-06-03,TikTok+SAN,6746466099,Luma_ios_AEO_MCY_0127_s%2B_2+%281855466155544610%29,1,3.99,0,1
2026-06-03,TikTok+SAN,6746466099,Luma_ios_AEO_MCY_0228_s%2B_1+%281858365270760530%29,9,3.99,3.99,1
2026-06-03,TikTok+SAN,6746466099,Luma_ios_wcx_aeo_0120_smart_02+%281854728351163506%29,112,806.6000000000009,514.0700000000005,140
2026-06-03,TikTok+SAN,6746466099,Luma_ios_wcx_aeo_1119_smart++%281849118725316657%29,207,959.2600000000012,541.9600000000006,174
2026-06-03,TikTok+SAN,6746466099,Luma_ios_wcx_aeo_1225_smart++%281852385308106114%29,98,564.2400000000005,458.46000000000026,76
2026-06-03,TikTok+SAN,6746466099,Luma_ios_zmf_0408_smart_purchase_01+%281861791826664593%29,8,0,0,0
2026-06-03,TikTok+SAN,6746466099,Luma_ios_zmf_0530_smart_purchase_01+%281866502474543474%29,3,11.97,11.97,3
2026-06-03,TikTok+SAN,6746466099,Luma_ios_zmf_0530_smart_purchase_02+%281866502530364481%29,7,444.65000000000015,53.940000000000005,35
2026-06-04,Facebook+Installs,6746466099,0219_Luma_iOS_AEO_MCY+%286866373524315%29,17,3.99,3.99,1
2026-06-04,Facebook+Installs,6746466099,0407_Luma_iOS_AEO_MCY+%286894235051515%29,8,0,0,0
2026-06-04,Facebook+Installs,6746466099,0408_Luma_iOS_AEO_MCY+%286894809601315%29,11,36.95,36.95,5
2026-06-04,Facebook+Installs,6746466099,0417-2-Luma-ios-VO-cbo-zm1+%286939989053243%29,14,199.74000000000004,15.96,26
2026-06-04,Facebook+Installs,6746466099,0423-1-Luma-ios-VO-cbo-zm1+%286944142889643%29,23,118.81999999999996,85.85999999999999,18
2026-06-04,Facebook+Installs,6746466099,1230_Luma_iOS_AEO_MCY+%286848133765315%29,9,189.85000000000002,109.89,15
2026-06-04,Facebook+Installs,6746466099,Luma+iOS_cy1_260525_aeo+%28120245980448170256%29,6,361.4000000000003,75.88,60
2026-06-04,Facebook+Installs,6746466099,Luma+iOS_cy1_260529_aeo+%28120246299865950256%29,1,0,0,0
2026-06-04,Facebook+Installs,6746466099,Luma+iOS_syh_260422_AEO+%28120241407442320137%29,43,228.54000000000016,88.81999999999998,46
2026-06-04,Facebook+Installs,6746466099,Luma+ios_wvv_20260429_AEO_1+%286908533021715%29,21,173.73999999999998,173.73999999999998,26
2026-06-04,Facebook+Installs,6746466099,Luma+ios_wvv_20260604_VO_CBO+%286935196652115%29,8,11.97,7.98,3
2026-06-04,Facebook+Installs,6746466099,Luma+ios_zjc_20260502_AEO_1+%28120244337810030256%29,28,274.57000000000016,162.74000000000004,43
2026-06-04,Facebook+Installs,6746466099,Luma+ios_zjc_20260502_VO_ABO+%28120244401001560256%29,32,676.5000000000003,316.70000000000016,50
2026-06-04,Facebook+Installs,6746466099,Luma_ios_wcx_abo_0604+-1+%28120241921309670256%29,12,109.87,11.97,13
2026-06-04,Facebook+Installs,6746466099,Luma_ios_wcx_abo_0604_new_1+%28120243096448690256%29,11,26.96,26.96,4
2026-06-04,Facebook+Installs,6746466099,Luma_ios_zmf_abo_0331_1+%286993503324612%29,27,47.96,43.97,4
2026-06-04,Facebook+Installs,6746466099,Luma_ios_zmf_abo_1220_2+%286945556930012%29,42,362.47000000000025,244.6300000000001,53
2026-06-04,Facebook+Installs,6746782904,0416-22-Romi-ios-VO-cbo-zm1+%286928215078844%29,33,404.74,150.78999999999996,26
2026-06-04,Facebook+Installs,6746782904,0425-Romi-ios-VO-cbo-zm1+%286929615678044%29,17,190.6100000000001,110.77999999999997,39
2026-06-04,Facebook+Installs,6746782904,0513-Romi-ios-AEO-abo-zm1+%286941788247044%29,72,271.6100000000002,175.78000000000003,39
2026-06-04,Facebook+Installs,6746782904,3.14+AEOc+cbo+cyl+%28120241002174210475%29,130,900.9400000000007,433.38000000000034,106
2026-06-04,Facebook+Installs,6746782904,4.18+VOc+cyl+%28120242759838130475%29,33,105.90999999999998,61.95,9
2026-06-04,Facebook+Installs,6746782904,5.13+VOc+cyl+%28120244392044050475%29,52,1162.3300000000004,312.82000000000005,67
2026-06-04,Facebook+Installs,6746782904,Romi+iOS_MCY_0603_VO+%28120245984907200098%29,8,61.890000000000015,57.90000000000001,11
2026-06-04,Facebook+Installs,6746782904,Romi+iOS_syh_260416_AEO+%28120242387409150055%29,21,59.91000000000001,59.91000000000001,9
2026-06-04,Facebook+Installs,6746782904,Romi+iOS_syh_260416_VO+%28120242388498510055%29,89,1596.4800000000012,689.5300000000002,152
2026-06-04,Facebook+Installs,6746782904,Romi+ios_wvv_260501_vo_1+%28120243842848770517%29,28,163.85000000000005,155.87000000000003,15
2026-06-04,Facebook+Installs,6746782904,Romi+ios_wvv_260530_aeo+%28120246075137210517%29,12,0,0,0
2026-06-04,Facebook+Installs,6746782904,Romi_ios_wcx_purchase_abo_0602+%28120238248406890517%29,54,325.6300000000002,255.72000000000014,37
2026-06-04,Facebook+Installs,6746782904,Romi_ios_wcx_purchase_abo_0602_new+%28120246355153120517%29,12,119.94,89.96000000000001,6
2026-06-04,Facebook+Installs,6746782904,Romi_ios_wcx_purchase_abo_0602_old+%28120242153491500517%29,8,0,0,0
2026-06-04,Facebook+Installs,6746782904,Romi_ios_wcx_purchase_vo_0605+%28120242152656890517%29,3,39.90000000000001,35.91000000000001,10
2026-06-04,Facebook+Installs,6746782904,Romi_ios_zmf_purchase_abo_0320_1+%28120248735216530151%29,14,72.89,38.96,11
2026-06-04,Facebook+Installs,6746782904,Romi_ios_zmf_purchase_abo_0528_1+%28120252900813130151%29,14,26.96,26.96,4
2026-06-04,Facebook+Installs,6746782904,Romi_ios_zmf_vo_cbo_0319_2+%28120243482931960228%29,26,218.71000000000006,88.88999999999999,29
2026-06-04,Facebook+Installs,6746782904,Romi_ios_zmf_vo_cbo_0325_1+%28120243690432680228%29,4,41.96,41.96,4
2026-06-04,Instagram+Installs,6746466099,0219_Luma_iOS_AEO_MCY+%286866373524315%29,13,64.94,64.94,6
2026-06-04,Instagram+Installs,6746466099,0407_Luma_iOS_AEO_MCY+%286894235051515%29,2,0,0,0
2026-06-04,Instagram+Installs,6746466099,0408_Luma_iOS_AEO_MCY+%286894809601315%29,13,132.77999999999997,82.85,22
2026-06-04,Instagram+Installs,6746466099,0417-2-Luma-ios-VO-cbo-zm1+%286939989053243%29,2,0,0,0
2026-06-04,Instagram+Installs,6746466099,0423-1-Luma-ios-VO-cbo-zm1+%286944142889643%29,19,87.96000000000001,23.979999999999997,4
2026-06-04,Instagram+Installs,6746466099,1230_Luma_iOS_AEO_MCY+%286848133765315%29,5,97.82999999999998,43.92000000000001,17
2026-06-04,Instagram+Installs,6746466099,Luma+iOS_cy1_260525_aeo+%28120245980448170256%29,7,46.91000000000001,34.940000000000005,9
2026-06-04,Instagram+Installs,6746466099,Luma+iOS_cy1_260529_aeo+%28120246299865950256%29,5,11.97,11.97,3
2026-06-04,Instagram+Installs,6746466099,Luma+iOS_syh_260422_AEO+%28120241407442320137%29,32,433.60000000000014,126.82999999999996,40
2026-06-04,Instagram+Installs,6746466099,Luma+ios_wvv_20260421_AEO_1+%286903634491915%29,1,0,0,0
2026-06-04,Instagram+Installs,6746466099,Luma+ios_wvv_20260429_AEO_1+%286908533021715%29,1,0,0,0
2026-06-04,Instagram+Installs,6746466099,Luma+ios_zjc_20260502_AEO_1+%28120244337810030256%29,75,349.5100000000003,301.63000000000017,49
2026-06-04,Instagram+Installs,6746466099,Luma+ios_zjc_20260502_VO_ABO+%28120244401001560256%29,36,135.77999999999997,93.86999999999999,22
2026-06-04,Instagram+Installs,6746466099,Luma_ios_wcx_abo_0604+-1+%28120241921309670256%29,12,43.97,43.97,3
2026-06-04,Instagram+Installs,6746466099,Luma_ios_wcx_abo_0604_new_1+%28120243096448690256%29,24,670.640000000001,277.5000000000002,136
2026-06-04,Instagram+Installs,6746466099,Luma_ios_zmf_abo_0331_1+%286993503324612%29,4,7.98,7.98,2
2026-06-04,Instagram+Installs,6746466099,Luma_ios_zmf_abo_1220_2+%286945556930012%29,13,62.90000000000001,42.95,10
2026-06-04,Instagram+Installs,6746782904,0416-22-Romi-ios-VO-cbo-zm1+%286928215078844%29,18,219.8,99.85,20
2026-06-04,Instagram+Installs,6746782904,0425-Romi-ios-VO-cbo-zm1+%286929615678044%29,17,15.96,3.99,4
2026-06-04,Instagram+Installs,6746782904,3.14+AEOc+cbo+cyl+%28120241002174210475%29,96,645.7800000000009,384.2900000000004,122
2026-06-04,Instagram+Installs,6746782904,4.18+VOc+cyl+%28120242759838130475%29,51,407.2800000000004,243.5700000000002,72
2026-06-04,Instagram+Installs,6746782904,5.13+VOc+cyl+%28120244392044050475%29,53,416.60000000000025,151.87,40
2026-06-04,Instagram+Installs,6746782904,Romi+iOS_syh_260416_AEO+%28120242387409150055%29,12,343.64000000000016,143.84,36
2026-06-04,Instagram+Installs,6746782904,Romi+iOS_syh_260416_VO+%28120242388498510055%29,59,1023.0700000000006,450.31000000000046,93
2026-06-04,Instagram+Installs,6746782904,Romi_ios_zmf_purchase_abo_0320_1+%28120248735216530151%29,13,0,0,0
2026-06-04,Instagram+Installs,6746782904,Romi_ios_zmf_purchase_abo_0528_1+%28120252900813130151%29,2,0,0,0
2026-06-04,Instagram+Installs,6746782904,Romi_ios_zmf_vo_cbo_0319_2+%28120243482931960228%29,5,43.890000000000015,43.890000000000015,11
2026-06-04,Instagram+Installs,6746782904,Romi_ios_zmf_vo_cbo_0325_1+%28120243690432680228%29,5,0,0,0
2026-06-04,Off-Facebook+Installs,6746466099,0219_Luma_iOS_AEO_MCY+%286866373524315%29,3,0,0,0
2026-06-04,Off-Facebook+Installs,6746466099,0408_Luma_iOS_AEO_MCY+%286894809601315%29,6,3.99,3.99,1
2026-06-04,Off-Facebook+Installs,6746466099,Luma+iOS_syh_260422_AEO+%28120241407442320137%29,2,3.99,0,1
2026-06-04,Off-Facebook+Installs,6746782904,3.14+AEOc+cbo+cyl+%28120241002174210475%29,11,429.73000000000013,99.89999999999999,27
2026-06-04,Off-Facebook+Installs,6746782904,4.18+VOc+cyl+%28120242759838130475%29,1,0,0,0
2026-06-04,Off-Facebook+Installs,6746782904,Romi+iOS_syh_260416_AEO+%28120242387409150055%29,1,0,0,0
2026-06-04,Off-Facebook+Installs,6746782904,Romi+iOS_syh_260416_VO+%28120242388498510055%29,2,0,0,0
2026-06-04,TikTok+SAN,6746466099,,30,97.83999999999999,56.90000000000001,16
2026-06-04,TikTok+SAN,6746466099,0509-lhtt-Luma+25-%2F%2Fs%2B%2B+vo+%281864606132513969%29,27,323.63000000000017,275.7200000000001,37
2026-06-04,TikTok+SAN,6746466099,0604-lhtt-Luma+25-%2F%2Fsearch+%281866956373790562%29,1,3.99,3.99,1
2026-06-04,TikTok+SAN,6746466099,Luma+ios_wvv_20260603_vo_s%2B%E5%8D%87%E7%BA%A7_+%281866850902558161%29,1,0,0,0
2026-06-04,TikTok+SAN,6746466099,Luma_ios_AEO_MCY_0127_s%2B_2+%281855466155544610%29,3,0,0,0
2026-06-04,TikTok+SAN,6746466099,Luma_ios_AEO_MCY_0228_s%2B_1+%281858365270760530%29,8,11.97,7.98,3
2026-06-04,TikTok+SAN,6746466099,Luma_ios_wcx_aeo_0120_smart_02+%281854728351163506%29,176,1049.510000000001,810.9200000000006,149
2026-06-04,TikTok+SAN,6746466099,Luma_ios_wcx_aeo_1119_smart++%281849118725316657%29,178,1128.4300000000012,671.1000000000007,157
2026-06-04,TikTok+SAN,6746466099,Luma_ios_wcx_aeo_1225_smart++%281852385308106114%29,52,208.67000000000004,138.74999999999997,33
2026-06-04,TikTok+SAN,6746466099,Luma_ios_zmf_0408_smart_purchase_01+%281861791826664593%29,12,129.86999999999998,87.91999999999999,13
2026-06-04,TikTok+SAN,6746466099,Luma_ios_zmf_0530_smart_purchase_02+%281866502530364481%29,2,0,0,0
2026-06-05,Facebook+Installs,6746466099,0219_Luma_iOS_AEO_MCY+%286866373524315%29,31,230.67000000000013,23.940000000000005,33
2026-06-05,Facebook+Installs,6746466099,0407_Luma_iOS_AEO_MCY+%286894235051515%29,8,321.63000000000017,133.82999999999998,37
2026-06-05,Facebook+Installs,6746466099,0408_Luma_iOS_AEO_MCY+%286894809601315%29,4,3.99,3.99,1
2026-06-05,Facebook+Installs,6746466099,0417-2-Luma-ios-VO-cbo-zm1+%286939989053243%29,20,27.96,17.97,4
2026-06-05,Facebook+Installs,6746466099,0423-1-Luma-ios-VO-cbo-zm1+%286944142889643%29,34,334.54000000000025,250.7100000000001,46
2026-06-05,Facebook+Installs,6746466099,1230_Luma_iOS_AEO_MCY+%286848133765315%29,14,269.84000000000003,95.92999999999999,16
2026-06-05,Facebook+Installs,6746466099,Luma+iOS_cy1_260525_aeo+%28120245980448170256%29,2,0,0,0
2026-06-05,Facebook+Installs,6746466099,Luma+iOS_cy1_260529_aeo+%28120246299865950256%29,3,71.9,71.9,10
2026-06-05,Facebook+Installs,6746466099,Luma+iOS_syh_260422_AEO+%28120241407442320137%29,36,252.61000000000016,164.74000000000004,39
2026-06-05,Facebook+Installs,6746466099,Luma+ios_wvv_20260421_AEO_1+%286903634491915%29,10,33.98,33.98,2
2026-06-05,Facebook+Installs,6746466099,Luma+ios_wvv_20260429_AEO_1+%286908533021715%29,35,190.78000000000006,190.78000000000006,22
2026-06-05,Facebook+Installs,6746466099,Luma+ios_zjc_20260502_AEO_1+%28120244337810030256%29,10,9.99,9.99,1
2026-06-05,Facebook+Installs,6746466099,Luma+ios_zjc_20260502_VO_ABO+%28120244401001560256%29,20,272.7200000000001,264.74000000000007,28
2026-06-05,Facebook+Installs,6746466099,Luma_ios_wcx_abo_0604+-1+%28120241921309670256%29,5,9.99,9.99,1
2026-06-05,Facebook+Installs,6746466099,Luma_ios_wcx_abo_0604_new_1+%28120243096448690256%29,1,0,0,0
2026-06-05,Facebook+Installs,6746466099,Luma_ios_zmf_abo_0331_1+%286993503324612%29,30,41.95,41.95,5
2026-06-05,Facebook+Installs,6746466099,Luma_ios_zmf_abo_1220_2+%286945556930012%29,38,135.72999999999996,115.77999999999996,27
2026-06-05,Facebook+Installs,6746782904,0416-22-Romi-ios-VO-cbo-zm1+%286928215078844%29,24,95.78999999999999,71.85000000000002,21
2026-06-05,Facebook+Installs,6746782904,0425-Romi-ios-VO-cbo-zm1+%286929615678044%29,12,165.87000000000003,101.92999999999999,13
2026-06-05,Facebook+Installs,6746782904,0513-Romi-ios-AEO-abo-zm1+%286941788247044%29,87,745.9600000000007,483.3900000000003,104
2026-06-05,Facebook+Installs,6746782904,3.14+AEOc+cbo+cyl+%28120241002174210475%29,85,118.83999999999996,78.89999999999999,16
2026-06-05,Facebook+Installs,6746782904,4.18+VOc+cyl+%28120242759838130475%29,51,777.2300000000004,151.69,77
2026-06-05,Facebook+Installs,6746782904,5.13+VOc+cyl+%28120244392044050475%29,42,270.52000000000015,210.64000000000004,48
2026-06-05,Facebook+Installs,6746782904,Romi+iOS_MCY_0603_VO+%28120245984907200098%29,13,88.89,40.940000000000005,11
2026-06-05,Facebook+Installs,6746782904,Romi+iOS_syh_260416_AEO+%28120242387409150055%29,17,149.82999999999996,121.86999999999995,17
2026-06-05,Facebook+Installs,6746782904,Romi+iOS_syh_260416_VO+%28120242388498510055%29,104,1326.730000000001,899.3100000000005,127
2026-06-05,Facebook+Installs,6746782904,Romi+ios_wvv_260501_vo_1+%28120243842848770517%29,12,41.940000000000005,41.940000000000005,6
2026-06-05,Facebook+Installs,6746782904,Romi+ios_wvv_260530_aeo+%28120246075137210517%29,35,252.67000000000013,184.77000000000004,33
2026-06-05,Facebook+Installs,6746782904,Romi_ios_wcx_purchase_abo_0602+%28120238248406890517%29,64,510.22000000000054,366.52000000000027,78
2026-06-05,Facebook+Installs,6746782904,Romi_ios_wcx_purchase_abo_0602_new+%28120246355153120517%29,1,0,0,0
2026-06-05,Facebook+Installs,6746782904,Romi_ios_wcx_purchase_vo_0605+%28120242152656890517%29,12,339.2100000000004,77.85000000000001,79
2026-06-05,Facebook+Installs,6746782904,Romi_ios_zmf_purchase_abo_0320_1+%28120248735216530151%29,7,19.950000000000003,19.950000000000003,5
2026-06-05,Facebook+Installs,6746782904,Romi_ios_zmf_purchase_abo_0528_1+%28120252900813130151%29,10,7.98,3.99,2
2026-06-05,Facebook+Installs,6746782904,Romi_ios_zmf_vo_cbo_0319_2+%28120243482931960228%29,28,175.74,126.81999999999994,26
2026-06-05,Facebook+Installs,6746782904,Romi_ios_zmf_vo_cbo_0325_1+%28120243690432680228%29,6,7.98,7.98,2
2026-06-05,Instagram+Installs,6746466099,0219_Luma_iOS_AEO_MCY+%286866373524315%29,5,0,0,0
2026-06-05,Instagram+Installs,6746466099,0407_Luma_iOS_AEO_MCY+%286894235051515%29,4,24.98,24.98,2
2026-06-05,Instagram+Installs,6746466099,0408_Luma_iOS_AEO_MCY+%286894809601315%29,10,11.97,7.98,3
2026-06-05,Instagram+Installs,6746466099,0417-2-Luma-ios-VO-cbo-zm1+%286939989053243%29,7,163.91,163.91,9
2026-06-05,Instagram+Installs,6746466099,0423-1-Luma-ios-VO-cbo-zm1+%286944142889643%29,18,480.82000000000005,196.87,18
2026-06-05,Instagram+Installs,6746466099,1230_Luma_iOS_AEO_MCY+%286848133765315%29,1,0,0,0
2026-06-05,Instagram+Installs,6746466099,Luma+iOS_cy1_260525_aeo+%28120245980448170256%29,5,0,0,0
2026-06-05,Instagram+Installs,6746466099,Luma+iOS_cy1_260529_aeo+%28120246299865950256%29,17,26.96,26.96,4
2026-06-05,Instagram+Installs,6746466099,Luma+iOS_syh_260422_AEO+%28120241407442320137%29,45,115.85999999999997,103.88999999999999,14
2026-06-05,Instagram+Installs,6746466099,Luma+ios_wvv_20260421_AEO_1+%286903634491915%29,28,190.78000000000006,134.85,22
2026-06-05,Instagram+Installs,6746466099,Luma+ios_zjc_20260502_AEO_1+%28120244337810030256%29,33,82.82,38.93000000000001,18
2026-06-05,Instagram+Installs,6746466099,Luma+ios_zjc_20260502_VO_ABO+%28120244401001560256%29,28,409.5500000000002,158.74,45
2026-06-05,Instagram+Installs,6746466099,Luma_ios_wcx_abo_0604+-1+%28120241921309670256%29,38,193.57000000000008,89.82999999999998,43
2026-06-05,Instagram+Installs,6746466099,Luma_ios_wcx_abo_0604_new_1+%28120243096448690256%29,39,196.62000000000012,77.82000000000001,38
2026-06-05,Instagram+Installs,6746466099,Luma_ios_zmf_abo_0331_1+%286993503324612%29,10,11.97,11.97,3
2026-06-05,Instagram+Installs,6746466099,Luma_ios_zmf_abo_1220_2+%286945556930012%29,15,0,0,0
2026-06-05,Instagram+Installs,6746782904,0416-22-Romi-ios-VO-cbo-zm1+%286928215078844%29,28,113.85999999999997,41.95,14
2026-06-05,Instagram+Installs,6746782904,0425-Romi-ios-VO-cbo-zm1+%286929615678044%29,17,79.86,75.87,14
2026-06-05,Instagram+Installs,6746782904,3.14+AEOc+cbo+cyl+%28120241002174210475%29,107,967.9700000000008,667.3300000000005,103
2026-06-05,Instagram+Installs,6746782904,4.18+VOc+cyl+%28120242759838130475%29,42,77.82000000000002,55.86000000000002,18
2026-06-05,Instagram+Installs,6746782904,5.13+VOc+cyl+%28120244392044050475%29,58,197.77000000000007,157.80000000000004,23
2026-06-05,Instagram+Installs,6746782904,Romi+iOS_syh_260416_AEO+%28120242387409150055%29,18,99.80999999999999,85.83,19
2026-06-05,Instagram+Installs,6746782904,Romi+iOS_syh_260416_VO+%28120242388498510055%29,68,720.0900000000007,380.6300000000002,91
2026-06-05,Instagram+Installs,6746782904,Romi_ios_zmf_purchase_abo_0320_1+%28120248735216530151%29,8,0,0,0
2026-06-05,Instagram+Installs,6746782904,Romi_ios_zmf_purchase_abo_0528_1+%28120252900813130151%29,2,0,0,0
2026-06-05,Instagram+Installs,6746782904,Romi_ios_zmf_vo_cbo_0319_2+%28120243482931960228%29,20,397.5900000000002,133.82999999999998,41
2026-06-05,Instagram+Installs,6746782904,Romi_ios_zmf_vo_cbo_0325_1+%28120243690432680228%29,1,0,0,0
2026-06-05,Off-Facebook+Installs,6746466099,0408_Luma_iOS_AEO_MCY+%286894809601315%29,11,3.99,3.99,1
2026-06-05,Off-Facebook+Installs,6746782904,3.14+AEOc+cbo+cyl+%28120241002174210475%29,10,331.1700000000004,19.950000000000003,83
2026-06-05,Off-Facebook+Installs,6746782904,Romi+iOS_MCY_0603_VO+%28120245984907200098%29,1,123.94,49.97,6
2026-06-05,Off-Facebook+Installs,6746782904,Romi+iOS_syh_260416_AEO+%28120242387409150055%29,6,7.98,7.98,2
2026-06-05,Off-Facebook+Installs,6746782904,Romi_ios_wcx_purchase_abo_0602+%28120238248406890517%29,1,0,0,0
2026-06-05,TikTok+SAN,6746466099,,38,231.6400000000001,161.72000000000003,36
2026-06-05,TikTok+SAN,6746466099,0509-lhtt-Luma+25-%2F%2Fs%2B%2B+vo+%281864606132513969%29,17,233.7400000000001,169.85999999999999,26
2026-06-05,TikTok+SAN,6746466099,0604-lhtt-Luma+25-%2F%2Fsearch+%281866956373790562%29,1,0,0,0
2026-06-05,TikTok+SAN,6746466099,Luma_ios_AEO_MCY_0127_s%2B_2+%281855466155544610%29,4,0,0,0
2026-06-05,TikTok+SAN,6746466099,Luma_ios_AEO_MCY_0228_s%2B_1+%281858365270760530%29,14,27.930000000000007,15.96,7
2026-06-05,TikTok+SAN,6746466099,Luma_ios_AEO_MCY_0408_s%2B_1+%281861896974456513%29,2,0,0,0
2026-06-05,TikTok+SAN,6746466099,Luma_ios_AEO_MCY_0408_s%2B_2+%281861896960378898%29,1,0,0,0
2026-06-05,TikTok+SAN,6746466099,Luma_ios_wcx_aeo_0120_smart_02+%281854728351163506%29,130,298.6000000000002,274.66000000000014,40
2026-06-05,TikTok+SAN,6746466099,Luma_ios_wcx_aeo_1119_smart++%281849118725316657%29,186,1287.5000000000011,598.1800000000005,150
2026-06-05,TikTok+SAN,6746466099,Luma_ios_wcx_aeo_1225_smart++%281852385308106114%29,67,241.5100000000002,154.70000000000002,49
2026-06-05,TikTok+SAN,6746466099,Luma_ios_zmf_0408_smart_purchase_01+%281861791826664593%29,8,18.98,14.99,2
2026-06-05,TikTok+SAN,6746466099,Luma_ios_zmf_0530_smart_purchase_02+%281866502530364481%29,6,0,0,0
2026-06-06,Facebook+Installs,6746466099,0219_Luma_iOS_AEO_MCY+%286866373524315%29,1,0,0,0
2026-06-06,Facebook+Installs,6746466099,0407_Luma_iOS_AEO_MCY+%286894235051515%29,7,295.8,85.89999999999999,20
2026-06-06,Facebook+Installs,6746466099,0408_Luma_iOS_AEO_MCY+%286894809601315%29,14,58.91000000000001,58.91000000000001,9
2026-06-06,Facebook+Installs,6746466099,0417-2-Luma-ios-VO-cbo-zm1+%286939989053243%29,27,324.63000000000017,197.81,37
2026-06-06,Facebook+Installs,6746466099,0423-1-Luma-ios-VO-cbo-zm1+%286944142889643%29,40,125.79999999999997,71.88000000000001,20
2026-06-06,Facebook+Installs,6746466099,1230_Luma_iOS_AEO_MCY+%286848133765315%29,20,186.87,112.91999999999999,13
2026-06-06,Facebook+Installs,6746466099,Luma+iOS_cy1_260529_aeo+%28120246299865950256%29,2,0,0,0
2026-06-06,Facebook+Installs,6746466099,Luma+iOS_syh_260422_AEO+%28120241407442320137%29,40,118.83999999999999,99.86,16
2026-06-06,Facebook+Installs,6746466099,Luma+ios_wvv_20260421_AEO_1+%286903634491915%29,9,257.77,63.92000000000001,23
2026-06-06,Facebook+Installs,6746466099,Luma+ios_wvv_20260429_AEO_1+%286908533021715%29,18,81.88000000000001,58.91000000000001,12
2026-06-06,Facebook+Installs,6746466099,Luma+ios_zjc_20260502_AEO_1+%28120244337810030256%29,20,85.84999999999998,73.88,15
2026-06-06,Facebook+Installs,6746466099,Luma+ios_zjc_20260502_VO_ABO+%28120244401001560256%29,13,127.74999999999994,101.79999999999997,25
2026-06-06,Facebook+Installs,6746466099,Luma_ios_wcx_abo_0604+-1+%28120241921309670256%29,8,74.92,74.92,8
2026-06-06,Facebook+Installs,6746466099,Luma_ios_wcx_abo_0604_new_1+%28120243096448690256%29,22,164.88,104.90999999999998,12
2026-06-06,Facebook+Installs,6746466099,Luma_ios_zmf_abo_0331_1+%286993503324612%29,26,150.84000000000003,90.92,16
2026-06-06,Facebook+Installs,6746466099,Luma_ios_zmf_abo_1220_2+%286945556930012%29,32,230.8,89.91999999999999,20
2026-06-06,Facebook+Installs,6746782904,0416-22-Romi-ios-VO-cbo-zm1+%286928215078844%29,31,270.53000000000026,214.67000000000013,47
2026-06-06,Facebook+Installs,6746782904,0425-Romi-ios-VO-cbo-zm1+%286929615678044%29,16,168.8100000000001,136.89000000000001,19
2026-06-06,Facebook+Installs,6746782904,0513-Romi-ios-AEO-abo-zm1+%286941788247044%29,46,248.6400000000001,161.73000000000002,36
2026-06-06,Facebook+Installs,6746782904,3.14+AEOc+cbo+cyl+%28120241002174210475%29,88,241.51000000000016,152.69,49
2026-06-06,Facebook+Installs,6746782904,4.18+VOc+cyl+%28120242759838130475%29,26,151.71999999999997,132.73999999999995,28
2026-06-06,Facebook+Installs,6746782904,5.13+VOc+cyl+%28120244392044050475%29,19,184.82,88.88,18
2026-06-06,Facebook+Installs,6746782904,Romi+iOS_MCY_0603_VO+%28120245984907200098%29,21,73.88,65.9,12
2026-06-06,Facebook+Installs,6746782904,Romi+iOS_syh_260416_AEO+%28120242387409150055%29,20,168.65000000000003,53.91000000000001,35
2026-06-06,Facebook+Installs,6746782904,Romi+iOS_syh_260416_VO+%28120242388498510055%29,86,943.7400000000008,610.2700000000003,126
2026-06-06,Facebook+Installs,6746782904,Romi+ios_wvv_260501_vo_1+%28120243842848770517%29,17,147.89000000000001,53.96,11
2026-06-06,Facebook+Installs,6746782904,Romi+ios_wvv_260530_aeo+%28120246075137210517%29,36,281.51000000000016,218.5800000000001,49
2026-06-06,Facebook+Installs,6746782904,Romi_ios_wcx_purchase_abo_0602+%28120238248406890517%29,84,612.2000000000005,357.52000000000027,80
2026-06-06,Facebook+Installs,6746782904,Romi_ios_wcx_purchase_abo_0602_new+%28120246355153120517%29,16,21.96,17.97,4
2026-06-06,Facebook+Installs,6746782904,Romi_ios_wcx_purchase_vo_0605+%28120242152656890517%29,15,264.42000000000024,168.66000000000003,58
2026-06-06,Facebook+Installs,6746782904,Romi_ios_zmf_purchase_abo_0528_1+%28120252900813130151%29,5,3.99,3.99,1
2026-06-06,Facebook+Installs,6746782904,Romi_ios_zmf_purchase_abo_0606_1-sz+%28120253691050650151%29,7,3.99,3.99,1
2026-06-06,Facebook+Installs,6746782904,Romi_ios_zmf_vo_cbo_0319_2+%28120243482931960228%29,39,513.2600000000003,221.67000000000004,74
2026-06-06,Facebook+Installs,6746782904,Romi_ios_zmf_vo_cbo_0325_1+%28120243690432680228%29,9,97.91999999999996,73.97999999999999,8
2026-06-06,Instagram+Installs,6746466099,0219_Luma_iOS_AEO_MCY+%286866373524315%29,6,15.96,15.96,4
2026-06-06,Instagram+Installs,6746466099,0407_Luma_iOS_AEO_MCY+%286894235051515%29,1,0,0,0
2026-06-06,Instagram+Installs,6746466099,0408_Luma_iOS_AEO_MCY+%286894809601315%29,12,18.98,18.98,2
2026-06-06,Instagram+Installs,6746466099,0417-2-Luma-ios-VO-cbo-zm1+%286939989053243%29,8,45.95,41.96,5
2026-06-06,Instagram+Installs,6746466099,0423-1-Luma-ios-VO-cbo-zm1+%286944142889643%29,23,392.4300000000003,242.68000000000006,57
2026-06-06,Instagram+Installs,6746466099,1230_Luma_iOS_AEO_MCY+%286848133765315%29,7,79.97,59.98,3
2026-06-06,Instagram+Installs,6746466099,Luma+iOS_cy1_260525_aeo+%28120245980448170256%29,4,0,0,0
2026-06-06,Instagram+Installs,6746466099,Luma+iOS_cy1_260529_aeo+%28120246299865950256%29,14,98.83999999999997,98.83999999999997,16
2026-06-06,Instagram+Installs,6746466099,Luma+iOS_syh_260422_AEO+%28120241407442320137%29,41,55.86000000000002,23.940000000000005,14
2026-06-06,Instagram+Installs,6746466099,Luma+ios_wvv_20260421_AEO_1+%286903634491915%29,12,418.3900000000003,127.80999999999997,61
2026-06-06,Instagram+Installs,6746466099,Luma+ios_wvv_20260429_AEO_1+%286908533021715%29,4,78.92,28.97,8
2026-06-06,Instagram+Installs,6746466099,Luma+ios_zjc_20260502_AEO_1+%28120244337810030256%29,29,154.67000000000002,100.78999999999998,33
2026-06-06,Instagram+Installs,6746466099,Luma+ios_zjc_20260502_VO_ABO+%28120244401001560256%29,19,440.4900000000003,183.73000000000008,51
2026-06-06,Instagram+Installs,6746466099,Luma_ios_wcx_abo_0604+-1+%28120241921309670256%29,31,49.93000000000001,45.940000000000005,7
2026-06-06,Instagram+Installs,6746466099,Luma_ios_wcx_abo_0604_new_1+%28120243096448690256%29,46,134.71999999999997,19.950000000000003,28
2026-06-06,Instagram+Installs,6746466099,Luma_ios_zmf_abo_0331_1+%286993503324612%29,6,7.98,7.98,2
2026-06-06,Instagram+Installs,6746466099,Luma_ios_zmf_abo_1220_2+%286945556930012%29,20,108.84999999999995,100.86999999999996,15
2026-06-06,Instagram+Installs,6746782904,0416-22-Romi-ios-VO-cbo-zm1+%286928215078844%29,27,195.77999999999997,97.82,22
2026-06-06,Instagram+Installs,6746782904,0425-Romi-ios-VO-cbo-zm1+%286929615678044%29,16,13.98,0,2
2026-06-06,Instagram+Installs,6746782904,3.14+AEOc+cbo+cyl+%28120241002174210475%29,103,894.7800000000008,442.39000000000027,122
2026-06-06,Instagram+Installs,6746782904,4.18+VOc+cyl+%28120242759838130475%29,25,188.57000000000008,80.83999999999999,43
2026-06-06,Instagram+Installs,6746782904,5.13+VOc+cyl+%28120244392044050475%29,23,159.71,107.80999999999999,29
2026-06-06,Instagram+Installs,6746782904,Romi+iOS_syh_260416_AEO+%28120242387409150055%29,22,353.36000000000035,255.56000000000017,64
2026-06-06,Instagram+Installs,6746782904,Romi+iOS_syh_260416_VO+%28120242388498510055%29,85,807.9100000000009,654.0700000000007,109
2026-06-06,Instagram+Installs,6746782904,Romi_ios_zmf_purchase_abo_0528_1+%28120252900813130151%29,9,0,0,0
2026-06-06,Instagram+Installs,6746782904,Romi_ios_zmf_purchase_abo_0606_1-sz+%28120253691050650151%29,12,19.99,19.99,1
2026-06-06,Instagram+Installs,6746782904,Romi_ios_zmf_vo_cbo_0319_2+%28120243482931960228%29,9,54.92000000000001,54.92000000000001,8
2026-06-06,Instagram+Installs,6746782904,Romi_ios_zmf_vo_cbo_0325_1+%28120243690432680228%29,4,97.91999999999999,97.91999999999999,8
2026-06-06,Off-Facebook+Installs,6746466099,0219_Luma_iOS_AEO_MCY+%286866373524315%29,1,105.83,59.88000000000002,17
2026-06-06,Off-Facebook+Installs,6746466099,0408_Luma_iOS_AEO_MCY+%286894809601315%29,1,3.99,3.99,1
2026-06-06,Off-Facebook+Installs,6746466099,0423-1-Luma-ios-VO-cbo-zm1+%286944142889643%29,1,0,0,0
2026-06-06,Off-Facebook+Installs,6746466099,Luma+iOS_cy1_260525_aeo+%28120245980448170256%29,1,0,0,0
2026-06-06,Off-Facebook+Installs,6746466099,Luma+ios_wvv_20260429_AEO_1+%286908533021715%29,2,0,0,0
2026-06-06,Off-Facebook+Installs,6746466099,Luma+ios_zjc_20260502_AEO_1+%28120244337810030256%29,1,0,0,0
2026-06-06,Off-Facebook+Installs,6746782904,3.14+AEOc+cbo+cyl+%28120241002174210475%29,10,0,0,0
2026-06-06,Off-Facebook+Installs,6746782904,Romi+iOS_MCY_0603_VO+%28120245984907200098%29,1,0,0,0
2026-06-06,Off-Facebook+Installs,6746782904,Romi+iOS_syh_260416_AEO+%28120242387409150055%29,7,0,0,0
2026-06-06,Off-Facebook+Installs,6746782904,Romi_ios_wcx_purchase_abo_0602+%28120238248406890517%29,1,3.99,3.99,1
2026-06-06,Off-Facebook+Installs,6746782904,Romi_ios_zmf_vo_cbo_0319_2+%28120243482931960228%29,2,0,0,0
2026-06-06,TikTok+SAN,6746466099,,60,808.1400000000006,464.47000000000025,86
2026-06-06,TikTok+SAN,6746466099,0509-lhtt-Luma+25-%2F%2Fs%2B%2B+vo+%281864606132513969%29,20,176.6800000000001,98.86,32
2026-06-06,TikTok+SAN,6746466099,0604-lhtt-Luma+25-%2F%2Fsearch+%281866956373790562%29,1,68.94,0,6
2026-06-06,TikTok+SAN,6746466099,Luma_ios_AEO_MCY_0127_s%2B_2+%281855466155544610%29,2,0,0,0
2026-06-06,TikTok+SAN,6746466099,Luma_ios_AEO_MCY_0228_s%2B_1+%281858365270760530%29,4,0,0,0
2026-06-06,TikTok+SAN,6746466099,Luma_ios_AEO_MCY_0310_s%2B_1+%281859270697950289%29,2,0,0,0
2026-06-06,TikTok+SAN,6746466099,Luma_ios_AEO_MCY_0408_s%2B_1+%281861896974456513%29,2,0,0,0
2026-06-06,TikTok+SAN,6746466099,Luma_ios_AEO_MCY_0408_s%2B_2+%281861896960378898%29,5,0,0,0
2026-06-06,TikTok+SAN,6746466099,Luma_ios_AEO_MCY_0424_s%2B_2+%281863346909293569%29,5,0,0,0
2026-06-06,TikTok+SAN,6746466099,Luma_ios_wcx_aeo_0120_smart_02+%281854728351163506%29,134,685.1500000000005,504.2900000000005,85
2026-06-06,TikTok+SAN,6746466099,Luma_ios_wcx_aeo_1119_smart++%281849118725316657%29,269,2025.3600000000022,1013.610000000001,264
2026-06-06,TikTok+SAN,6746466099,Luma_ios_wcx_aeo_1225_smart++%281852385308106114%29,53,476.1900000000005,218.64000000000013,81
2026-06-06,TikTok+SAN,6746466099,Luma_ios_zmf_0408_smart_purchase_01+%281861791826664593%29,5,232.84000000000003,23.940000000000005,16
2026-06-06,TikTok+SAN,6746466099,Luma_ios_zmf_0530_smart_purchase_02+%281866502530364481%29,12,43.890000000000015,43.890000000000015,11
2026-06-07,Facebook+Installs,6746466099,0219_Luma_iOS_AEO_MCY+%286866373524315%29,14,65.89000000000001,27.930000000000007,11
2026-06-07,Facebook+Installs,6746466099,0407_Luma_iOS_AEO_MCY+%286894235051515%29,2,0,0,0
2026-06-07,Facebook+Installs,6746466099,0408_Luma_iOS_AEO_MCY+%286894809601315%29,8,21.96,11.97,4
2026-06-07,Facebook+Installs,6746466099,0417-2-Luma-ios-VO-cbo-zm1+%286939989053243%29,34,317.6500000000001,174.80999999999997,35
2026-06-07,Facebook+Installs,6746466099,0423-1-Luma-ios-VO-cbo-zm1+%286944142889643%29,42,613.6200000000002,313.7900000000001,38
2026-06-07,Facebook+Installs,6746466099,1230_Luma_iOS_AEO_MCY+%286848133765315%29,24,764.1200000000006,131.82999999999998,88
2026-06-07,Facebook+Installs,6746466099,Luma+iOS_syh_260422_AEO+%28120241407442320137%29,48,546.0100000000008,316.51000000000033,99
2026-06-07,Facebook+Installs,6746466099,Luma+ios_wvv_20260421_AEO_1+%286903634491915%29,10,35.940000000000005,35.940000000000005,6
2026-06-07,Facebook+Installs,6746466099,Luma+ios_wvv_20260429_AEO_1+%286908533021715%29,2,0,0,0
2026-06-07,Facebook+Installs,6746466099,Luma+ios_zjc_20260502_AEO_1+%28120244337810030256%29,31,238.57000000000008,138.70999999999995,43
2026-06-07,Facebook+Installs,6746466099,Luma+ios_zjc_20260502_VO_ABO+%28120244401001560256%29,15,248.82000000000005,144.88,18
2026-06-07,Facebook+Installs,6746466099,Luma_ios_wcx_abo_0604_new_1+%28120243096448690256%29,16,50.940000000000005,50.940000000000005,6
2026-06-07,Facebook+Installs,6746466099,Luma_ios_zmf_abo_0331_1+%286993503324612%29,24,37.96,37.96,4
2026-06-07,Facebook+Installs,6746466099,Luma_ios_zmf_abo_1220_2+%286945556930012%29,44,312.5800000000002,230.73000000000008,42
2026-06-07,Facebook+Installs,6746782904,0416-22-Romi-ios-VO-cbo-zm1+%286928215078844%29,36,727.2700000000006,401.60000000000025,73
2026-06-07,Facebook+Installs,6746782904,0425-Romi-ios-VO-cbo-zm1+%286929615678044%29,13,111.78999999999998,87.80999999999999,21
2026-06-07,Facebook+Installs,6746782904,0513-Romi-ios-AEO-abo-zm1+%286941788247044%29,76,513.2600000000006,253.57000000000028,74
2026-06-07,Facebook+Installs,6746782904,3.14+AEOc+cbo+cyl+%28120241002174210475%29,96,845.1400000000006,577.3900000000003,86
2026-06-07,Facebook+Installs,6746782904,4.18+VOc+cyl+%28120242759838130475%29,10,57.90000000000001,57.90000000000001,10
2026-06-07,Facebook+Installs,6746782904,5.13+VOc+cyl+%28120244392044050475%29,7,51.87000000000002,43.890000000000015,13
2026-06-07,Facebook+Installs,6746782904,Romi+iOS_MCY_0603_VO+%28120245984907200098%29,22,111.89999999999995,111.89999999999995,10
2026-06-07,Facebook+Installs,6746782904,Romi+iOS_syh_260416_AEO+%28120242387409150055%29,51,506.3500000000004,410.44000000000034,65
2026-06-07,Facebook+Installs,6746782904,Romi+iOS_syh_260416_VO+%28120242388498510055%29,140,2155.3299999999986,1048.8600000000008,267
2026-06-07,Facebook+Installs,6746782904,Romi+ios_wvv_260501_vo_1+%28120243842848770517%29,29,872.9100000000009,312.58000000000027,109
2026-06-07,Facebook+Installs,6746782904,Romi+ios_wvv_260530_aeo+%28120246075137210517%29,47,131.70999999999995,119.73999999999995,29
2026-06-07,Facebook+Installs,6746782904,Romi_ios_wcx_purchase_abo_0602+%28120238248406890517%29,81,416.5200000000002,324.69000000000005,48
2026-06-07,Facebook+Installs,6746782904,Romi_ios_wcx_purchase_abo_0602_new+%28120246355153120517%29,0,99.97,59.980000000000004,3
2026-06-07,Facebook+Installs,6746782904,Romi_ios_wcx_purchase_vo_0605+%28120242152656890517%29,18,262.63000000000005,136.75999999999996,37
2026-06-07,Facebook+Installs,6746782904,Romi_ios_zmf_purchase_abo_0528_1+%28120252900813130151%29,8,3.99,3.99,1
2026-06-07,Facebook+Installs,6746782904,Romi_ios_zmf_purchase_abo_0606_1-sz+%28120253691050650151%29,4,3.99,3.99,1
2026-06-07,Facebook+Installs,6746782904,Romi_ios_zmf_vo_cbo_0319_2+%28120243482931960228%29,35,498.1900000000005,310.5100000000002,81
2026-06-07,Facebook+Installs,6746782904,Romi_ios_zmf_vo_cbo_0325_1+%28120243690432680228%29,10,383.6400000000002,289.72000000000014,36
2026-06-07,Instagram+Installs,6746466099,0219_Luma_iOS_AEO_MCY+%286866373524315%29,12,19.950000000000003,19.950000000000003,5
2026-06-07,Instagram+Installs,6746466099,0407_Luma_iOS_AEO_MCY+%286894235051515%29,2,3.99,3.99,1
2026-06-07,Instagram+Installs,6746466099,0408_Luma_iOS_AEO_MCY+%286894809601315%29,17,51.95,37.97,5
2026-06-07,Instagram+Installs,6746466099,0417-2-Luma-ios-VO-cbo-zm1+%286939989053243%29,9,49.98,49.98,2
2026-06-07,Instagram+Installs,6746466099,0423-1-Luma-ios-VO-cbo-zm1+%286944142889643%29,17,91.91999999999999,52.96,8
2026-06-07,Instagram+Installs,6746466099,1230_Luma_iOS_AEO_MCY+%286848133765315%29,1,47.96,47.96,4
2026-06-07,Instagram+Installs,6746466099,Luma+iOS_cy1_260529_aeo+%28120246299865950256%29,16,127.85999999999999,67.9,14
2026-06-07,Instagram+Installs,6746466099,Luma+iOS_cy1_260606_aeo+%28120247002515170256%29,9,73.92,73.92,8
2026-06-07,Instagram+Installs,6746466099,Luma+iOS_syh_260422_AEO+%28120241407442320137%29,47,253.5700000000002,211.6600000000001,43
2026-06-07,Instagram+Installs,6746466099,Luma+ios_wvv_20260421_AEO_1+%286903634491915%29,14,0,0,0
2026-06-07,Instagram+Installs,6746466099,Luma+ios_wvv_20260429_AEO_1+%286908533021715%29,11,7.98,7.98,2
2026-06-07,Instagram+Installs,6746466099,Luma+ios_zjc_20260502_AEO_1+%28120244337810030256%29,61,294.53000000000014,174.68,47
2026-06-07,Instagram+Installs,6746466099,Luma+ios_zjc_20260502_VO_ABO+%28120244401001560256%29,34,417.34000000000043,338.45000000000033,66
2026-06-07,Instagram+Installs,6746466099,Luma_ios_wcx_abo_0604_new_1+%28120243096448690256%29,22,91.85,81.86,15
2026-06-07,Instagram+Installs,6746466099,Luma_ios_zmf_abo_0331_1+%286993503324612%29,6,38.97,38.97,3
2026-06-07,Instagram+Installs,6746466099,Luma_ios_zmf_abo_1220_2+%286945556930012%29,49,184.61000000000007,118.75999999999996,39
2026-06-07,Instagram+Installs,6746782904,0416-22-Romi-ios-VO-cbo-zm1+%286928215078844%29,11,255.82,41.95,18
2026-06-07,Instagram+Installs,6746782904,0425-Romi-ios-VO-cbo-zm1+%286929615678044%29,22,70.89,70.89,11
2026-06-07,Instagram+Installs,6746782904,3.14+AEOc+cbo+cyl+%28120241002174210475%29,143,1345.0500000000015,786.8900000000008,195
2026-06-07,Instagram+Installs,6746782904,4.18+VOc+cyl+%28120242759838130475%29,7,13.98,13.98,2
2026-06-07,Instagram+Installs,6746782904,5.13+VOc+cyl+%28120244392044050475%29,27,282.5700000000001,274.5900000000001,43
2026-06-07,Instagram+Installs,6746782904,Romi+iOS_syh_260416_AEO+%28120242387409150055%29,33,133.73999999999998,81.84,26
2026-06-07,Instagram+Installs,6746782904,Romi+iOS_syh_260416_VO+%28120242388498510055%29,98,874.680000000001,659.9700000000007,132
2026-06-07,Instagram+Installs,6746782904,Romi_ios_zmf_purchase_abo_0320_1+%28120248735216530151%29,1,35.91000000000001,35.91000000000001,9
2026-06-07,Instagram+Installs,6746782904,Romi_ios_zmf_purchase_abo_0528_1+%28120252900813130151%29,8,0,0,0
2026-06-07,Instagram+Installs,6746782904,Romi_ios_zmf_purchase_abo_0606_1-sz+%28120253691050650151%29,12,11.97,7.98,3
2026-06-07,Instagram+Installs,6746782904,Romi_ios_zmf_vo_cbo_0319_2+%28120243482931960228%29,25,215.58000000000015,153.72000000000003,42
2026-06-07,Instagram+Installs,6746782904,Romi_ios_zmf_vo_cbo_0325_1+%28120243690432680228%29,7,33.93000000000001,25.950000000000003,7
2026-06-07,Off-Facebook+Installs,6746466099,0219_Luma_iOS_AEO_MCY+%286866373524315%29,4,35.91000000000001,0,9
2026-06-07,Off-Facebook+Installs,6746466099,0408_Luma_iOS_AEO_MCY+%286894809601315%29,2,0,0,0
2026-06-07,Off-Facebook+Installs,6746466099,0417-2-Luma-ios-VO-cbo-zm1+%286939989053243%29,1,0,0,0
2026-06-07,Off-Facebook+Installs,6746466099,Luma+ios_zjc_20260502_AEO_1+%28120244337810030256%29,2,0,0,0
2026-06-07,Off-Facebook+Installs,6746782904,3.14+AEOc+cbo+cyl+%28120241002174210475%29,18,120.73999999999994,21.96,26
2026-06-07,Off-Facebook+Installs,6746782904,4.18+VOc+cyl+%28120242759838130475%29,2,0,0,0
2026-06-07,Off-Facebook+Installs,6746782904,Romi+iOS_MCY_0603_VO+%28120245984907200098%29,1,3.99,3.99,1
2026-06-07,Off-Facebook+Installs,6746782904,Romi+iOS_syh_260416_AEO+%28120242387409150055%29,6,13.98,3.99,2
2026-06-07,Off-Facebook+Installs,6746782904,Romi+ios_wvv_260530_aeo+%28120246075137210517%29,3,0,0,0
2026-06-07,TikTok+SAN,6746466099,,54,273.59000000000015,188.67000000000007,41
2026-06-07,TikTok+SAN,6746466099,0509-lhtt-Luma+25-%2F%2Fs%2B%2B+vo+%281864606132513969%29,38,1331.9500000000007,650.5100000000003,105
2026-06-07,TikTok+SAN,6746466099,Luma_ios_AEO_MCY_0127_s%2B_2+%281855466155544610%29,3,0,0,0
2026-06-07,TikTok+SAN,6746466099,Luma_ios_AEO_MCY_0228_s%2B_1+%281858365270760530%29,9,82.85,56.90000000000001,15
2026-06-07,TikTok+SAN,6746466099,Luma_ios_AEO_MCY_0310_s%2B_1+%281859270697950289%29,3,0,0,0
2026-06-07,TikTok+SAN,6746466099,Luma_ios_AEO_MCY_0408_s%2B_1+%281861896974456513%29,3,71.93999999999998,0,6
2026-06-07,TikTok+SAN,6746466099,Luma_ios_AEO_MCY_0408_s%2B_2+%281861896960378898%29,10,169.87000000000003,155.89000000000001,13
2026-06-07,TikTok+SAN,6746466099,Luma_ios_wcx_aeo_0120_smart_02+%281854728351163506%29,77,320.6600000000001,198.73000000000005,34
2026-06-07,TikTok+SAN,6746466099,Luma_ios_wcx_aeo_1119_smart++%281849118725316657%29,201,957.600000000001,715.9100000000008,140
2026-06-07,TikTok+SAN,6746466099,Luma_ios_wcx_aeo_1225_smart++%281852385308106114%29,84,876.1100000000006,466.6000000000002,89
2026-06-07,TikTok+SAN,6746466099,Luma_ios_zmf_0408_smart_purchase_01+%281861791826664593%29,11,273.63000000000017,153.78000000000003,37
2026-06-07,TikTok+SAN,6746466099,Luma_ios_zmf_0530_smart_purchase_02+%281866502530364481%29,8,44.93000000000001,34.940000000000005,7
2026-06-08,Facebook+Installs,6746466099,0219_Luma_iOS_AEO_MCY+%286866373524315%29,8,3.99,3.99,1
2026-06-08,Facebook+Installs,6746466099,0407_Luma_iOS_AEO_MCY+%286894235051515%29,2,38.97,38.97,3
2026-06-08,Facebook+Installs,6746466099,0408_Luma_iOS_AEO_MCY+%286894809601315%29,15,11.97,11.97,3
2026-06-08,Facebook+Installs,6746466099,0417-2-Luma-ios-VO-cbo-zm1+%286939989053243%29,32,163.66,159.67,34
2026-06-08,Facebook+Installs,6746466099,0423-1-Luma-ios-VO-cbo-zm1+%286944142889643%29,92,523.3800000000005,377.5700000000003,62
2026-06-08,Facebook+Installs,6746466099,1230_Luma_iOS_AEO_MCY+%286848133765315%29,10,323.85,144.90999999999997,15
2026-06-08,Facebook+Installs,6746466099,Luma+iOS_cy1_260529_aeo+%28120246299865950256%29,2,7.98,3.99,2
2026-06-08,Facebook+Installs,6746466099,Luma+iOS_syh_260422_AEO+%28120241407442320137%29,53,377.5600000000001,202.69000000000003,44
2026-06-08,Facebook+Installs,6746466099,Luma+ios_wvv_20260421_AEO_1+%286903634491915%29,3,47.96,0,4
2026-06-08,Facebook+Installs,6746466099,Luma+ios_wvv_20260429_AEO_1+%286908533021715%29,16,57.91000000000001,37.96,9
2026-06-08,Facebook+Installs,6746466099,Luma+ios_zjc_20260502_AEO_1+%28120244337810030256%29,29,200.62000000000006,146.73999999999995,38
2026-06-08,Facebook+Installs,6746466099,Luma+ios_zjc_20260502_VO_ABO+%28120244401001560256%29,40,249.75000000000014,217.7900000000001,25
2026-06-08,Facebook+Installs,6746466099,Luma_ios_zmf_abo_0331_1+%286993503324612%29,27,157.78000000000003,93.90999999999998,22
2026-06-08,Facebook+Installs,6746466099,Luma_ios_zmf_abo_1220_2+%286945556930012%29,42,423.58000000000027,288.71000000000015,42
2026-06-08,Facebook+Installs,6746782904,0416-22-Romi-ios-VO-cbo-zm1+%286928215078844%29,41,290.4600000000002,166.68000000000004,54
2026-06-08,Facebook+Installs,6746782904,0425-Romi-ios-VO-cbo-zm1+%286929615678044%29,13,41.95,37.96,5
2026-06-08,Facebook+Installs,6746782904,0513-Romi-ios-AEO-abo-zm1+%286941788247044%29,50,244.51000000000016,212.5900000000001,49
2026-06-08,Facebook+Installs,6746782904,3.14+AEOc+cbo+cyl+%28120241002174210475%29,40,466.89000000000067,119.69999999999996,111
2026-06-08,Facebook+Installs,6746782904,4.18+VOc+cyl+%28120242759838130475%29,52,692.4400000000004,502.58000000000027,56
2026-06-08,Facebook+Installs,6746782904,5.13+VOc+cyl+%28120244392044050475%29,33,423.4100000000003,247.72000000000003,59
2026-06-08,Facebook+Installs,6746782904,Romi+iOS_MCY_0603_VO+%28120245984907200098%29,28,298.82000000000005,126.90999999999997,18
2026-06-08,Facebook+Installs,6746782904,Romi+iOS_syh_260416_AEO+%28120242387409150055%29,39,474.3600000000004,302.6200000000002,64
2026-06-08,Facebook+Installs,6746782904,Romi+iOS_syh_260416_VO+%28120242388498510055%29,239,3199.1999999999716,1701.0600000000015,380
2026-06-08,Facebook+Installs,6746782904,Romi+ios_wvv_260501_vo_1+%28120243842848770517%29,28,488.70000000000016,166.89000000000001,30
2026-06-08,Facebook+Installs,6746782904,Romi+ios_wvv_260530_aeo+%28120246075137210517%29,50,261.50000000000017,90.82999999999998,50
2026-06-08,Facebook+Installs,6746782904,Romi_ios_wcx_purchase_abo_0602+%28120238248406890517%29,84,865.0000000000006,685.3400000000003,100
2026-06-08,Facebook+Installs,6746782904,Romi_ios_wcx_purchase_vo_0605+%28120242152656890517%29,20,270.7,178.74999999999997,30
2026-06-08,Facebook+Installs,6746782904,Romi_ios_zmf_purchase_abo_0528_1+%28120252900813130151%29,10,119.93999999999997,89.96999999999998,6
2026-06-08,Facebook+Installs,6746782904,Romi_ios_zmf_purchase_abo_0606_1-sz+%28120253691050650151%29,12,49.980000000000004,39.99,2
2026-06-08,Facebook+Installs,6746782904,Romi_ios_zmf_vo_cbo_0319_2+%28120243482931960228%29,69,1189.0600000000006,384.6200000000003,94
2026-06-08,Facebook+Installs,6746782904,Romi_ios_zmf_vo_cbo_0325_1+%28120243690432680228%29,8,11.97,11.97,3
2026-06-08,Instagram+Installs,6746466099,0219_Luma_iOS_AEO_MCY+%286866373524315%29,7,3.99,3.99,1
2026-06-08,Instagram+Installs,6746466099,0407_Luma_iOS_AEO_MCY+%286894235051515%29,4,127.84999999999997,75.91,15
2026-06-08,Instagram+Installs,6746466099,0408_Luma_iOS_AEO_MCY+%286894809601315%29,10,69.92999999999999,61.95,7
2026-06-08,Instagram+Installs,6746466099,0417-2-Luma-ios-VO-cbo-zm1+%286939989053243%29,11,111.89999999999999,51.96000000000001,10
2026-06-08,Instagram+Installs,6746466099,0423-1-Luma-ios-VO-cbo-zm1+%286944142889643%29,51,318.39000000000027,154.7,61
2026-06-08,Instagram+Installs,6746466099,1230_Luma_iOS_AEO_MCY+%286848133765315%29,4,3.99,3.99,1
2026-06-08,Instagram+Installs,6746466099,Luma+iOS_cy1_260525_aeo+%28120245980448170256%29,1,0,0,0
2026-06-08,Instagram+Installs,6746466099,Luma+iOS_cy1_260529_aeo+%28120246299865950256%29,14,22.97,22.97,3
2026-06-08,Instagram+Installs,6746466099,Luma+iOS_cy1_260606_aeo+%28120247002515170256%29,6,15.96,15.96,4
2026-06-08,Instagram+Installs,6746466099,Luma+iOS_syh_260422_AEO+%28120241407442320137%29,39,250.6900000000002,207.77000000000012,31
2026-06-08,Instagram+Installs,6746466099,Luma+ios_wvv_20260421_AEO_1+%286903634491915%29,6,11.97,11.97,3
2026-06-08,Instagram+Installs,6746466099,Luma+ios_zjc_20260502_AEO_1+%28120244337810030256%29,71,132.73999999999998,106.78999999999999,26
2026-06-08,Instagram+Installs,6746466099,Luma+ios_zjc_20260502_VO_ABO+%28120244401001560256%29,49,351.3300000000003,241.53000000000014,67
2026-06-08,Instagram+Installs,6746466099,Luma_ios_zmf_abo_0331_1+%286993503324612%29,6,7.98,7.98,2
2026-06-08,Instagram+Installs,6746466099,Luma_ios_zmf_abo_1220_2+%286945556930012%29,26,35.91000000000001,35.91000000000001,9
2026-06-08,Instagram+Installs,6746782904,0416-22-Romi-ios-VO-cbo-zm1+%286928215078844%29,32,264.6600000000001,70.88000000000001,34
2026-06-08,Instagram+Installs,6746782904,0425-Romi-ios-VO-cbo-zm1+%286929615678044%29,32,156.87,156.87,13
2026-06-08,Instagram+Installs,6746782904,3.14+AEOc+cbo+cyl+%28120241002174210475%29,61,308.60000000000014,246.71000000000006,40
2026-06-08,Instagram+Installs,6746782904,4.18+VOc+cyl+%28120242759838130475%29,18,164.76000000000002,136.79999999999998,24
2026-06-08,Instagram+Installs,6746782904,5.13+VOc+cyl+%28120244392044050475%29,25,352.6600000000001,214.76000000000002,34
2026-06-08,Instagram+Installs,6746782904,Romi+iOS_syh_260416_AEO+%28120242387409150055%29,28,66.92,46.940000000000005,8
2026-06-08,Instagram+Installs,6746782904,Romi+iOS_syh_260416_VO+%28120242388498510055%29,136,1048.580000000001,522.3500000000004,142
2026-06-08,Instagram+Installs,6746782904,Romi_ios_zmf_purchase_abo_0320_1+%28120248735216530151%29,1,0,0,0
2026-06-08,Instagram+Installs,6746782904,Romi_ios_zmf_purchase_abo_0528_1+%28120252900813130151%29,15,11.97,11.97,3
2026-06-08,Instagram+Installs,6746782904,Romi_ios_zmf_purchase_abo_0606_1-sz+%28120253691050650151%29,3,0,0,0
2026-06-08,Instagram+Installs,6746782904,Romi_ios_zmf_vo_cbo_0319_2+%28120243482931960228%29,21,80.91,36.95,9
2026-06-08,Instagram+Installs,6746782904,Romi_ios_zmf_vo_cbo_0325_1+%28120243690432680228%29,10,89.85999999999997,73.89999999999999,14
2026-06-08,Off-Facebook+Installs,6746466099,0219_Luma_iOS_AEO_MCY+%286866373524315%29,2,0,0,0
2026-06-08,Off-Facebook+Installs,6746466099,0408_Luma_iOS_AEO_MCY+%286894809601315%29,6,0,0,0
2026-06-08,Off-Facebook+Installs,6746466099,0417-2-Luma-ios-VO-cbo-zm1+%286939989053243%29,1,0,0,0
2026-06-08,Off-Facebook+Installs,6746466099,Luma+ios_zjc_20260502_AEO_1+%28120244337810030256%29,2,0,0,0
2026-06-08,Off-Facebook+Installs,6746782904,3.14+AEOc+cbo+cyl+%28120241002174210475%29,3,3.99,3.99,1
2026-06-08,Off-Facebook+Installs,6746782904,Romi+iOS_syh_260416_AEO+%28120242387409150055%29,16,51.90000000000001,11.97,10
2026-06-08,Off-Facebook+Installs,6746782904,Romi+iOS_syh_260416_VO+%28120242388498510055%29,3,217.94000000000003,217.94000000000003,6
2026-06-08,Off-Facebook+Installs,6746782904,Romi+ios_wvv_260530_aeo+%28120246075137210517%29,1,0,0,0
2026-06-08,Off-Facebook+Installs,6746782904,Romi_ios_wcx_purchase_abo_0602+%28120238248406890517%29,4,0,0,0
2026-06-08,TikTok+SAN,6746466099,,45,175.70000000000002,122.78999999999995,30
2026-06-08,TikTok+SAN,6746466099,0509-lhtt-Luma+25-%2F%2Fs%2B%2B+vo+%281864606132513969%29,36,483.42000000000036,311.6200000000002,58
2026-06-08,TikTok+SAN,6746466099,Luma_ios_AEO_MCY_0127_s%2B_2+%281855466155544610%29,5,22.97,22.97,3
2026-06-08,TikTok+SAN,6746466099,Luma_ios_AEO_MCY_0228_s%2B_1+%281858365270760530%29,7,136.77999999999994,98.85999999999996,22
2026-06-08,TikTok+SAN,6746466099,Luma_ios_AEO_MCY_0310_s%2B_1+%281859270697950289%29,2,3.99,3.99,1
2026-06-08,TikTok+SAN,6746466099,Luma_ios_AEO_MCY_0408_s%2B_1+%281861896974456513%29,5,3.99,3.99,1
2026-06-08,TikTok+SAN,6746466099,Luma_ios_AEO_MCY_0408_s%2B_2+%281861896960378898%29,5,15.96,15.96,4
2026-06-08,TikTok+SAN,6746466099,Luma_ios_wcx_aeo_0120_smart_02+%281854728351163506%29,92,428.4000000000003,396.48000000000025,60
2026-06-08,TikTok+SAN,6746466099,Luma_ios_wcx_aeo_1119_smart++%281849118725316657%29,254,1746.8000000000018,692.0000000000007,220
2026-06-08,TikTok+SAN,6746466099,Luma_ios_wcx_aeo_1225_smart++%281852385308106114%29,126,929.0300000000007,487.4300000000003,97
2026-06-08,TikTok+SAN,6746466099,Luma_ios_zmf_0408_smart_purchase_01+%281861791826664593%29,16,96.79999999999998,66.86000000000001,20
2026-06-08,TikTok+SAN,6746466099,Luma_ios_zmf_0530_smart_purchase_02+%281866502530364481%29,11,147.63,19.950000000000003,37
2026-06-09,Facebook+Installs,6746466099,0219_Luma_iOS_AEO_MCY+%286866373524315%29,10,0,0,0
2026-06-09,Facebook+Installs,6746466099,0407_Luma_iOS_AEO_MCY+%286894235051515%29,14,38.93000000000001,38.93000000000001,7
2026-06-09,Facebook+Installs,6746466099,0408_Luma_iOS_AEO_MCY+%286894809601315%29,18,21.96,21.96,4
2026-06-09,Facebook+Installs,6746466099,0417-2-Luma-ios-VO-cbo-zm1+%286939989053243%29,26,352.8400000000001,242.90000000000003,16
2026-06-09,Facebook+Installs,6746466099,0423-1-Luma-ios-VO-cbo-zm1+%286944142889643%29,83,566.2000000000004,417.4400000000002,80
2026-06-09,Facebook+Installs,6746466099,1230_Luma_iOS_AEO_MCY+%286848133765315%29,14,453.8500000000001,259.93,15
2026-06-09,Facebook+Installs,6746466099,Luma+iOS_cy1_260606_aeo+%28120247002515170256%29,6,3.99,3.99,1
2026-06-09,Facebook+Installs,6746466099,Luma+iOS_syh_260422_AEO+%28120241407442320137%29,30,254.71000000000018,214.77000000000012,29
2026-06-09,Facebook+Installs,6746466099,Luma+ios_wvv_20260421_AEO_1+%286903634491915%29,24,15.96,15.96,4
2026-06-09,Facebook+Installs,6746466099,Luma+ios_wvv_20260429_AEO_1+%286908533021715%29,11,35.91000000000001,11.97,9
2026-06-09,Facebook+Installs,6746466099,Luma+ios_zjc_20260502_AEO_1+%28120244337810030256%29,23,165.72000000000006,117.83999999999997,28
2026-06-09,Facebook+Installs,6746466099,Luma+ios_zjc_20260502_VO_ABO+%28120244401001560256%29,7,0,0,0
2026-06-09,Facebook+Installs,6746466099,Luma+ios_zjc_20260608_VO_CBO+%28120247129099360256%29,4,26.96,26.96,4
2026-06-09,Facebook+Installs,6746466099,Luma_ios_zmf_abo_0331_1+%286993503324612%29,28,0,0,0
2026-06-09,Facebook+Installs,6746466099,Luma_ios_zmf_abo_1220_2+%286945556930012%29,61,229.68000000000006,225.69000000000005,32
2026-06-09,Facebook+Installs,6746782904,0416-22-Romi-ios-VO-cbo-zm1+%286928215078844%29,62,481.32000000000045,399.4800000000003,68
2026-06-09,Facebook+Installs,6746782904,0425-Romi-ios-VO-cbo-zm1+%286929615678044%29,23,305.7300000000001,89.88999999999999,27
2026-06-09,Facebook+Installs,6746782904,0513-Romi-ios-AEO-abo-zm1+%286941788247044%29,37,244.56000000000012,172.67000000000002,44
2026-06-09,Facebook+Installs,6746782904,3.14+AEOc+cbo+cyl+%28120241002174210475%29,84,225.55000000000013,116.77999999999996,45
2026-06-09,Facebook+Installs,6746782904,4.18+VOc+cyl+%28120242759838130475%29,82,385.5800000000001,123.78999999999995,42
2026-06-09,Facebook+Installs,6746782904,5.13+VOc+cyl+%28120244392044050475%29,55,454.5200000000004,354.57000000000033,48
2026-06-09,Facebook+Installs,6746782904,Romi+iOS_MCY_0603_VO+%28120245984907200098%29,9,36.95,36.95,5
2026-06-09,Facebook+Installs,6746782904,Romi+iOS_syh_260416_AEO+%28120242387409150055%29,39,313.69000000000005,153.78,31
2026-06-09,Facebook+Installs,6746782904,Romi+iOS_syh_260416_VO+%28120242388498510055%29,173,2467.6099999999883,1519.8900000000008,239
2026-06-09,Facebook+Installs,6746782904,Romi+ios_wvv_260501_vo_1+%28120243842848770517%29,29,173.74000000000007,47.88000000000002,26
2026-06-09,Facebook+Installs,6746782904,Romi+ios_wvv_260530_aeo+%28120246075137210517%29,9,23.97,13.98,3
2026-06-09,Facebook+Installs,6746782904,Romi_ios_wcx_purchase_abo_0602+%28120238248406890517%29,94,411.3300000000004,333.5100000000002,67
2026-06-09,Facebook+Installs,6746782904,Romi_ios_wcx_purchase_vo_0605+%28120242152656890517%29,19,151.85,135.89,15
2026-06-09,Facebook+Installs,6746782904,Romi_ios_zmf_purchase_abo_0528_1+%28120252900813130151%29,12,77.92999999999998,59.959999999999994,7
2026-06-09,Facebook+Installs,6746782904,Romi_ios_zmf_purchase_abo_0606_1-sz+%28120253691050650151%29,4,0,0,0
2026-06-09,Facebook+Installs,6746782904,Romi_ios_zmf_vo_cbo_0319_2+%28120243482931960228%29,60,686.1600000000005,440.48000000000025,84
2026-06-09,Facebook+Installs,6746782904,Romi_ios_zmf_vo_cbo_0325_1+%28120243690432680228%29,2,3.99,3.99,1
2026-06-09,Facebook+web,6746782904,Romi+ios_zjc_20260608_VO_CBO-W2a,9,14.99,14.99,1
2026-06-09,Facebook+web,6746782904,Romi_ios_wty_20260608_AEO,15,56.93000000000001,42.95,7
2026-06-09,Instagram+Installs,6746466099,0219_Luma_iOS_AEO_MCY+%286866373524315%29,4,19.99,19.99,1
2026-06-09,Instagram+Installs,6746466099,0407_Luma_iOS_AEO_MCY+%286894235051515%29,6,70.92999999999999,58.96,7
2026-06-09,Instagram+Installs,6746466099,0408_Luma_iOS_AEO_MCY+%286894809601315%29,9,1771.3100000000004,519.7900000000001,69
2026-06-09,Instagram+Installs,6746466099,0417-2-Luma-ios-VO-cbo-zm1+%286939989053243%29,5,11.97,11.97,3
2026-06-09,Instagram+Installs,6746466099,0423-1-Luma-ios-VO-cbo-zm1+%286944142889643%29,26,139.72999999999996,61.91000000000001,27
2026-06-09,Instagram+Installs,6746466099,1230_Luma_iOS_AEO_MCY+%286848133765315%29,6,67.91000000000001,41.96,9
2026-06-09,Instagram+Installs,6746466099,Luma+iOS_cy1_260529_aeo+%28120246299865950256%29,13,19.950000000000003,19.950000000000003,5
2026-06-09,Instagram+Installs,6746466099,Luma+iOS_cy1_260606_aeo+%28120247002515170256%29,5,35.91000000000001,15.96,9
2026-06-09,Instagram+Installs,6746466099,Luma+iOS_syh_260422_AEO+%28120241407442320137%29,30,90.83,51.87000000000002,17
2026-06-09,Instagram+Installs,6746466099,Luma+ios_wvv_20260421_AEO_1+%286903634491915%29,15,79.9,27.96,10
2026-06-09,Instagram+Installs,6746466099,Luma+ios_zjc_20260502_AEO_1+%28120244337810030256%29,24,126.70999999999995,94.78999999999999,29
2026-06-09,Instagram+Installs,6746466099,Luma+ios_zjc_20260502_VO_ABO+%28120244401001560256%29,26,52.91000000000001,34.940000000000005,9
2026-06-09,Instagram+Installs,6746466099,Luma_ios_wcx_abo_0604_new_1+%28120243096448690256%29,2,3.99,3.99,1
2026-06-09,Instagram+Installs,6746466099,Luma_ios_zmf_abo_0331_1+%286993503324612%29,4,77.85000000000001,77.85000000000001,15
2026-06-09,Instagram+Installs,6746466099,Luma_ios_zmf_abo_1220_2+%286945556930012%29,11,3.99,0,1
2026-06-09,Instagram+Installs,6746782904,0416-22-Romi-ios-VO-cbo-zm1+%286928215078844%29,4,11.97,11.97,3
2026-06-09,Instagram+Installs,6746782904,0425-Romi-ios-VO-cbo-zm1+%286929615678044%29,21,126.83,126.83,17
2026-06-09,Instagram+Installs,6746782904,3.14+AEOc+cbo+cyl+%28120241002174210475%29,80,356.43000000000035,260.6100000000002,57
2026-06-09,Instagram+Installs,6746782904,4.18+VOc+cyl+%28120242759838130475%29,27,78.83,74.84,17
2026-06-09,Instagram+Installs,6746782904,5.13+VOc+cyl+%28120244392044050475%29,47,147.69,139.70999999999998,31
2026-06-09,Instagram+Installs,6746782904,Romi+iOS_MCY_0603_VO+%28120245984907200098%29,22,505.52000000000015,449.63000000000005,48
2026-06-09,Instagram+Installs,6746782904,Romi+iOS_syh_260416_AEO+%28120242387409150055%29,11,3.99,3.99,1
2026-06-09,Instagram+Installs,6746782904,Romi+iOS_syh_260416_VO+%28120242388498510055%29,111,455.1300000000005,312.3600000000003,87
2026-06-09,Instagram+Installs,6746782904,Romi_ios_zmf_purchase_abo_0528_1+%28120252900813130151%29,12,340.81000000000006,200.87,19
2026-06-09,Instagram+Installs,6746782904,Romi_ios_zmf_purchase_abo_0606_1-sz+%28120253691050650151%29,1,3.99,0,1
2026-06-09,Instagram+Installs,6746782904,Romi_ios_zmf_vo_cbo_0319_2+%28120243482931960228%29,17,78.86,54.92000000000001,14
2026-06-09,Instagram+Installs,6746782904,Romi_ios_zmf_vo_cbo_0325_1+%28120243690432680228%29,10,49.890000000000015,9.99,11
2026-06-09,Off-Facebook+Installs,6746466099,0219_Luma_iOS_AEO_MCY+%286866373524315%29,3,0,0,0
2026-06-09,Off-Facebook+Installs,6746466099,0408_Luma_iOS_AEO_MCY+%286894809601315%29,1,0,0,0
2026-06-09,Off-Facebook+Installs,6746466099,0423-1-Luma-ios-VO-cbo-zm1+%286944142889643%29,1,19.99,19.99,1
2026-06-09,Off-Facebook+Installs,6746466099,1230_Luma_iOS_AEO_MCY+%286848133765315%29,2,0,0,0
2026-06-09,Off-Facebook+Installs,6746466099,Luma+ios_zjc_20260502_AEO_1+%28120244337810030256%29,1,0,0,0
2026-06-09,Off-Facebook+Installs,6746782904,3.14+AEOc+cbo+cyl+%28120241002174210475%29,7,0,0,0
2026-06-09,Off-Facebook+Installs,6746782904,Romi+iOS_syh_260416_AEO+%28120242387409150055%29,7,0,0,0
2026-06-09,Off-Facebook+Installs,6746782904,Romi+iOS_syh_260416_VO+%28120242388498510055%29,2,0,0,0
2026-06-09,Off-Facebook+Installs,6746782904,Romi_ios_wcx_purchase_abo_0602+%28120238248406890517%29,2,0,0,0
2026-06-09,Off-Facebook+Installs,6746782904,Romi_ios_zmf_purchase_abo_0528_1+%28120252900813130151%29,1,0,0,0
2026-06-09,TikTok+SAN,6746466099,,45,367.5700000000002,359.5900000000002,43
2026-06-09,TikTok+SAN,6746466099,0509-lhtt-Luma+25-%2F%2Fs%2B%2B+vo+%281864606132513969%29,24,445.67000000000013,245.79000000000005,33
2026-06-09,TikTok+SAN,6746466099,Luma_ios_AEO_MCY_0127_s%2B_2+%281855466155544610%29,4,34.98,34.98,2
2026-06-09,TikTok+SAN,6746466099,Luma_ios_AEO_MCY_0228_s%2B_1+%281858365270760530%29,4,48.96,48.96,4
2026-06-09,TikTok+SAN,6746466099,Luma_ios_AEO_MCY_0408_s%2B_1+%281861896974456513%29,5,60.92000000000001,40.940000000000005,8
2026-06-09,TikTok+SAN,6746466099,Luma_ios_AEO_MCY_0408_s%2B_2+%281861896960378898%29,1,0,0,0
2026-06-09,TikTok+SAN,6746466099,Luma_ios_AEO_MCY_0608_s%2B_+%281867438778194050%29,4,3.99,3.99,1
2026-06-09,TikTok+SAN,6746466099,Luma_ios_AEO_MCY_0608_s%2B_2+%281867438764672226%29,2,0,0,0
2026-06-09,TikTok+SAN,6746466099,Luma_ios_wcx_aeo_0120_smart_02+%281854728351163506%29,101,542.2400000000005,452.36000000000035,76
2026-06-09,TikTok+SAN,6746466099,Luma_ios_wcx_aeo_1119_smart++%281849118725316657%29,181,2119.07,809.1600000000005,193
2026-06-09,TikTok+SAN,6746466099,Luma_ios_wcx_aeo_1225_smart++%281852385308106114%29,131,540.1500000000005,311.5800000000002,85
2026-06-09,TikTok+SAN,6746466099,Luma_ios_zmf_0408_smart_purchase_01+%281861791826664593%29,11,73.91,63.92,9
2026-06-09,TikTok+SAN,6746466099,Luma_ios_zmf_0530_smart_purchase_02+%281866502530364481%29,6,0,0,0
2026-06-09,TikTok+SAN,6746466099,Luma_ios_zmf_0609_smart_purchase_01+%281867423487748337%29,1,0,0,0
2026-06-09,TikTok+SAN,6746466099,Luma_ios_zmf_0609_smart_purchase_02+%281867423599479809%29,6,39.90000000000001,23.940000000000005,10
2026-06-10,Facebook+Installs,6746466099,0219_Luma_iOS_AEO_MCY+%286866373524315%29,5,45.90000000000001,29.940000000000005,10
2026-06-10,Facebook+Installs,6746466099,0407_Luma_iOS_AEO_MCY+%286894235051515%29,8,0,0,0
2026-06-10,Facebook+Installs,6746466099,0408_Luma_iOS_AEO_MCY+%286894809601315%29,11,35.91000000000001,35.91000000000001,9
2026-06-10,Facebook+Installs,6746466099,0417-2-Luma-ios-VO-cbo-zm1+%286939989053243%29,35,545.6100000000002,228.8400000000001,39
2026-06-10,Facebook+Installs,6746466099,0423-1-Luma-ios-VO-cbo-zm1+%286944142889643%29,27,235.80000000000004,150.85,20
2026-06-10,Facebook+Installs,6746466099,0610-Luma-ymt%2Fff+%28120247242075840256%29,12,0,0,0
2026-06-10,Facebook+Installs,6746466099,1230_Luma_iOS_AEO_MCY+%286848133765315%29,7,43.97,33.98,3
2026-06-10,Facebook+Installs,6746466099,Luma+iOS_cy1_260606_aeo+%28120247002515170256%29,1,0,0,0
2026-06-10,Facebook+Installs,6746466099,Luma+iOS_syh_260422_AEO+%28120241407442320137%29,27,44.93000000000001,44.93000000000001,7
2026-06-10,Facebook+Installs,6746466099,Luma+ios_wvv_20260421_AEO_1+%286903634491915%29,8,23.97,23.97,3
2026-06-10,Facebook+Installs,6746466099,Luma+ios_wvv_20260429_AEO_1+%286908533021715%29,1,47.88000000000002,3.99,12
2026-06-10,Facebook+Installs,6746466099,Luma+ios_zjc_20260502_AEO_1+%28120244337810030256%29,28,74.87,74.87,13
2026-06-10,Facebook+Installs,6746466099,Luma+ios_zjc_20260502_VO_ABO+%28120244401001560256%29,10,0,0,0
2026-06-10,Facebook+Installs,6746466099,Luma+ios_zjc_20260608_VO_CBO+%28120247129099360256%29,4,17.97,0,3
2026-06-10,Facebook+Installs,6746466099,Luma_ios_zmf_abo_0331_1+%286993503324612%29,28,148.73,58.91000000000001,27
2026-06-10,Facebook+Installs,6746466099,Luma_ios_zmf_abo_1220_2+%286945556930012%29,52,257.63000000000017,177.76000000000008,37
2026-06-10,Facebook+Installs,6746782904,0416-22-Romi-ios-VO-cbo-zm1+%286928215078844%29,39,327.5900000000002,221.76000000000005,41
2026-06-10,Facebook+Installs,6746782904,0425-Romi-ios-VO-cbo-zm1+%286929615678044%29,29,442.2400000000004,272.5700000000001,76
2026-06-10,Facebook+Installs,6746782904,0513-Romi-ios-AEO-abo-zm1+%286941788247044%29,50,426.3300000000003,215.63000000000008,67
2026-06-10,Facebook+Installs,6746782904,3.14+AEOc+cbo+cyl+%28120241002174210475%29,72,229.6200000000001,181.66000000000005,38
2026-06-10,Facebook+Installs,6746782904,4.18+VOc+cyl+%28120242759838130475%29,21,245.74000000000012,156.88,26
2026-06-10,Facebook+Installs,6746782904,5.13+VOc+cyl+%28120244392044050475%29,45,549.4200000000003,401.5500000000002,58
2026-06-10,Facebook+Installs,6746782904,Romi+iOS_MCY_0603_VO+%28120245984907200098%29,7,25.950000000000003,21.96,5
2026-06-10,Facebook+Installs,6746782904,Romi+iOS_syh_260416_AEO+%28120242387409150055%29,42,269.5600000000002,217.6600000000001,44
2026-06-10,Facebook+Installs,6746782904,Romi+iOS_syh_260416_VO+%28120242388498510055%29,184,2078.020000000001,1357.4400000000012,298
2026-06-10,Facebook+Installs,6746782904,Romi+ios_wvv_260501_vo_1+%28120243842848770517%29,18,229.7100000000001,35.940000000000005,29
2026-06-10,Facebook+Installs,6746782904,Romi+ios_wvv_260530_aeo+%28120246075137210517%29,22,51.87000000000002,47.88000000000002,13
2026-06-10,Facebook+Installs,6746782904,Romi_ios_wcx_purchase_abo_0602+%28120238248406890517%29,141,982.8200000000008,643.1000000000006,118
2026-06-10,Facebook+Installs,6746782904,Romi_ios_wcx_purchase_abo_0602_new+%28120246355153120517%29,1,59.97,19.99,3
2026-06-10,Facebook+Installs,6746782904,Romi_ios_wcx_purchase_vo_0605+%28120242152656890517%29,45,645.5000000000003,328.80000000000007,50
2026-06-10,Facebook+Installs,6746782904,Romi_ios_zmf_purchase_abo_0528_1+%28120252900813130151%29,9,23.97,23.97,3
2026-06-10,Facebook+Installs,6746782904,Romi_ios_zmf_vo_cbo_0319_2+%28120243482931960228%29,36,470.1600000000006,310.53000000000026,84
2026-06-10,Facebook+Installs,6746782904,Romi_ios_zmf_vo_cbo_0325_1+%28120243690432680228%29,6,3.99,3.99,1
2026-06-10,Facebook+web,6746782904,Romi_ios_w2a_0609_wty_AEO,10,3.99,3.99,1
2026-06-10,Facebook+web,6746782904,Romi_ios_wty_20260608_AEO,2,0,0,0
2026-06-10,Instagram+Installs,6746466099,0219_Luma_iOS_AEO_MCY+%286866373524315%29,9,13.98,13.98,2
2026-06-10,Instagram+Installs,6746466099,0407_Luma_iOS_AEO_MCY+%286894235051515%29,1,3.99,3.99,1
2026-06-10,Instagram+Installs,6746466099,0408_Luma_iOS_AEO_MCY+%286894809601315%29,5,135.79,37.92000000000001,21
2026-06-10,Instagram+Installs,6746466099,0417-2-Luma-ios-VO-cbo-zm1+%286939989053243%29,11,39.98,9.99,2
2026-06-10,Instagram+Installs,6746466099,0423-1-Luma-ios-VO-cbo-zm1+%286944142889643%29,15,109.88999999999999,95.91,11
2026-06-10,Instagram+Installs,6746466099,0610-Luma-ymt%2Fff+%28120247242075840256%29,11,23.979999999999997,23.979999999999997,2
2026-06-10,Instagram+Installs,6746466099,1230_Luma_iOS_AEO_MCY+%286848133765315%29,6,0,0,0
2026-06-10,Instagram+Installs,6746466099,Luma+iOS_cy1_260529_aeo+%28120246299865950256%29,5,22.97,22.97,3
2026-06-10,Instagram+Installs,6746466099,Luma+iOS_cy1_260606_aeo+%28120247002515170256%29,3,0,0,0
2026-06-10,Instagram+Installs,6746466099,Luma+iOS_syh_260422_AEO+%28120241407442320137%29,27,143.78,103.85,22
2026-06-10,Instagram+Installs,6746466099,Luma+ios_wvv_20260421_AEO_1+%286903634491915%29,6,25.950000000000003,21.96,5
2026-06-10,Instagram+Installs,6746466099,Luma+ios_zjc_20260502_AEO_1+%28120244337810030256%29,37,73.87,22.97,13
2026-06-10,Instagram+Installs,6746466099,Luma+ios_zjc_20260502_VO_ABO+%28120244401001560256%29,21,180.85999999999996,176.86999999999995,14
2026-06-10,Instagram+Installs,6746466099,Luma+ios_zjc_20260608_VO_CBO+%28120247129099360256%29,5,29.99,29.99,1
2026-06-10,Instagram+Installs,6746466099,Luma_ios_zmf_abo_0331_1+%286993503324612%29,4,0,0,0
2026-06-10,Instagram+Installs,6746466099,Luma_ios_zmf_abo_1220_2+%286945556930012%29,12,19.99,19.99,1
2026-06-10,Instagram+Installs,6746782904,0416-22-Romi-ios-VO-cbo-zm1+%286928215078844%29,8,23.940000000000005,7.98,6
2026-06-10,Instagram+Installs,6746782904,0425-Romi-ios-VO-cbo-zm1+%286929615678044%29,37,312.8100000000001,312.8100000000001,19
2026-06-10,Instagram+Installs,6746782904,3.14+AEOc+cbo+cyl+%28120241002174210475%29,96,538.3000000000005,386.5900000000003,70
2026-06-10,Instagram+Installs,6746782904,4.18+VOc+cyl+%28120242759838130475%29,31,214.72000000000006,166.79999999999998,28
2026-06-10,Instagram+Installs,6746782904,5.13+VOc+cyl+%28120244392044050475%29,69,819.9100000000008,610.1800000000005,109
2026-06-10,Instagram+Installs,6746782904,Romi+iOS_MCY_0603_VO+%28120245984907200098%29,44,138.82999999999996,114.84999999999997,17
2026-06-10,Instagram+Installs,6746782904,Romi+iOS_syh_260416_AEO+%28120242387409150055%29,29,41.95,37.96,5
2026-06-10,Instagram+Installs,6746782904,Romi+iOS_syh_260416_VO+%28120242388498510055%29,124,1766.0500000000015,861.0700000000006,195
2026-06-10,Instagram+Installs,6746782904,Romi_ios_zmf_purchase_abo_0528_1+%28120252900813130151%29,15,99.92,51.949999999999996,8
2026-06-10,Instagram+Installs,6746782904,Romi_ios_zmf_vo_cbo_0319_2+%28120243482931960228%29,16,173.72000000000008,109.88,28
2026-06-10,Off-Facebook+Installs,6746466099,0219_Luma_iOS_AEO_MCY+%286866373524315%29,1,0,0,0
2026-06-10,Off-Facebook+Installs,6746466099,0408_Luma_iOS_AEO_MCY+%286894809601315%29,3,0,0,0
2026-06-10,Off-Facebook+Installs,6746466099,Luma+iOS_syh_260422_AEO+%28120241407442320137%29,1,0,0,0
2026-06-10,Off-Facebook+Installs,6746466099,Luma+ios_zjc_20260502_AEO_1+%28120244337810030256%29,1,0,0,0
2026-06-10,Off-Facebook+Installs,6746782904,3.14+AEOc+cbo+cyl+%28120241002174210475%29,11,47.96,3.99,4
2026-06-10,Off-Facebook+Installs,6746782904,Romi+iOS_syh_260416_AEO+%28120242387409150055%29,14,48.92000000000001,3.99,8
2026-06-10,Off-Facebook+Installs,6746782904,Romi+iOS_syh_260416_VO+%28120242388498510055%29,3,17.97,13.98,3
2026-06-10,TikTok+SAN,6746466099,,36,30.950000000000003,30.950000000000003,5
2026-06-10,TikTok+SAN,6746466099,0509-lhtt-Luma+25-%2F%2Fs%2B%2B+vo+%281864606132513969%29,16,414.4600000000003,230.7000000000001,54
2026-06-10,TikTok+SAN,6746466099,Luma_ios_AEO_MCY_0127_s%2B_2+%281855466155544610%29,3,15.96,15.96,4
2026-06-10,TikTok+SAN,6746466099,Luma_ios_AEO_MCY_0228_s%2B_1+%281858365270760530%29,7,56.93000000000001,17.97,7
2026-06-10,TikTok+SAN,6746466099,Luma_ios_AEO_MCY_0408_s%2B_1+%281861896974456513%29,9,173.79000000000005,59.92000000000001,21
2026-06-10,TikTok+SAN,6746466099,Luma_ios_AEO_MCY_0609_s%2B_+%281867515121411506%29,4,3.99,3.99,1
2026-06-10,TikTok+SAN,6746466099,Luma_ios_AEO_MCY_0609_s%2B_1+%281867515083624737%29,4,3.99,3.99,1
2026-06-10,TikTok+SAN,6746466099,Luma_ios_AEO_MCY_0609_s%2B_2+%281867515099946594%29,4,0,0,0
2026-06-10,TikTok+SAN,6746466099,Luma_ios_wcx_aeo_0120_smart_02+%281854728351163506%29,164,1153.620000000001,907.9000000000009,138
2026-06-10,TikTok+SAN,6746466099,Luma_ios_wcx_aeo_1119_smart++%281849118725316657%29,136,570.1600000000005,327.4500000000003,84
2026-06-10,TikTok+SAN,6746466099,Luma_ios_wcx_aeo_1225_smart++%281852385308106114%29,68,729.8200000000008,262.59000000000015,118
2026-06-10,TikTok+SAN,6746466099,Luma_ios_zmf_0408_smart_purchase_01+%281861791826664593%29,18,231.7100000000001,38.96,29
2026-06-10,TikTok+SAN,6746466099,Luma_ios_zmf_0530_smart_purchase_02+%281866502530364481%29,8,89.9,27.96,10
2026-06-10,TikTok+SAN,6746466099,Luma_ios_zmf_0609_smart_purchase_02+%281867423599479809%29,2,0,0,0
2026-06-11,Facebook+Installs,6746466099,0219_Luma_iOS_AEO_MCY+%286866373524315%29,8,46.95,18.98,5
2026-06-11,Facebook+Installs,6746466099,0407_Luma_iOS_AEO_MCY+%286894235051515%29,2,0,0,0
2026-06-11,Facebook+Installs,6746466099,0408_Luma_iOS_AEO_MCY+%286894809601315%29,9,0,0,0
2026-06-11,Facebook+Installs,6746466099,0417-2-Luma-ios-VO-cbo-zm1+%286939989053243%29,26,165.82000000000008,151.84000000000006,18
2026-06-11,Facebook+Installs,6746466099,0423-1-Luma-ios-VO-cbo-zm1+%286944142889643%29,43,244.85000000000002,224.86,15
2026-06-11,Facebook+Installs,6746466099,0610-Luma-ymt%2Fff+%28120247242075840256%29,40,345.72000000000014,345.72000000000014,28
2026-06-11,Facebook+Installs,6746466099,1230_Luma_iOS_AEO_MCY+%286848133765315%29,16,293.51000000000016,119.80999999999996,49
2026-06-11,Facebook+Installs,6746466099,Luma+iOS_cy1_260606_aeo+%28120247002515170256%29,1,0,0,0
2026-06-11,Facebook+Installs,6746466099,Luma+iOS_syh_260422_AEO+%28120241407442320137%29,32,353.37000000000035,293.5200000000002,63
2026-06-11,Facebook+Installs,6746466099,Luma+ios_wvv_20260421_AEO_1+%286903634491915%29,15,0,0,0
2026-06-11,Facebook+Installs,6746466099,Luma+ios_wvv_260611_vo+%286940596069915%29,2,0,0,0
2026-06-11,Facebook+Installs,6746466099,Luma+ios_zjc_20260502_AEO_1+%28120244337810030256%29,19,19.950000000000003,19.950000000000003,5
2026-06-11,Facebook+Installs,6746466099,Luma+ios_zjc_20260502_VO_ABO+%28120244401001560256%29,16,131.88,53.95,12
2026-06-11,Facebook+Installs,6746466099,Luma_ios_zmf_abo_0331_1+%286993503324612%29,23,131.91,21.96,9
2026-06-11,Facebook+Installs,6746466099,Luma_ios_zmf_abo_1220_2+%286945556930012%29,29,415.63000000000017,207.8,37
2026-06-11,Facebook+Installs,6746782904,0416-22-Romi-ios-VO-cbo-zm1+%286928215078844%29,32,140.87,56.90000000000001,13
2026-06-11,Facebook+Installs,6746782904,0425-Romi-ios-VO-cbo-zm1+%286929615678044%29,26,128.85999999999996,120.87999999999997,14
2026-06-11,Facebook+Installs,6746782904,0513-Romi-ios-AEO-abo-zm1+%286941788247044%29,73,356.5700000000002,274.65000000000015,43
2026-06-11,Facebook+Installs,6746782904,3.14+AEOc+cbo+cyl+%28120241002174210475%29,65,180.69000000000005,153.73000000000002,31
2026-06-11,Facebook+Installs,6746782904,4.18+VOc+cyl+%28120242759838130475%29,25,166.82999999999998,84.86999999999998,17
2026-06-11,Facebook+Installs,6746782904,5.13+VOc+cyl+%28120244392044050475%29,36,153.82000000000002,141.85,18
2026-06-11,Facebook+Installs,6746782904,Romi+iOS_MCY_0603_VO+%28120245984907200098%29,6,129.89000000000001,69.91000000000001,11
2026-06-11,Facebook+Installs,6746782904,Romi+iOS_syh_260416_AEO+%28120242387409150055%29,44,89.82,89.82,18
2026-06-11,Facebook+Installs,6746782904,Romi+iOS_syh_260416_VO+%28120242388498510055%29,134,1544.2300000000014,792.1400000000007,177
2026-06-11,Facebook+Installs,6746782904,Romi+ios_wvv_260501_vo_1+%28120243842848770517%29,21,133.86,125.88000000000001,14
2026-06-11,Facebook+Installs,6746782904,Romi+ios_wvv_260530_aeo+%28120246075137210517%29,21,112.78999999999995,72.89,21
2026-06-11,Facebook+Installs,6746782904,Romi_ios_wcx_purchase_abo_0602+%28120238248406890517%29,155,572.1800000000005,526.2800000000004,82
2026-06-11,Facebook+Installs,6746782904,Romi_ios_wcx_purchase_vo_0605+%28120242152656890517%29,33,740.5100000000003,511.6400000000002,49
2026-06-11,Facebook+Installs,6746782904,Romi_ios_zmf_purchase_abo_0528_1+%28120252900813130151%29,5,17.97,17.97,3
2026-06-11,Facebook+Installs,6746782904,Romi_ios_zmf_purchase_abo_0611_1+%28120254040817130151%29,20,69.92999999999999,69.92999999999999,7
2026-06-11,Facebook+Installs,6746782904,Romi_ios_zmf_vo_cbo_0319_2+%28120243482931960228%29,28,608.3600000000004,361.5500000000002,64
2026-06-11,Facebook+Installs,6746782904,Romi_ios_zmf_vo_cbo_0325_1+%28120243690432680228%29,8,423.88000000000005,143.94,12
2026-06-11,Facebook+web,6746782904,Romi_ios_w2a_0609_wty_AEO,4,3.99,0,1
2026-06-11,Instagram+Installs,6746466099,0219_Luma_iOS_AEO_MCY+%286866373524315%29,7,49.98,49.98,2
2026-06-11,Instagram+Installs,6746466099,0407_Luma_iOS_AEO_MCY+%286894235051515%29,6,7.98,7.98,2
2026-06-11,Instagram+Installs,6746466099,0408_Luma_iOS_AEO_MCY+%286894809601315%29,5,0,0,0
2026-06-11,Instagram+Installs,6746466099,0417-2-Luma-ios-VO-cbo-zm1+%286939989053243%29,9,0,0,0
2026-06-11,Instagram+Installs,6746466099,0423-1-Luma-ios-VO-cbo-zm1+%286944142889643%29,18,107.84999999999995,95.87999999999997,15
2026-06-11,Instagram+Installs,6746466099,0610-Luma-ymt%2Fff+%28120247242075840256%29,17,65.88000000000001,47.91000000000001,12
2026-06-11,Instagram+Installs,6746466099,1230_Luma_iOS_AEO_MCY+%286848133765315%29,6,0,0,0
2026-06-11,Instagram+Installs,6746466099,Luma+iOS_cy1_260529_aeo+%28120246299865950256%29,12,7.98,7.98,2
2026-06-11,Instagram+Installs,6746466099,Luma+iOS_cy1_260606_aeo+%28120247002515170256%29,1,122.71999999999994,106.75999999999996,28
2026-06-11,Instagram+Installs,6746466099,Luma+iOS_syh_260422_AEO+%28120241407442320137%29,21,128.86999999999995,97.91999999999996,13
2026-06-11,Instagram+Installs,6746466099,Luma+ios_wvv_20260421_AEO_1+%286903634491915%29,4,0,0,0
2026-06-11,Instagram+Installs,6746466099,Luma+ios_wvv_260611_vo+%286940596069915%29,4,11.97,7.98,3
2026-06-11,Instagram+Installs,6746466099,Luma+ios_zjc_20260502_AEO_1+%28120244337810030256%29,27,254.80000000000007,22.97,20
2026-06-11,Instagram+Installs,6746466099,Luma+ios_zjc_20260502_VO_ABO+%28120244401001560256%29,13,13.98,3.99,2
2026-06-11,Instagram+Installs,6746466099,Luma_ios_zmf_abo_0331_1+%286993503324612%29,3,3.99,0,1
2026-06-11,Instagram+Installs,6746466099,Luma_ios_zmf_abo_1220_2+%286945556930012%29,18,62.90000000000001,58.91000000000001,10
2026-06-11,Instagram+Installs,6746782904,0416-22-Romi-ios-VO-cbo-zm1+%286928215078844%29,12,47.91000000000001,25.950000000000003,9
2026-06-11,Instagram+Installs,6746782904,0425-Romi-ios-VO-cbo-zm1+%286929615678044%29,26,191.72000000000003,159.76999999999998,28
2026-06-11,Instagram+Installs,6746782904,3.14+AEOc+cbo+cyl+%28120241002174210475%29,85,710.0800000000006,454.42000000000036,92
2026-06-11,Instagram+Installs,6746782904,4.18+VOc+cyl+%28120242759838130475%29,31,203.67000000000016,171.75000000000009,33
2026-06-11,Instagram+Installs,6746782904,5.13+VOc+cyl+%28120244392044050475%29,43,417.55000000000024,403.5700000000002,45
2026-06-11,Instagram+Installs,6746782904,Romi+iOS_MCY_0603_VO+%28120245984907200098%29,23,235.8200000000001,235.8200000000001,18
2026-06-11,Instagram+Installs,6746782904,Romi+iOS_ZJC_2600522_VO+%28120244855947250055%29,2,29.97,29.97,3
2026-06-11,Instagram+Installs,6746782904,Romi+iOS_syh_260416_AEO+%28120242387409150055%29,15,186.84000000000003,186.84000000000003,16
2026-06-11,Instagram+Installs,6746782904,Romi+iOS_syh_260416_VO+%28120242388498510055%29,82,1375.3100000000013,628.0700000000006,169
2026-06-11,Instagram+Installs,6746782904,Romi_ios_zmf_purchase_abo_0528_1+%28120252900813130151%29,12,339.8300000000001,151.93,17
2026-06-11,Instagram+Installs,6746782904,Romi_ios_zmf_purchase_abo_0611_1+%28120254040817130151%29,24,89.78999999999999,69.84000000000002,21
2026-06-11,Instagram+Installs,6746782904,Romi_ios_zmf_vo_cbo_0319_2+%28120243482931960228%29,22,27.97,27.97,3
2026-06-11,Instagram+Installs,6746782904,Romi_ios_zmf_vo_cbo_0325_1+%28120243690432680228%29,2,0,0,0
2026-06-11,Off-Facebook+Installs,6746466099,0219_Luma_iOS_AEO_MCY+%286866373524315%29,6,7.98,7.98,2
2026-06-11,Off-Facebook+Installs,6746466099,0408_Luma_iOS_AEO_MCY+%286894809601315%29,2,3.99,0,1
2026-06-11,Off-Facebook+Installs,6746782904,3.14+AEOc+cbo+cyl+%28120241002174210475%29,8,21.96,11.97,4
2026-06-11,Off-Facebook+Installs,6746782904,Romi+iOS_syh_260416_AEO+%28120242387409150055%29,8,3.99,3.99,1
2026-06-11,Off-Facebook+Installs,6746782904,Romi+iOS_syh_260416_VO+%28120242388498510055%29,2,0,0,0
2026-06-11,Off-Facebook+Installs,6746782904,Romi_ios_wcx_purchase_abo_0602+%28120238248406890517%29,2,0,0,0
2026-06-11,Off-Facebook+Installs,6746782904,Romi_ios_zmf_purchase_abo_0528_1+%28120252900813130151%29,2,0,0,0
2026-06-11,TikTok+SAN,6746466099,0509-lhtt-Luma+25-%2F%2Fs%2B%2B+vo+%281864606132513969%29,30,886.2800000000005,381.6700000000002,72
2026-06-11,TikTok+SAN,6746466099,0611-1-TT-Luma-AEO-zm+%281867599330254050%29,1,7.98,7.98,2
2026-06-11,TikTok+SAN,6746466099,0611-1-TT-Luma-AEO-zm1+%281867599330254050%29,3,3.99,3.99,1
2026-06-11,TikTok+SAN,6746466099,0611-2-TT-Luma-VO-zm+%281867600717348289%29,4,11.97,11.97,3
2026-06-11,TikTok+SAN,6746466099,0611-2-TT-Luma-VO-zm1+%281867600717348289%29,4,0,0,0
2026-06-11,TikTok+SAN,6746466099,Luma_ios_AEO_MCY_0127_s%2B_2+%281855466155544610%29,2,0,0,0
2026-06-11,TikTok+SAN,6746466099,Luma_ios_AEO_MCY_0609_s%2B_+%281867515121411506%29,1,0,0,0
2026-06-11,TikTok+SAN,6746466099,Luma_ios_wcx_aeo_0120_smart_02+%281854728351163506%29,150,701.0800000000005,505.2500000000004,92
2026-06-11,TikTok+SAN,6746466099,Luma_ios_wcx_aeo_1119_smart++%281849118725316657%29,95,761.0300000000007,673.1400000000006,97
2026-06-11,TikTok+SAN,6746466099,Luma_ios_wcx_aeo_1225_smart++%281852385308106114%29,107,401.2500000000004,330.40000000000026,75
2026-06-11,TikTok+SAN,6746466099,Luma_ios_zmf_0408_smart_purchase_01+%281861791826664593%29,21,93.84999999999997,69.91,15
2026-06-11,TikTok+SAN,6746466099,Luma_ios_zmf_0530_smart_purchase_02+%281866502530364481%29,15,81.85000000000001,41.91000000000001,15
2026-06-11,TikTok+SAN,6746466099,Luma_ios_zmf_0609_smart_purchase_02+%281867423599479809%29,10,25.950000000000003,25.950000000000003,5
2026-06-12,Facebook+Installs,6746466099,0219_Luma_iOS_AEO_MCY+%286866373524315%29,11,3.99,3.99,1
2026-06-12,Facebook+Installs,6746466099,0407_Luma_iOS_AEO_MCY+%286894235051515%29,4,0,0,0
2026-06-12,Facebook+Installs,6746466099,0408_Luma_iOS_AEO_MCY+%286894809601315%29,18,72.93999999999998,54.97,6
2026-06-12,Facebook+Installs,6746466099,0417-2-Luma-ios-VO-cbo-zm1+%286939989053243%29,36,73.88000000000001,69.89,12
2026-06-12,Facebook+Installs,6746466099,0423-1-Luma-ios-VO-cbo-zm1+%286944142889643%29,32,257.7100000000001,153.83,29
2026-06-12,Facebook+Installs,6746466099,0610-Luma-ymt%2Fff+%28120247242075840256%29,69,329.64000000000016,321.66000000000014,36
2026-06-12,Facebook+Installs,6746466099,1230_Luma_iOS_AEO_MCY+%286848133765315%29,12,53.88000000000002,3.99,12
2026-06-12,Facebook+Installs,6746466099,Luma+iOS_cy1_260529_aeo+%28120246299865950256%29,1,3.99,3.99,1
2026-06-12,Facebook+Installs,6746466099,Luma+iOS_cy1_260611_aeo+%28120247409915930256%29,7,19.950000000000003,19.950000000000003,5
2026-06-12,Facebook+Installs,6746466099,Luma+iOS_syh_260422_AEO+%28120241407442320137%29,37,112.87999999999995,102.88999999999996,12
2026-06-12,Facebook+Installs,6746466099,Luma+ios_wvv_20260421_AEO_1+%286903634491915%29,6,3.99,3.99,1
2026-06-12,Facebook+Installs,6746466099,Luma+ios_wvv_260612_vo+%286941239559315%29,3,9.99,9.99,1
2026-06-12,Facebook+Installs,6746466099,Luma+ios_zjc_20260502_AEO_1+%28120244337810030256%29,5,0,0,0
2026-06-12,Facebook+Installs,6746466099,Luma+ios_zjc_20260502_VO_ABO+%28120244401001560256%29,11,299.90000000000003,233.95999999999998,10
2026-06-12,Facebook+Installs,6746466099,Luma_ios_zmf_abo_0331_1+%286993503324612%29,9,11.97,11.97,3
2026-06-12,Facebook+Installs,6746466099,Luma_ios_zmf_abo_1220_2+%286945556930012%29,34,41.96,41.96,4
2026-06-12,Facebook+Installs,6746782904,0416-22-Romi-ios-VO-cbo-zm1+%286928215078844%29,61,432.6200000000002,284.6900000000001,38
2026-06-12,Facebook+Installs,6746782904,0425-Romi-ios-VO-cbo-zm1+%286929615678044%29,13,265.49000000000024,209.6300000000001,51
2026-06-12,Facebook+Installs,6746782904,0513-Romi-ios-AEO-abo-zm1+%286941788247044%29,62,354.5300000000002,334.58000000000015,47
2026-06-12,Facebook+Installs,6746782904,3.14+AEOc+cbo+cyl+%28120241002174210475%29,104,379.47000000000014,225.61000000000004,53
2026-06-12,Facebook+Installs,6746782904,4.18+VOc+cyl+%28120242759838130475%29,10,83.92999999999999,79.94,7
2026-06-12,Facebook+Installs,6746782904,5.13+VOc+cyl+%28120244392044050475%29,45,184.69000000000008,109.85,31
2026-06-12,Facebook+Installs,6746782904,Romi+iOS_MCY_0603_VO+%28120245984907200098%29,9,7.98,7.98,2
2026-06-12,Facebook+Installs,6746782904,Romi+iOS_ZJC_2600522_VO+%28120244855947250055%29,2,0,0,0
2026-06-12,Facebook+Installs,6746782904,Romi+iOS_syh_260416_AEO+%28120242387409150055%29,29,92.86999999999998,92.86999999999998,13
2026-06-12,Facebook+Installs,6746782904,Romi+iOS_syh_260416_VO+%28120242388498510055%29,148,2026.630000000002,1403.3600000000013,237
2026-06-12,Facebook+Installs,6746782904,Romi+ios_wvv_260501_vo_1+%28120243842848770517%29,28,377.67000000000013,177.84,33
2026-06-12,Facebook+Installs,6746782904,Romi+ios_wvv_260530_aeo+%28120246075137210517%29,2,13.98,13.98,2
2026-06-12,Facebook+Installs,6746782904,Romi_ios_wcx_purchase_abo_0602+%28120238248406890517%29,110,965.9000000000008,648.1900000000005,110
2026-06-12,Facebook+Installs,6746782904,Romi_ios_wcx_purchase_vo_0605+%28120242152656890517%29,28,640.5600000000003,312.6200000000003,44
2026-06-12,Facebook+Installs,6746782904,Romi_ios_zmf_purchase_abo_0528_1+%28120252900813130151%29,22,418.4700000000003,320.6100000000002,53
2026-06-12,Facebook+Installs,6746782904,Romi_ios_zmf_purchase_abo_0611_1+%28120254040817130151%29,17,3.99,3.99,1
2026-06-12,Facebook+Installs,6746782904,Romi_ios_zmf_vo_cbo_0319_2+%28120243482931960228%29,45,613.1600000000005,525.3100000000004,84
2026-06-12,Facebook+Installs,6746782904,Romi_ios_zmf_vo_cbo_0325_1+%28120243690432680228%29,3,0,0,0
2026-06-12,Instagram+Installs,6746466099,0219_Luma_iOS_AEO_MCY+%286866373524315%29,3,0,0,0
2026-06-12,Instagram+Installs,6746466099,0407_Luma_iOS_AEO_MCY+%286894235051515%29,1,74.87,25.950000000000003,13
2026-06-12,Instagram+Installs,6746466099,0408_Luma_iOS_AEO_MCY+%286894809601315%29,5,0,0,0
2026-06-12,Instagram+Installs,6746466099,0417-2-Luma-ios-VO-cbo-zm1+%286939989053243%29,9,40.940000000000005,40.940000000000005,6
2026-06-12,Instagram+Installs,6746466099,0423-1-Luma-ios-VO-cbo-zm1+%286944142889643%29,19,103.88999999999997,77.94,11
2026-06-12,Instagram+Installs,6746466099,0610-Luma-ymt%2Fff+%28120247242075840256%29,26,110.82999999999996,94.86999999999998,17
2026-06-12,Instagram+Installs,6746466099,1230_Luma_iOS_AEO_MCY+%286848133765315%29,4,41.940000000000005,27.96,6
2026-06-12,Instagram+Installs,6746466099,Luma+iOS_cy1_260529_aeo+%28120246299865950256%29,12,43.890000000000015,43.890000000000015,11
2026-06-12,Instagram+Installs,6746466099,Luma+iOS_cy1_260611_aeo+%28120247409915930256%29,2,13.98,3.99,2
2026-06-12,Instagram+Installs,6746466099,Luma+iOS_syh_260422_AEO+%28120241407442320137%29,26,54.92000000000001,50.93000000000001,8
2026-06-12,Instagram+Installs,6746466099,Luma+ios_wvv_20260421_AEO_1+%286903634491915%29,7,0,0,0
2026-06-12,Instagram+Installs,6746466099,Luma+ios_zjc_20260502_AEO_1+%28120244337810030256%29,5,21.96,21.96,4
2026-06-12,Instagram+Installs,6746466099,Luma+ios_zjc_20260502_VO_ABO+%28120244401001560256%29,5,57.87000000000002,23.940000000000005,13
2026-06-12,Instagram+Installs,6746466099,Luma_ios_zmf_abo_0331_1+%286993503324612%29,2,0,0,0
2026-06-12,Instagram+Installs,6746466099,Luma_ios_zmf_abo_1220_2+%286945556930012%29,10,23.97,23.97,3
2026-06-12,Instagram+Installs,6746782904,0416-22-Romi-ios-VO-cbo-zm1+%286928215078844%29,8,67.97,67.97,3
2026-06-12,Instagram+Installs,6746782904,0425-Romi-ios-VO-cbo-zm1+%286929615678044%29,24,129.91,49.93000000000001,9
2026-06-12,Instagram+Installs,6746782904,3.14+AEOc+cbo+cyl+%28120241002174210475%29,99,1128.5200000000011,954.670000000001,148
2026-06-12,Instagram+Installs,6746782904,4.18+VOc+cyl+%28120242759838130475%29,16,170.85999999999996,170.85999999999996,14
2026-06-12,Instagram+Installs,6746782904,5.13+VOc+cyl+%28120244392044050475%29,62,224.76999999999998,117.82999999999996,23
2026-06-12,Instagram+Installs,6746782904,Romi+iOS_MCY_0603_VO+%28120245984907200098%29,28,84.89999999999999,80.91,10
2026-06-12,Instagram+Installs,6746782904,Romi+iOS_syh_260416_AEO+%28120242387409150055%29,9,3.99,3.99,1
2026-06-12,Instagram+Installs,6746782904,Romi+iOS_syh_260416_VO+%28120242388498510055%29,103,897.8000000000009,683.0700000000006,120
2026-06-12,Instagram+Installs,6746782904,Romi_ios_zmf_purchase_abo_0528_1+%28120252900813130151%29,13,3.99,3.99,1
2026-06-12,Instagram+Installs,6746782904,Romi_ios_zmf_purchase_abo_0611_1+%28120254040817130151%29,5,62.93000000000001,62.93000000000001,7
2026-06-12,Instagram+Installs,6746782904,Romi_ios_zmf_vo_cbo_0319_2+%28120243482931960228%29,22,221.72000000000014,197.74000000000012,28
2026-06-12,Instagram+Installs,6746782904,Romi_ios_zmf_vo_cbo_0325_1+%28120243690432680228%29,4,9.99,9.99,1
2026-06-12,Off-Facebook+Installs,6746466099,0219_Luma_iOS_AEO_MCY+%286866373524315%29,1,0,0,0
2026-06-12,Off-Facebook+Installs,6746466099,0408_Luma_iOS_AEO_MCY+%286894809601315%29,1,0,0,0
2026-06-12,Off-Facebook+Installs,6746466099,Luma+iOS_syh_260422_AEO+%28120241407442320137%29,1,0,0,0
2026-06-12,Off-Facebook+Installs,6746782904,3.14+AEOc+cbo+cyl+%28120241002174210475%29,12,27.930000000000007,11.97,7
2026-06-12,Off-Facebook+Installs,6746782904,Romi+iOS_syh_260416_AEO+%28120242387409150055%29,4,29.940000000000005,29.940000000000005,6
2026-06-12,Off-Facebook+Installs,6746782904,Romi+iOS_syh_260416_VO+%28120242388498510055%29,4,9.99,9.99,1
2026-06-12,Off-Facebook+Installs,6746782904,Romi+ios_wvv_260501_vo_1+%28120243842848770517%29,1,0,0,0
2026-06-12,Off-Facebook+Installs,6746782904,Romi_ios_wcx_purchase_abo_0602+%28120238248406890517%29,4,3.99,0,1
2026-06-12,TikTok+SAN,6746466099,0509-lhtt-Luma+25-%2F%2Fs%2B%2B+vo+%281864606132513969%29,41,361.6500000000002,254.8000000000001,35
2026-06-12,TikTok+SAN,6746466099,0611-1-TT-Luma-AEO-zm1+%281867599330254050%29,5,0,0,0
2026-06-12,TikTok+SAN,6746466099,0611-2-TT-Luma-VO-zm1+%281867600717348289%29,4,0,0,0
2026-06-12,TikTok+SAN,6746466099,Luma_ios_wcx_aeo_0120_smart_02+%281854728351163506%29,109,465.3000000000004,343.49000000000024,70
2026-06-12,TikTok+SAN,6746466099,Luma_ios_wcx_aeo_0612_smart++%281867697379496481%29,6,63.96,39.98,4
2026-06-12,TikTok+SAN,6746466099,Luma_ios_wcx_aeo_0612_smart_3+%281867697912202466%29,16,124.75999999999998,120.76999999999998,24
2026-06-12,TikTok+SAN,6746466099,Luma_ios_wcx_aeo_1119_smart++%281849118725316657%29,190,778.8200000000007,679.0700000000005,118
2026-06-12,TikTok+SAN,6746466099,Luma_ios_wcx_aeo_1225_smart++%281852385308106114%29,149,465.2900000000004,419.3900000000003,71
2026-06-12,TikTok+SAN,6746466099,Luma_ios_zmf_0408_smart_purchase_01+%281861791826664593%29,21,0,0,0
2026-06-12,TikTok+SAN,6746466099,Luma_ios_zmf_0530_smart_purchase_02+%281866502530364481%29,21,70.94,70.94,6
2026-06-12,TikTok+SAN,6746466099,Luma_ios_zmf_0609_smart_purchase_02+%281867423599479809%29,14,48.92000000000001,48.92000000000001,8
2026-06-13,Facebook+Installs,6746466099,0219_Luma_iOS_AEO_MCY+%286866373524315%29,12,278.6200000000002,206.77000000000004,38
2026-06-13,Facebook+Installs,6746466099,0407_Luma_iOS_AEO_MCY+%286894235051515%29,4,0,0,0
2026-06-13,Facebook+Installs,6746466099,0408_Luma_iOS_AEO_MCY+%286894809601315%29,11,23.940000000000005,23.940000000000005,6
2026-06-13,Facebook+Installs,6746466099,0417-2-Luma-ios-VO-cbo-zm1+%286939989053243%29,29,259.7000000000001,191.75000000000006,30
2026-06-13,Facebook+Installs,6746466099,0423-1-Luma-ios-VO-cbo-zm1+%286944142889643%29,20,237.80000000000007,179.87,20
2026-06-13,Facebook+Installs,6746466099,0610-Luma-ymt%2Fff+%28120247242075840256%29,66,185.70000000000007,177.72000000000006,30
2026-06-13,Facebook+Installs,6746466099,1230_Luma_iOS_AEO_MCY+%286848133765315%29,7,39.98,29.99,2
2026-06-13,Facebook+Installs,6746466099,Luma+iOS_ZJC_260612_AEO+%28120247512781640256%29,14,41.96,41.96,4
2026-06-13,Facebook+Installs,6746466099,Luma+iOS_cy1_260529_aeo+%28120246299865950256%29,1,0,0,0
2026-06-13,Facebook+Installs,6746466099,Luma+iOS_cy1_260611_aeo+%28120247409915930256%29,1,0,0,0
2026-06-13,Facebook+Installs,6746466099,Luma+iOS_syh_260422_AEO+%28120241407442320137%29,32,164.75000000000003,152.78,25
2026-06-13,Facebook+Installs,6746466099,Luma+ios_wvv_20260421_AEO_1+%286903634491915%29,12,46.940000000000005,46.940000000000005,6
2026-06-13,Facebook+Installs,6746466099,Luma+ios_wvv_260612_vo+%286941239559315%29,3,0,0,0
2026-06-13,Facebook+Installs,6746466099,Luma+ios_zjc_20260502_AEO_1+%28120244337810030256%29,13,48.959999999999994,28.97,4
2026-06-13,Facebook+Installs,6746466099,Luma+ios_zjc_20260502_VO_ABO+%28120244401001560256%29,20,43.97,43.97,3
2026-06-13,Facebook+Installs,6746466099,Luma_ios_zmf_abo_0331_1+%286993503324612%29,28,128.85999999999996,124.86999999999996,14
2026-06-13,Facebook+Installs,6746466099,Luma_ios_zmf_abo_1220_2+%286945556930012%29,33,276.66000000000014,272.67000000000013,34
2026-06-13,Facebook+Installs,6746782904,0416-22-Romi-ios-VO-cbo-zm1+%286928215078844%29,27,7.98,7.98,2
2026-06-13,Facebook+Installs,6746782904,0425-Romi-ios-VO-cbo-zm1+%286929615678044%29,10,9.99,9.99,1
2026-06-13,Facebook+Installs,6746782904,0513-Romi-ios-AEO-abo-zm1+%286941788247044%29,43,535.2000000000004,503.2800000000003,80
2026-06-13,Facebook+Installs,6746782904,3.14+AEOc+cbo+cyl+%28120241002174210475%29,112,660.0200000000007,532.2400000000005,98
2026-06-13,Facebook+Installs,6746782904,4.18+VOc+cyl+%28120242759838130475%29,25,318.6200000000002,257.7300000000001,38
2026-06-13,Facebook+Installs,6746782904,5.13+VOc+cyl+%28120244392044050475%29,37,171.78,115.84999999999997,22
2026-06-13,Facebook+Installs,6746782904,Romi+iOS_MCY_0603_VO+%28120245984907200098%29,18,29.940000000000005,29.940000000000005,6
2026-06-13,Facebook+Installs,6746782904,Romi+iOS_ZJC_260612_VO+%28120246406328290055%29,2,28.97,28.97,3
2026-06-13,Facebook+Installs,6746782904,Romi+iOS_syh_260416_AEO+%28120242387409150055%29,36,172.79,158.80999999999997,21
2026-06-13,Facebook+Installs,6746782904,Romi+iOS_syh_260416_VO+%28120242388498510055%29,179,1427.740000000001,1254.9400000000007,126
2026-06-13,Facebook+Installs,6746782904,Romi+ios_wvv_260501_vo_1+%28120243842848770517%29,33,246.7400000000001,178.80000000000004,26
2026-06-13,Facebook+Installs,6746782904,Romi+ios_wvv_260530_aeo+%28120246075137210517%29,1,29.940000000000005,29.940000000000005,6
2026-06-13,Facebook+Installs,6746782904,Romi_ios_wcx_purchase_abo_0602+%28120238248406890517%29,87,389.45000000000033,347.5000000000003,55
2026-06-13,Facebook+Installs,6746782904,Romi_ios_wcx_purchase_vo_0605+%28120242152656890517%29,36,359.6200000000002,283.7300000000001,38
2026-06-13,Facebook+Installs,6746782904,Romi_ios_zmf_purchase_abo_0528_1+%28120252900813130151%29,17,55.93000000000001,31.950000000000003,7
2026-06-13,Facebook+Installs,6746782904,Romi_ios_zmf_purchase_abo_0611_1+%28120254040817130151%29,7,0,0,0
2026-06-13,Facebook+Installs,6746782904,Romi_ios_zmf_vo_cbo_0319_2+%28120243482931960228%29,37,349.4700000000003,267.54000000000025,53
2026-06-13,Facebook+Installs,6746782904,Romi_ios_zmf_vo_cbo_0325_1+%28120243690432680228%29,7,129.81,89.85000000000001,19
2026-06-13,Instagram+Installs,6746466099,0219_Luma_iOS_AEO_MCY+%286866373524315%29,3,0,0,0
2026-06-13,Instagram+Installs,6746466099,0408_Luma_iOS_AEO_MCY+%286894809601315%29,4,0,0,0
2026-06-13,Instagram+Installs,6746466099,0417-2-Luma-ios-VO-cbo-zm1+%286939989053243%29,11,39.99,39.99,1
2026-06-13,Instagram+Installs,6746466099,0423-1-Luma-ios-VO-cbo-zm1+%286944142889643%29,11,194.89,194.89,11
2026-06-13,Instagram+Installs,6746466099,0610-Luma-ymt%2Fff+%28120247242075840256%29,17,52.91000000000001,52.91000000000001,9
2026-06-13,Instagram+Installs,6746466099,1230_Luma_iOS_AEO_MCY+%286848133765315%29,5,33.98,33.98,2
2026-06-13,Instagram+Installs,6746466099,Luma+iOS_ZJC_260612_AEO+%28120247512781640256%29,13,0,0,0
2026-06-13,Instagram+Installs,6746466099,Luma+iOS_cy1_260529_aeo+%28120246299865950256%29,11,91.87999999999998,91.87999999999998,12
2026-06-13,Instagram+Installs,6746466099,Luma+iOS_cy1_260611_aeo+%28120247409915930256%29,6,19.950000000000003,19.950000000000003,5
2026-06-13,Instagram+Installs,6746466099,Luma+iOS_syh_260422_AEO+%28120241407442320137%29,28,99.82000000000001,85.84000000000002,18
2026-06-13,Instagram+Installs,6746466099,Luma+ios_wvv_20260421_AEO_1+%286903634491915%29,9,121.86999999999999,117.88,13
2026-06-13,Instagram+Installs,6746466099,Luma+ios_zjc_20260502_AEO_1+%28120244337810030256%29,14,137.79999999999995,103.83999999999996,20
2026-06-13,Instagram+Installs,6746466099,Luma+ios_zjc_20260502_VO_ABO+%28120244401001560256%29,14,29.940000000000005,25.950000000000003,6
2026-06-13,Instagram+Installs,6746466099,Luma_ios_zmf_abo_0331_1+%286993503324612%29,17,29.940000000000005,25.950000000000003,6
2026-06-13,Instagram+Installs,6746466099,Luma_ios_zmf_abo_1220_2+%286945556930012%29,9,34.940000000000005,34.940000000000005,6
2026-06-13,Instagram+Installs,6746782904,0416-22-Romi-ios-VO-cbo-zm1+%286928215078844%29,8,3.99,3.99,1
2026-06-13,Instagram+Installs,6746782904,0425-Romi-ios-VO-cbo-zm1+%286929615678044%29,27,413.65000000000015,393.66000000000014,35
2026-06-13,Instagram+Installs,6746782904,3.14+AEOc+cbo+cyl+%28120241002174210475%29,111,971.6500000000011,783.9300000000009,135
2026-06-13,Instagram+Installs,6746782904,4.18+VOc+cyl+%28120242759838130475%29,22,259.78999999999996,111.82999999999997,21
2026-06-13,Instagram+Installs,6746782904,5.13+VOc+cyl+%28120244392044050475%29,22,77.89000000000001,73.9,11
2026-06-13,Instagram+Installs,6746782904,Romi+iOS_MCY_0603_VO+%28120245984907200098%29,18,174.72,146.75999999999996,28
2026-06-13,Instagram+Installs,6746782904,Romi+iOS_ZJC_260612_VO+%28120246406328290055%29,1,0,0,0
2026-06-13,Instagram+Installs,6746782904,Romi+iOS_syh_260416_AEO+%28120242387409150055%29,28,198.69000000000008,152.76000000000002,31
2026-06-13,Instagram+Installs,6746782904,Romi+iOS_syh_260416_VO+%28120242388498510055%29,98,1476.590000000001,1035.8900000000008,141
2026-06-13,Instagram+Installs,6746782904,Romi_ios_zmf_purchase_abo_0528_1+%28120252900813130151%29,15,71.82000000000002,39.90000000000001,18
2026-06-13,Instagram+Installs,6746782904,Romi_ios_zmf_purchase_abo_0611_1+%28120254040817130151%29,12,3.99,3.99,1
2026-06-13,Instagram+Installs,6746782904,Romi_ios_zmf_vo_cbo_0319_2+%28120243482931960228%29,4,0,0,0
2026-06-13,Instagram+Installs,6746782904,Romi_ios_zmf_vo_cbo_0325_1+%28120243690432680228%29,2,0,0,0
2026-06-13,Off-Facebook+Installs,6746466099,0219_Luma_iOS_AEO_MCY+%286866373524315%29,1,0,0,0
2026-06-13,Off-Facebook+Installs,6746466099,1230_Luma_iOS_AEO_MCY+%286848133765315%29,1,25.950000000000003,25.950000000000003,5
2026-06-13,Off-Facebook+Installs,6746466099,Luma+iOS_syh_260422_AEO+%28120241407442320137%29,1,0,0,0
2026-06-13,Off-Facebook+Installs,6746466099,Luma+ios_zjc_20260502_AEO_1+%28120244337810030256%29,1,0,0,0
2026-06-13,Off-Facebook+Installs,6746782904,3.14+AEOc+cbo+cyl+%28120241002174210475%29,7,15.96,15.96,4
2026-06-13,Off-Facebook+Installs,6746782904,Romi+iOS_syh_260416_AEO+%28120242387409150055%29,15,26.96,11.97,4
2026-06-13,Off-Facebook+Installs,6746782904,Romi+iOS_syh_260416_VO+%28120242388498510055%29,1,0,0,0
2026-06-13,Off-Facebook+Installs,6746782904,Romi_ios_zmf_purchase_abo_0528_1+%28120252900813130151%29,1,0,0,0
2026-06-13,TikTok+SAN,6746466099,0509-lhtt-Luma+25-%2F%2Fs%2B%2B+vo+%281864606132513969%29,21,67.91000000000001,67.91000000000001,9
2026-06-13,TikTok+SAN,6746466099,Luma_ios_wcx_aeo_0120_smart_02+%281854728351163506%29,92,286.50000000000017,258.54000000000013,50
2026-06-13,TikTok+SAN,6746466099,Luma_ios_wcx_aeo_0612_smart_3+%281867697912202466%29,19,152.82999999999998,132.84999999999997,17
2026-06-13,TikTok+SAN,6746466099,Luma_ios_wcx_aeo_0613_smart_3+%281867787871432017%29,5,0,0,0
2026-06-13,TikTok+SAN,6746466099,Luma_ios_wcx_aeo_0614_smart_5+%281867787968697410%29,3,0,0,0
2026-06-13,TikTok+SAN,6746466099,Luma_ios_wcx_aeo_1119_smart++%281849118725316657%29,317,1353.0200000000016,1189.2400000000014,198
2026-06-13,TikTok+SAN,6746466099,Luma_ios_wcx_aeo_1225_smart++%281852385308106114%29,91,263.5600000000002,251.59000000000017,44
2026-06-13,TikTok+SAN,6746466099,Luma_ios_zmf_0408_smart_purchase_01+%281861791826664593%29,16,167.80000000000004,133.86999999999998,20
2026-06-13,TikTok+SAN,6746466099,Luma_ios_zmf_0530_smart_purchase_02+%281866502530364481%29,18,93.85,71.89000000000001,15
2026-06-13,TikTok+SAN,6746466099,Luma_ios_zmf_0609_smart_purchase_02+%281867423599479809%29,7,39.90000000000001,27.930000000000007,10
2026-06-13,TikTok+SAN,6746466099,Luma_ios_zmf_0613_smart_purchase_01+%281867778011925618%29,32,93.85,93.85,15
2026-06-14,Facebook+Installs,6746466099,0219_Luma_iOS_AEO_MCY+%286866373524315%29,13,85.88,55.940000000000005,12
2026-06-14,Facebook+Installs,6746466099,0407_Luma_iOS_AEO_MCY+%286894235051515%29,6,32.96,32.96,4
2026-06-14,Facebook+Installs,6746466099,0408_Luma_iOS_AEO_MCY+%286894809601315%29,19,47.91000000000001,47.91000000000001,9
2026-06-14,Facebook+Installs,6746466099,0417-2-Luma-ios-VO-cbo-zm1+%286939989053243%29,17,33.98,33.98,2
2026-06-14,Facebook+Installs,6746466099,0423-1-Luma-ios-VO-cbo-zm1+%286944142889643%29,33,314.75000000000006,314.75000000000006,25
2026-06-14,Facebook+Installs,6746466099,0610-Luma-ymt%2Fff+%28120247242075840256%29,79,134.78999999999996,134.78999999999996,21
2026-06-14,Facebook+Installs,6746466099,1230_Luma_iOS_AEO_MCY+%286848133765315%29,15,155.83999999999995,155.83999999999995,16
2026-06-14,Facebook+Installs,6746466099,Luma+iOS_cy1_260529_aeo+%28120246299865950256%29,1,0,0,0
2026-06-14,Facebook+Installs,6746466099,Luma+iOS_cy1_260611_aeo+%28120247409915930256%29,3,33.93000000000001,33.93000000000001,7
2026-06-14,Facebook+Installs,6746466099,Luma+iOS_syh_260422_AEO+%28120241407442320137%29,53,173.82000000000008,169.83000000000007,18
2026-06-14,Facebook+Installs,6746466099,Luma+ios_wvv_20260421_AEO_1+%286903634491915%29,11,15.96,15.96,4
2026-06-14,Facebook+Installs,6746466099,Luma+ios_wvv_20260614_VO+%286942858038315%29,2,9.99,9.99,1
2026-06-14,Facebook+Installs,6746466099,Luma+ios_zjc_20260502_AEO_1+%28120244337810030256%29,19,57.95,57.95,5
2026-06-14,Facebook+Installs,6746466099,Luma+ios_zjc_20260502_VO_ABO+%28120244401001560256%29,10,225.89000000000001,165.9,11
2026-06-14,Facebook+Installs,6746466099,Luma_ios_zmf_abo_0331_1+%286993503324612%29,39,166.76999999999995,122.79999999999994,23
2026-06-14,Facebook+Installs,6746466099,Luma_ios_zmf_abo_1220_2+%286945556930012%29,28,195.78,195.78,22
2026-06-14,Facebook+Installs,6746782904,0416-22-Romi-ios-VO-cbo-zm1+%286928215078844%29,14,104.83999999999999,104.83999999999999,16
2026-06-14,Facebook+Installs,6746782904,0425-Romi-ios-VO-cbo-zm1+%286929615678044%29,6,57.94999999999999,57.94999999999999,5
2026-06-14,Facebook+Installs,6746782904,0513-Romi-ios-AEO-abo-zm1+%286941788247044%29,68,467.44000000000034,409.5000000000003,56
2026-06-14,Facebook+Installs,6746782904,3.14+AEOc+cbo+cyl+%28120241002174210475%29,135,560.1200000000006,552.1400000000006,88
2026-06-14,Facebook+Installs,6746782904,4.18+VOc+cyl+%28120242759838130475%29,40,351.79000000000013,341.8000000000001,21
2026-06-14,Facebook+Installs,6746782904,5.13+VOc+cyl+%28120244392044050475%29,47,273.64000000000004,273.64000000000004,36
2026-06-14,Facebook+Installs,6746782904,Romi+iOS_MCY_0603_VO+%28120245984907200098%29,9,11.97,11.97,3
2026-06-14,Facebook+Installs,6746782904,Romi+iOS_ZJC_260613_VO+%28120246485103460055%29,3,0,0,0
2026-06-14,Facebook+Installs,6746782904,Romi+iOS_syh_260416_AEO+%28120242387409150055%29,45,235.7000000000001,235.7000000000001,30
2026-06-14,Facebook+Installs,6746782904,Romi+iOS_syh_260416_VO+%28120242388498510055%29,168,1272.1600000000014,1240.2400000000014,184
2026-06-14,Facebook+Installs,6746782904,Romi+ios_wvv_260501_vo_1+%28120243842848770517%29,41,333.56000000000023,289.6000000000002,44
2026-06-14,Facebook+Installs,6746782904,Romi_ios_wcx_purchase_abo_0602+%28120238248406890517%29,103,650.2700000000006,620.2900000000005,73
2026-06-14,Facebook+Installs,6746782904,Romi_ios_wcx_purchase_vo_0605+%28120242152656890517%29,33,516.3600000000005,504.39000000000044,64
2026-06-14,Facebook+Installs,6746782904,Romi_ios_zmf_purchase_abo_0528_1+%28120252900813130151%29,15,15.96,15.96,4
2026-06-14,Facebook+Installs,6746782904,Romi_ios_zmf_purchase_abo_0611_1+%28120254040817130151%29,15,95.78999999999999,95.78999999999999,21
2026-06-14,Facebook+Installs,6746782904,Romi_ios_zmf_vo_cbo_0319_2+%28120243482931960228%29,41,611.4400000000004,571.4500000000004,56
2026-06-14,Facebook+Installs,6746782904,Romi_ios_zmf_vo_cbo_0325_1+%28120243690432680228%29,9,139.72999999999993,139.72999999999993,27
2026-06-14,Instagram+Installs,6746466099,0219_Luma_iOS_AEO_MCY+%286866373524315%29,6,23.940000000000005,23.940000000000005,6
2026-06-14,Instagram+Installs,6746466099,0407_Luma_iOS_AEO_MCY+%286894235051515%29,3,3.99,3.99,1
2026-06-14,Instagram+Installs,6746466099,0408_Luma_iOS_AEO_MCY+%286894809601315%29,17,496.7200000000002,456.7300000000002,28
2026-06-14,Instagram+Installs,6746466099,0417-2-Luma-ios-VO-cbo-zm1+%286939989053243%29,9,93.97,93.97,3
2026-06-14,Instagram+Installs,6746466099,0423-1-Luma-ios-VO-cbo-zm1+%286944142889643%29,15,7.98,7.98,2
2026-06-14,Instagram+Installs,6746466099,0610-Luma-ymt%2Fff+%28120247242075840256%29,25,160.92000000000002,160.92000000000002,8
2026-06-14,Instagram+Installs,6746466099,1230_Luma_iOS_AEO_MCY+%286848133765315%29,6,7.98,7.98,2
2026-06-14,Instagram+Installs,6746466099,Luma+iOS_cy1_260529_aeo+%28120246299865950256%29,10,56.90000000000001,56.90000000000001,10
2026-06-14,Instagram+Installs,6746466099,Luma+iOS_cy1_260611_aeo+%28120247409915930256%29,8,52.95,52.95,5
2026-06-14,Instagram+Installs,6746466099,Luma+iOS_syh_260422_AEO+%28120241407442320137%29,37,269.72,261.74,28
2026-06-14,Instagram+Installs,6746466099,Luma+ios_wvv_20260421_AEO_1+%286903634491915%29,8,0,0,0
2026-06-14,Instagram+Installs,6746466099,Luma+ios_wvv_20260614_VO+%286942858038315%29,5,3.99,3.99,1
2026-06-14,Instagram+Installs,6746466099,Luma+ios_zjc_20260502_AEO_1+%28120244337810030256%29,25,142.72999999999996,142.72999999999996,27
2026-06-14,Instagram+Installs,6746466099,Luma+ios_zjc_20260502_VO_ABO+%28120244401001560256%29,14,120.85,120.85,15
2026-06-14,Instagram+Installs,6746466099,Luma_ios_zmf_abo_0331_1+%286993503324612%29,19,58.92000000000001,58.92000000000001,8
2026-06-14,Instagram+Installs,6746466099,Luma_ios_zmf_abo_1220_2+%286945556930012%29,9,7.98,7.98,2
2026-06-14,Instagram+Installs,6746782904,0416-22-Romi-ios-VO-cbo-zm1+%286928215078844%29,8,3.99,3.99,1
2026-06-14,Instagram+Installs,6746782904,0425-Romi-ios-VO-cbo-zm1+%286929615678044%29,33,188.82000000000005,174.84000000000003,18
2026-06-14,Instagram+Installs,6746782904,3.14+AEOc+cbo+cyl+%28120241002174210475%29,156,1006.3900000000012,990.4300000000012,161
2026-06-14,Instagram+Installs,6746782904,4.18+VOc+cyl+%28120242759838130475%29,33,364.65000000000003,364.65000000000003,35
2026-06-14,Instagram+Installs,6746782904,5.13+VOc+cyl+%28120244392044050475%29,26,181.66000000000003,181.66000000000003,34
2026-06-14,Instagram+Installs,6746782904,Romi+iOS_MCY_0603_VO+%28120245984907200098%29,38,284.75000000000006,284.75000000000006,25
2026-06-14,Instagram+Installs,6746782904,Romi+iOS_ZJC_260613_VO+%28120246485103460055%29,4,0,0,0
2026-06-14,Instagram+Installs,6746782904,Romi+iOS_syh_260416_AEO+%28120242387409150055%29,23,121.77999999999994,121.77999999999994,22
2026-06-14,Instagram+Installs,6746782904,Romi+iOS_syh_260416_VO+%28120242388498510055%29,120,1292.9100000000008,1272.9600000000007,109
2026-06-14,Instagram+Installs,6746782904,Romi_ios_zmf_purchase_abo_0528_1+%28120252900813130151%29,13,125.83999999999996,125.83999999999996,16
2026-06-14,Instagram+Installs,6746782904,Romi_ios_zmf_purchase_abo_0611_1+%28120254040817130151%29,11,55.86000000000002,55.86000000000002,14
2026-06-14,Instagram+Installs,6746782904,Romi_ios_zmf_vo_cbo_0319_2+%28120243482931960228%29,16,125.79999999999997,125.79999999999997,20
2026-06-14,Instagram+Installs,6746782904,Romi_ios_zmf_vo_cbo_0325_1+%28120243690432680228%29,6,35.95,35.95,5
2026-06-14,Off-Facebook+Installs,6746466099,Luma+ios_zjc_20260502_AEO_1+%28120244337810030256%29,1,0,0,0
2026-06-14,Off-Facebook+Installs,6746782904,3.14+AEOc+cbo+cyl+%28120241002174210475%29,1,0,0,0
2026-06-14,Off-Facebook+Installs,6746782904,Romi+iOS_syh_260416_AEO+%28120242387409150055%29,7,0,0,0
2026-06-14,Off-Facebook+Installs,6746782904,Romi_ios_wcx_purchase_abo_0602+%28120238248406890517%29,2,11.97,11.97,3
2026-06-14,Off-Facebook+Installs,6746782904,Romi_ios_zmf_purchase_abo_0528_1+%28120252900813130151%29,1,0,0,0
2026-06-14,TikTok+SAN,6746466099,0509-lhtt-Luma+25-%2F%2Fs%2B%2B+vo+%281864606132513969%29,25,15.96,15.96,4
2026-06-14,TikTok+SAN,6746466099,0611-1-TT-Luma-AEO-zm1+%281867599330254050%29,1,3.99,3.99,1
2026-06-14,TikTok+SAN,6746466099,0611-lhtt-Luma+-%2F%2Fsearch+02+%281867593340679345%29,2,3.99,3.99,1
2026-06-14,TikTok+SAN,6746466099,Luma+ios_wvv_20260614_vo_cc_+%281867883252923458%29,4,18.98,18.98,2
2026-06-14,TikTok+SAN,6746466099,Luma+ios_wvv_20260614_vo_cc_1+%281867883268695105%29,22,143.84,125.86999999999999,16
2026-06-14,TikTok+SAN,6746466099,Luma_ios_wcx_aeo_0120_smart_02+%281854728351163506%29,67,288.5100000000002,288.5100000000002,49
2026-06-14,TikTok+SAN,6746466099,Luma_ios_wcx_aeo_0612_smart_3+%281867697912202466%29,14,81.91,81.91,9
2026-06-14,TikTok+SAN,6746466099,Luma_ios_wcx_aeo_1119_smart++%281849118725316657%29,193,843.710000000001,789.8300000000008,129
2026-06-14,TikTok+SAN,6746466099,Luma_ios_wcx_aeo_1225_smart++%281852385308106114%29,102,579.2900000000005,560.3100000000005,71
2026-06-14,TikTok+SAN,6746466099,Luma_ios_zmf_0408_smart_purchase_01+%281861791826664593%29,15,64.92999999999999,64.92999999999999,7
2026-06-14,TikTok+SAN,6746466099,Luma_ios_zmf_0530_smart_purchase_02+%281866502530364481%29,8,181.90000000000003,181.90000000000003,10
2026-06-14,TikTok+SAN,6746466099,Luma_ios_zmf_0609_smart_purchase_02+%281867423599479809%29,10,26.96,26.96,4
2026-06-14,TikTok+SAN,6746466099,Luma_ios_zmf_0613_smart_purchase_01+%281867778011925618%29,30,82.82,78.83,18
2026-06-15,Facebook+Installs,6746466099,0219_Luma_iOS_AEO_MCY+%286866373524315%29,3,0,0,0
2026-06-15,Facebook+Installs,6746466099,0407_Luma_iOS_AEO_MCY+%286894235051515%29,2,0,0,0
2026-06-15,Facebook+Installs,6746466099,0408_Luma_iOS_AEO_MCY+%286894809601315%29,5,0,0,0
2026-06-15,Facebook+Installs,6746466099,0417-2-Luma-ios-VO-cbo-zm1+%286939989053243%29,15,0,0,0
2026-06-15,Facebook+Installs,6746466099,0423-1-Luma-ios-VO-cbo-zm1+%286944142889643%29,30,41.96,41.96,4
2026-06-15,Facebook+Installs,6746466099,0610-Luma-ymt%2Fff+%28120247242075840256%29,27,11.97,11.97,3
2026-06-15,Facebook+Installs,6746466099,1230_Luma_iOS_AEO_MCY+%286848133765315%29,8,35.940000000000005,35.940000000000005,6
2026-06-15,Facebook+Installs,6746466099,Luma+iOS_cy1_260529_aeo+%28120246299865950256%29,2,0,0,0
2026-06-15,Facebook+Installs,6746466099,Luma+iOS_cy1_260611_aeo+%28120247409915930256%29,1,0,0,0
2026-06-15,Facebook+Installs,6746466099,Luma+iOS_syh_260422_AEO+%28120241407442320137%29,32,61.940000000000005,61.940000000000005,6
2026-06-15,Facebook+Installs,6746466099,Luma+ios_wvv_20260421_AEO_1+%286903634491915%29,5,0,0,0
2026-06-15,Facebook+Installs,6746466099,Luma+ios_wvv_20260614_VO+%286942858038315%29,4,0,0,0
2026-06-15,Facebook+Installs,6746466099,Luma+ios_zjc_20260502_AEO_1+%28120244337810030256%29,11,28.97,28.97,3
2026-06-15,Facebook+Installs,6746466099,Luma+ios_zjc_20260502_VO_ABO+%28120244401001560256%29,11,58.91000000000001,58.91000000000001,9
2026-06-15,Facebook+Installs,6746466099,Luma_ios_zmf_abo_0331_1+%286993503324612%29,16,46.940000000000005,46.940000000000005,6
2026-06-15,Facebook+Installs,6746466099,Luma_ios_zmf_abo_1220_2+%286945556930012%29,8,11.97,11.97,3
2026-06-15,Facebook+Installs,6746782904,0416-22-Romi-ios-VO-cbo-zm1+%286928215078844%29,9,18.98,18.98,2
2026-06-15,Facebook+Installs,6746782904,0425-Romi-ios-VO-cbo-zm1+%286929615678044%29,2,35.91000000000001,35.91000000000001,9
2026-06-15,Facebook+Installs,6746782904,0513-Romi-ios-AEO-abo-zm1+%286941788247044%29,39,124.79999999999997,124.79999999999997,20
2026-06-15,Facebook+Installs,6746782904,3.14+AEOc+cbo+cyl+%28120241002174210475%29,49,196.69000000000005,196.69000000000005,31
2026-06-15,Facebook+Installs,6746782904,4.18+VOc+cyl+%28120242759838130475%29,21,318.66000000000014,318.66000000000014,34
2026-06-15,Facebook+Installs,6746782904,5.13+VOc+cyl+%28120244392044050475%29,39,280.78000000000003,280.78000000000003,22
2026-06-15,Facebook+Installs,6746782904,Romi+iOS_MCY_0603_VO+%28120245984907200098%29,6,21.96,21.96,4
2026-06-15,Facebook+Installs,6746782904,Romi+iOS_syh_260416_AEO+%28120242387409150055%29,29,55.93,55.93,7
2026-06-15,Facebook+Installs,6746782904,Romi+iOS_syh_260416_VO+%28120242388498510055%29,83,427.4400000000003,427.4400000000003,56
2026-06-15,Facebook+Installs,6746782904,Romi+ios_wvv_260501_vo_1+%28120243842848770517%29,26,13.98,13.98,2
2026-06-15,Facebook+Installs,6746782904,Romi_ios_wcx_purchase_abo_0602+%28120238248406890517%29,55,251.74000000000007,251.74000000000007,26
2026-06-15,Facebook+Installs,6746782904,Romi_ios_wcx_purchase_vo_0605+%28120242152656890517%29,30,127.81999999999995,127.81999999999995,18
2026-06-15,Facebook+Installs,6746782904,Romi_ios_zmf_purchase_abo_0528_1+%28120252900813130151%29,10,43.93,43.93,7
2026-06-15,Facebook+Installs,6746782904,Romi_ios_zmf_purchase_abo_0611_1+%28120254040817130151%29,7,0,0,0
2026-06-15,Facebook+Installs,6746782904,Romi_ios_zmf_vo_cbo_0319_2+%28120243482931960228%29,24,84.90999999999998,84.90999999999998,9
2026-06-15,Facebook+Installs,6746782904,Romi_ios_zmf_vo_cbo_0325_1+%28120243690432680228%29,6,57.95,57.95,5
2026-06-15,Instagram+Installs,6746466099,0219_Luma_iOS_AEO_MCY+%286866373524315%29,3,0,0,0
2026-06-15,Instagram+Installs,6746466099,0407_Luma_iOS_AEO_MCY+%286894235051515%29,3,22.97,22.97,3
2026-06-15,Instagram+Installs,6746466099,0408_Luma_iOS_AEO_MCY+%286894809601315%29,8,14.99,14.99,1
2026-06-15,Instagram+Installs,6746466099,0417-2-Luma-ios-VO-cbo-zm1+%286939989053243%29,9,56.940000000000005,56.940000000000005,6
2026-06-15,Instagram+Installs,6746466099,0423-1-Luma-ios-VO-cbo-zm1+%286944142889643%29,13,203.90999999999997,203.90999999999997,9
2026-06-15,Instagram+Installs,6746466099,0610-Luma-ymt%2Fff+%28120247242075840256%29,12,23.979999999999997,23.979999999999997,2
2026-06-15,Instagram+Installs,6746466099,Luma+iOS_cy1_260529_aeo+%28120246299865950256%29,2,0,0,0
2026-06-15,Instagram+Installs,6746466099,Luma+iOS_cy1_260611_aeo+%28120247409915930256%29,3,0,0,0
2026-06-15,Instagram+Installs,6746466099,Luma+iOS_syh_260422_AEO+%28120241407442320137%29,14,76.9,76.9,10
2026-06-15,Instagram+Installs,6746466099,Luma+ios_wvv_20260421_AEO_1+%286903634491915%29,7,3.99,3.99,1
2026-06-15,Instagram+Installs,6746466099,Luma+ios_wvv_20260614_VO+%286942858038315%29,1,0,0,0
2026-06-15,Instagram+Installs,6746466099,Luma+ios_zjc_20260502_AEO_1+%28120244337810030256%29,18,37.97,37.97,3
2026-06-15,Instagram+Installs,6746466099,Luma+ios_zjc_20260502_VO_ABO+%28120244401001560256%29,9,49.92000000000001,49.92000000000001,8
2026-06-15,Instagram+Installs,6746466099,Luma_ios_zmf_abo_0331_1+%286993503324612%29,7,32.96,32.96,4
2026-06-15,Instagram+Installs,6746466099,Luma_ios_zmf_abo_1220_2+%286945556930012%29,7,3.99,3.99,1
2026-06-15,Instagram+Installs,6746782904,0416-22-Romi-ios-VO-cbo-zm1+%286928215078844%29,13,51.940000000000005,51.940000000000005,6
2026-06-15,Instagram+Installs,6746782904,0425-Romi-ios-VO-cbo-zm1+%286929615678044%29,16,40.940000000000005,40.940000000000005,6
2026-06-15,Instagram+Installs,6746782904,3.14+AEOc+cbo+cyl+%28120241002174210475%29,68,157.77,157.77,23
2026-06-15,Instagram+Installs,6746782904,4.18+VOc+cyl+%28120242759838130475%29,26,327.5900000000002,327.5900000000002,41
2026-06-15,Instagram+Installs,6746782904,5.13+VOc+cyl+%28120244392044050475%29,29,382.49000000000035,382.49000000000035,51
2026-06-15,Instagram+Installs,6746782904,Romi+iOS_MCY_0603_VO+%28120245984907200098%29,18,19.950000000000003,19.950000000000003,5
2026-06-15,Instagram+Installs,6746782904,Romi+iOS_ZJC_260614_VO+%28120245996855580543%29,1,0,0,0
2026-06-15,Instagram+Installs,6746782904,Romi+iOS_syh_260416_AEO+%28120242387409150055%29,11,13.98,13.98,2
2026-06-15,Instagram+Installs,6746782904,Romi+iOS_syh_260416_VO+%28120242388498510055%29,43,315.6800000000001,315.6800000000001,32
2026-06-15,Instagram+Installs,6746782904,Romi_ios_zmf_purchase_abo_0528_1+%28120252900813130151%29,6,30.950000000000003,30.950000000000003,5
2026-06-15,Instagram+Installs,6746782904,Romi_ios_zmf_purchase_abo_0611_1+%28120254040817130151%29,10,18.98,18.98,2
2026-06-15,Instagram+Installs,6746782904,Romi_ios_zmf_vo_cbo_0319_2+%28120243482931960228%29,11,199.87000000000006,199.87000000000006,13
2026-06-15,Instagram+Installs,6746782904,Romi_ios_zmf_vo_cbo_0325_1+%28120243690432680228%29,2,23.979999999999997,23.979999999999997,2
2026-06-15,Off-Facebook+Installs,6746782904,3.14+AEOc+cbo+cyl+%28120241002174210475%29,4,0,0,0
2026-06-15,Off-Facebook+Installs,6746782904,Romi+iOS_syh_260416_VO+%28120242388498510055%29,1,0,0,0
2026-06-15,TikTok+SAN,6746466099,0509-lhtt-Luma+25-%2F%2Fs%2B%2B+vo+%281864606132513969%29,4,17.97,17.97,3
2026-06-15,TikTok+SAN,6746466099,0611-lhtt-Luma+-%2F%2Fsearch+02+%281867593340679345%29,1,0,0,0
2026-06-15,TikTok+SAN,6746466099,Luma+ios_wvv_20260614_vo_cc_+%281867883252923458%29,2,3.99,3.99,1
2026-06-15,TikTok+SAN,6746466099,Luma+ios_wvv_20260614_vo_cc_1+%281867883268695105%29,17,11.97,11.97,3
2026-06-15,TikTok+SAN,6746466099,Luma_ios_wcx_aeo_0120_smart_02+%281854728351163506%29,27,80.88,80.88,12
2026-06-15,TikTok+SAN,6746466099,Luma_ios_wcx_aeo_0612_smart_3+%281867697912202466%29,12,0,0,0
2026-06-15,TikTok+SAN,6746466099,Luma_ios_wcx_aeo_1119_smart++%281849118725316657%29,96,121.82999999999997,121.82999999999997,17
2026-06-15,TikTok+SAN,6746466099,Luma_ios_wcx_aeo_1225_smart++%281852385308106114%29,36,107.93999999999997,107.93999999999997,6
2026-06-15,TikTok+SAN,6746466099,Luma_ios_zmf_0408_smart_purchase_01+%281861791826664593%29,12,59.940000000000005,59.940000000000005,6
2026-06-15,TikTok+SAN,6746466099,Luma_ios_zmf_0530_smart_purchase_02+%281866502530364481%29,8,0,0,0
2026-06-15,TikTok+SAN,6746466099,Luma_ios_zmf_0609_smart_purchase_02+%281867423599479809%29,7,45.940000000000005,45.940000000000005,6
2026-06-15,TikTok+SAN,6746466099,Luma_ios_zmf_0613_smart_purchase_01+%281867778011925618%29,17,17.97,17.97,3
